[11-Oct-2025 16:29:48 Europe/Berlin] ATRAPABONO: Conexión a base de datos exitosa
[11-Oct-2025 16:29:48 Europe/Berlin] Error en login: Table 'atrapabono_db.users' doesn't exist in engine
[11-Oct-2025 16:31:41 Europe/Berlin] ATRAPABONO: Conexión a base de datos exitosa
[11-Oct-2025 16:31:41 Europe/Berlin] Error en login: Table 'atrapabono_db.users' doesn't exist in engine
[11-Oct-2025 16:33:08 Europe/Berlin] ATRAPABONO: Conexión a base de datos exitosa
[11-Oct-2025 16:33:08 Europe/Berlin] ATRAPABONO: Conexión a base de datos exitosa
[11-Oct-2025 16:33:09 Europe/Berlin] ATRAPABONO: Conexión a base de datos exitosa
[11-Oct-2025 16:33:09 Europe/Berlin] ATRAPABONO: Conexión a base de datos exitosa
[11-Oct-2025 16:33:11 Europe/Berlin] ATRAPABONO: Conexión a base de datos exitosa
[11-Oct-2025 16:33:11 Europe/Berlin] ATRAPABONO: Conexión a base de datos exitosa
[11-Oct-2025 16:33:16 Europe/Berlin] ATRAPABONO: Conexión a base de datos exitosa
[11-Oct-2025 16:33:16 Europe/Berlin] ATRAPABONO: Conexión a base de datos exitosa
[11-Oct-2025 16:33:16 Europe/Berlin] ATRAPABONO: Conexión a base de datos exitosa
[11-Oct-2025 16:33:16 Europe/Berlin] ATRAPABONO: Conexión a base de datos exitosa
[11-Oct-2025 16:33:16 Europe/Berlin] ATRAPABONO: Conexión a base de datos exitosa
[11-Oct-2025 16:33:16 Europe/Berlin] ATRAPABONO: Conexión a base de datos exitosa
[11-Oct-2025 16:33:16 Europe/Berlin] ATRAPABONO: Conexión a base de datos exitosa
[11-Oct-2025 16:33:16 Europe/Berlin] ATRAPABONO: Conexión a base de datos exitosa
[11-Oct-2025 16:33:17 Europe/Berlin] ATRAPABONO: Conexión a base de datos exitosa
[11-Oct-2025 16:33:17 Europe/Berlin] ATRAPABONO: Conexión a base de datos exitosa
[11-Oct-2025 16:33:22 Europe/Berlin] ATRAPABONO: Conexión a base de datos exitosa
[11-Oct-2025 16:33:22 Europe/Berlin] Error en login: Table 'atrapabono_db.users' doesn't exist in engine
[11-Oct-2025 16:52:34 Europe/Berlin] ATRAPABONO: Conexión a base de datos exitosa
[11-Oct-2025 17:01:41 Europe/Berlin] ATRAPABONO: Conexión a base de datos exitosa
[11-Oct-2025 17:01:41 Europe/Berlin] ATRAPABONO: Conexión a base de datos exitosa
[11-Oct-2025 17:01:42 Europe/Berlin] ATRAPABONO: Conexión a base de datos exitosa
[11-Oct-2025 17:01:42 Europe/Berlin] ATRAPABONO: Conexión a base de datos exitosa
[11-Oct-2025 17:01:43 Europe/Berlin] ATRAPABONO: Conexión a base de datos exitosa
[11-Oct-2025 17:01:43 Europe/Berlin] ATRAPABONO: Conexión a base de datos exitosa
[11-Oct-2025 17:01:43 Europe/Berlin] ATRAPABONO: Conexión a base de datos exitosa
[11-Oct-2025 17:01:43 Europe/Berlin] ATRAPABONO: Conexión a base de datos exitosa
[11-Oct-2025 17:01:43 Europe/Berlin] ATRAPABONO: Conexión a base de datos exitosa
[11-Oct-2025 17:01:43 Europe/Berlin] ATRAPABONO: Conexión a base de datos exitosa
[11-Oct-2025 17:01:43 Europe/Berlin] ATRAPABONO: Conexión a base de datos exitosa
[11-Oct-2025 17:01:43 Europe/Berlin] ATRAPABONO: Conexión a base de datos exitosa
[11-Oct-2025 17:01:44 Europe/Berlin] ATRAPABONO: Conexión a base de datos exitosa
[11-Oct-2025 17:01:44 Europe/Berlin] ATRAPABONO: Conexión a base de datos exitosa
[11-Oct-2025 17:01:44 Europe/Berlin] ATRAPABONO: Conexión a base de datos exitosa
[11-Oct-2025 17:01:44 Europe/Berlin] ATRAPABONO: Conexión a base de datos exitosa
[11-Oct-2025 17:01:46 Europe/Berlin] ATRAPABONO: Conexión a base de datos exitosa
[11-Oct-2025 17:01:46 Europe/Berlin] ATRAPABONO: Conexión a base de datos exitosa
[11-Oct-2025 17:01:46 Europe/Berlin] ATRAPABONO: Conexión a base de datos exitosa
[11-Oct-2025 17:01:46 Europe/Berlin] ATRAPABONO: Conexión a base de datos exitosa
[11-Oct-2025 17:01:46 Europe/Berlin] ATRAPABONO: Conexión a base de datos exitosa
[11-Oct-2025 17:01:46 Europe/Berlin] ATRAPABONO: Conexión a base de datos exitosa
[11-Oct-2025 17:01:46 Europe/Berlin] ATRAPABONO: Conexión a base de datos exitosa
[11-Oct-2025 17:01:46 Europe/Berlin] ATRAPABONO: Conexión a base de datos exitosa
[11-Oct-2025 17:01:47 Europe/Berlin] ATRAPABONO: Conexión a base de datos exitosa
[11-Oct-2025 17:01:47 Europe/Berlin] ATRAPABONO: Conexión a base de datos exitosa
[11-Oct-2025 17:01:47 Europe/Berlin] ATRAPABONO: Conexión a base de datos exitosa
[11-Oct-2025 17:01:47 Europe/Berlin] ATRAPABONO: Conexión a base de datos exitosa
[11-Oct-2025 17:02:03 Europe/Berlin] ATRAPABONO: Conexión a base de datos exitosa
[11-Oct-2025 17:02:03 Europe/Berlin] ATRAPABONO: Conexión a base de datos exitosa
[11-Oct-2025 17:02:07 Europe/Berlin] ATRAPABONO: Conexión a base de datos exitosa
[11-Oct-2025 17:02:07 Europe/Berlin] ATRAPABONO: Conexión a base de datos exitosa
[11-Oct-2025 17:03:44 Europe/Berlin] ATRAPABONO: Conexión a base de datos exitosa
[11-Oct-2025 17:03:44 Europe/Berlin] ATRAPABONO: Conexión a base de datos exitosa
[11-Oct-2025 17:03:59 Europe/Berlin] ATRAPABONO: Conexión a base de datos exitosa
[11-Oct-2025 17:05:21 Europe/Berlin] ATRAPABONO: Conexión a base de datos exitosa
[11-Oct-2025 17:06:19 Europe/Berlin] ATRAPABONO: Conexión a base de datos exitosa
[11-Oct-2025 17:06:26 Europe/Berlin] ATRAPABONO: Conexión a base de datos exitosa
[11-Oct-2025 17:06:26 Europe/Berlin] ATRAPABONO: Conexión a base de datos exitosa
[11-Oct-2025 17:06:26 Europe/Berlin] ATRAPABONO: Conexión a base de datos exitosa
[11-Oct-2025 17:06:26 Europe/Berlin] ATRAPABONO: Conexión a base de datos exitosa
[11-Oct-2025 17:07:17 Europe/Berlin] ATRAPABONO: Conexión a base de datos exitosa
[11-Oct-2025 17:08:13 Europe/Berlin] ATRAPABONO: Conexión a base de datos exitosa
[11-Oct-2025 17:08:14 Europe/Berlin] ATRAPABONO: Conexión a base de datos exitosa
[11-Oct-2025 17:09:10 Europe/Berlin] ATRAPABONO: Conexión a base de datos exitosa
[11-Oct-2025 17:09:10 Europe/Berlin] PHP Deprecated:  Constant FILTER_SANITIZE_STRING is deprecated in C:\xampp\htdocs\landing_atrapabono\services\account_request.php on line 18
[11-Oct-2025 17:09:10 Europe/Berlin] PHP Deprecated:  Constant FILTER_SANITIZE_STRING is deprecated in C:\xampp\htdocs\landing_atrapabono\services\account_request.php on line 20
[11-Oct-2025 17:09:10 Europe/Berlin] PHP Deprecated:  Constant FILTER_SANITIZE_STRING is deprecated in C:\xampp\htdocs\landing_atrapabono\services\account_request.php on line 21
[11-Oct-2025 17:09:10 Europe/Berlin] PHP Deprecated:  Constant FILTER_SANITIZE_STRING is deprecated in C:\xampp\htdocs\landing_atrapabono\services\account_request.php on line 22
[11-Oct-2025 17:09:10 Europe/Berlin] PHP Deprecated:  Constant FILTER_SANITIZE_STRING is deprecated in C:\xampp\htdocs\landing_atrapabono\services\account_request.php on line 23
[11-Oct-2025 17:09:10 Europe/Berlin] PHP Deprecated:  Constant FILTER_SANITIZE_STRING is deprecated in C:\xampp\htdocs\landing_atrapabono\services\account_request.php on line 24
[11-Oct-2025 17:09:51 Europe/Berlin] ATRAPABONO: Conexión a base de datos exitosa
[11-Oct-2025 17:09:51 Europe/Berlin] PHP Deprecated:  Constant FILTER_SANITIZE_STRING is deprecated in C:\xampp\htdocs\landing_atrapabono\services\account_request.php on line 18
[11-Oct-2025 17:09:51 Europe/Berlin] PHP Deprecated:  Constant FILTER_SANITIZE_STRING is deprecated in C:\xampp\htdocs\landing_atrapabono\services\account_request.php on line 20
[11-Oct-2025 17:09:51 Europe/Berlin] PHP Deprecated:  Constant FILTER_SANITIZE_STRING is deprecated in C:\xampp\htdocs\landing_atrapabono\services\account_request.php on line 21
[11-Oct-2025 17:09:51 Europe/Berlin] PHP Deprecated:  Constant FILTER_SANITIZE_STRING is deprecated in C:\xampp\htdocs\landing_atrapabono\services\account_request.php on line 22
[11-Oct-2025 17:09:51 Europe/Berlin] PHP Deprecated:  Constant FILTER_SANITIZE_STRING is deprecated in C:\xampp\htdocs\landing_atrapabono\services\account_request.php on line 23
[11-Oct-2025 17:09:51 Europe/Berlin] PHP Deprecated:  Constant FILTER_SANITIZE_STRING is deprecated in C:\xampp\htdocs\landing_atrapabono\services\account_request.php on line 24
[11-Oct-2025 17:10:29 Europe/Berlin] ATRAPABONO: Conexión a base de datos exitosa
[11-Oct-2025 17:11:06 Europe/Berlin] ATRAPABONO: Conexión a base de datos exitosa
[11-Oct-2025 17:11:35 Europe/Berlin] ATRAPABONO: Conexión a base de datos exitosa
[11-Oct-2025 17:12:58 Europe/Berlin] ATRAPABONO: Conexión a base de datos exitosa
[11-Oct-2025 17:13:01 Europe/Berlin] ATRAPABONO: Conexión a base de datos exitosa
[11-Oct-2025 17:13:05 Europe/Berlin] ATRAPABONO: Conexión a base de datos exitosa
[11-Oct-2025 17:14:22 Europe/Berlin] ATRAPABONO: Conexión a base de datos exitosa
[11-Oct-2025 17:14:23 Europe/Berlin] ATRAPABONO: Conexión a base de datos exitosa
[11-Oct-2025 17:14:44 Europe/Berlin] ATRAPABONO: Conexión a base de datos exitosa
[11-Oct-2025 17:14:44 Europe/Berlin] ATRAPABONO: Conexión a base de datos exitosa
[11-Oct-2025 17:14:44 Europe/Berlin] ATRAPABONO: Conexión a base de datos exitosa
[11-Oct-2025 17:14:44 Europe/Berlin] ATRAPABONO: Conexión a base de datos exitosa
[11-Oct-2025 17:14:44 Europe/Berlin] ATRAPABONO: Conexión a base de datos exitosa
[11-Oct-2025 17:14:48 Europe/Berlin] ATRAPABONO: Conexión a base de datos exitosa
[11-Oct-2025 17:14:48 Europe/Berlin] ATRAPABONO: Conexión a base de datos exitosa
[11-Oct-2025 17:14:49 Europe/Berlin] ATRAPABONO: Conexión a base de datos exitosa
[11-Oct-2025 17:14:49 Europe/Berlin] ATRAPABONO: Conexión a base de datos exitosa
[11-Oct-2025 17:15:07 Europe/Berlin] ATRAPABONO: Conexión a base de datos exitosa
[11-Oct-2025 17:15:07 Europe/Berlin] ATRAPABONO: Conexión a base de datos exitosa
[11-Oct-2025 17:15:07 Europe/Berlin] ATRAPABONO: Conexión a base de datos exitosa
[11-Oct-2025 17:15:07 Europe/Berlin] ATRAPABONO: Conexión a base de datos exitosa
[11-Oct-2025 17:15:07 Europe/Berlin] ATRAPABONO: Conexión a base de datos exitosa
[11-Oct-2025 17:15:11 Europe/Berlin] ATRAPABONO: Conexión a base de datos exitosa
[11-Oct-2025 17:15:11 Europe/Berlin] ATRAPABONO: Conexión a base de datos exitosa
[11-Oct-2025 17:15:11 Europe/Berlin] ATRAPABONO: Conexión a base de datos exitosa
[11-Oct-2025 17:15:11 Europe/Berlin] ATRAPABONO: Conexión a base de datos exitosa
[11-Oct-2025 17:15:11 Europe/Berlin] ATRAPABONO: Conexión a base de datos exitosa
[11-Oct-2025 17:15:13 Europe/Berlin] ATRAPABONO: Conexión a base de datos exitosa
[11-Oct-2025 17:15:13 Europe/Berlin] ATRAPABONO: Conexión a base de datos exitosa
[11-Oct-2025 17:15:13 Europe/Berlin] ATRAPABONO: Conexión a base de datos exitosa
[11-Oct-2025 17:15:13 Europe/Berlin] ATRAPABONO: Conexión a base de datos exitosa
[11-Oct-2025 17:15:13 Europe/Berlin] ATRAPABONO: Conexión a base de datos exitosa
[11-Oct-2025 17:15:15 Europe/Berlin] ATRAPABONO: Conexión a base de datos exitosa
[11-Oct-2025 17:15:15 Europe/Berlin] ATRAPABONO: Conexión a base de datos exitosa
[11-Oct-2025 17:15:15 Europe/Berlin] ATRAPABONO: Conexión a base de datos exitosa
[11-Oct-2025 17:15:15 Europe/Berlin] ATRAPABONO: Conexión a base de datos exitosa
[11-Oct-2025 17:15:15 Europe/Berlin] ATRAPABONO: Conexión a base de datos exitosa
[11-Oct-2025 17:15:15 Europe/Berlin] ATRAPABONO: Conexión a base de datos exitosa
[11-Oct-2025 17:15:15 Europe/Berlin] ATRAPABONO: Conexión a base de datos exitosa
[11-Oct-2025 17:15:15 Europe/Berlin] ATRAPABONO: Conexión a base de datos exitosa
[11-Oct-2025 17:15:15 Europe/Berlin] ATRAPABONO: Conexión a base de datos exitosa
[11-Oct-2025 17:15:15 Europe/Berlin] ATRAPABONO: Conexión a base de datos exitosa
[11-Oct-2025 17:15:15 Europe/Berlin] ATRAPABONO: Conexión a base de datos exitosa
[11-Oct-2025 17:15:15 Europe/Berlin] ATRAPABONO: Conexión a base de datos exitosa
[11-Oct-2025 17:15:15 Europe/Berlin] ATRAPABONO: Conexión a base de datos exitosa
[11-Oct-2025 17:15:15 Europe/Berlin] ATRAPABONO: Conexión a base de datos exitosa
[11-Oct-2025 17:15:15 Europe/Berlin] ATRAPABONO: Conexión a base de datos exitosa
[11-Oct-2025 17:15:15 Europe/Berlin] ATRAPABONO: Conexión a base de datos exitosa
[11-Oct-2025 17:15:15 Europe/Berlin] ATRAPABONO: Conexión a base de datos exitosa
[11-Oct-2025 17:15:15 Europe/Berlin] ATRAPABONO: Conexión a base de datos exitosa
[11-Oct-2025 17:15:15 Europe/Berlin] ATRAPABONO: Conexión a base de datos exitosa
[11-Oct-2025 17:15:15 Europe/Berlin] ATRAPABONO: Conexión a base de datos exitosa
[11-Oct-2025 17:15:16 Europe/Berlin] ATRAPABONO: Conexión a base de datos exitosa
[11-Oct-2025 17:15:16 Europe/Berlin] ATRAPABONO: Conexión a base de datos exitosa
[11-Oct-2025 17:15:16 Europe/Berlin] ATRAPABONO: Conexión a base de datos exitosa
[11-Oct-2025 17:15:16 Europe/Berlin] ATRAPABONO: Conexión a base de datos exitosa
[11-Oct-2025 17:15:16 Europe/Berlin] ATRAPABONO: Conexión a base de datos exitosa
[11-Oct-2025 17:15:16 Europe/Berlin] ATRAPABONO: Conexión a base de datos exitosa
[11-Oct-2025 17:15:16 Europe/Berlin] ATRAPABONO: Conexión a base de datos exitosa
[11-Oct-2025 17:15:16 Europe/Berlin] ATRAPABONO: Conexión a base de datos exitosa
[11-Oct-2025 17:15:16 Europe/Berlin] ATRAPABONO: Conexión a base de datos exitosa
[11-Oct-2025 17:15:16 Europe/Berlin] ATRAPABONO: Conexión a base de datos exitosa
[11-Oct-2025 17:15:16 Europe/Berlin] ATRAPABONO: Conexión a base de datos exitosa
[11-Oct-2025 17:15:16 Europe/Berlin] ATRAPABONO: Conexión a base de datos exitosa
[11-Oct-2025 17:15:16 Europe/Berlin] ATRAPABONO: Conexión a base de datos exitosa
[11-Oct-2025 17:15:16 Europe/Berlin] ATRAPABONO: Conexión a base de datos exitosa
[11-Oct-2025 17:15:16 Europe/Berlin] ATRAPABONO: Conexión a base de datos exitosa
[11-Oct-2025 17:15:53 Europe/Berlin] ATRAPABONO: Conexión a base de datos exitosa
[11-Oct-2025 17:15:53 Europe/Berlin] ATRAPABONO: Conexión a base de datos exitosa
[11-Oct-2025 17:15:54 Europe/Berlin] ATRAPABONO: Conexión a base de datos exitosa
[11-Oct-2025 17:15:54 Europe/Berlin] ATRAPABONO: Conexión a base de datos exitosa
[11-Oct-2025 17:15:54 Europe/Berlin] ATRAPABONO: Conexión a base de datos exitosa
[11-Oct-2025 17:15:54 Europe/Berlin] ATRAPABONO: Conexión a base de datos exitosa
[11-Oct-2025 17:15:54 Europe/Berlin] ATRAPABONO: Conexión a base de datos exitosa
[11-Oct-2025 17:15:56 Europe/Berlin] ATRAPABONO: Conexión a base de datos exitosa
[11-Oct-2025 17:15:56 Europe/Berlin] ATRAPABONO: Conexión a base de datos exitosa
[11-Oct-2025 17:15:56 Europe/Berlin] ATRAPABONO: Conexión a base de datos exitosa
[11-Oct-2025 17:15:56 Europe/Berlin] ATRAPABONO: Conexión a base de datos exitosa
[11-Oct-2025 17:15:56 Europe/Berlin] ATRAPABONO: Conexión a base de datos exitosa
[11-Oct-2025 17:15:57 Europe/Berlin] ATRAPABONO: Conexión a base de datos exitosa
[11-Oct-2025 17:15:57 Europe/Berlin] ATRAPABONO: Conexión a base de datos exitosa
[11-Oct-2025 17:15:58 Europe/Berlin] ATRAPABONO: Conexión a base de datos exitosa
[11-Oct-2025 17:15:58 Europe/Berlin] ATRAPABONO: Conexión a base de datos exitosa
[11-Oct-2025 17:15:58 Europe/Berlin] ATRAPABONO: Conexión a base de datos exitosa
[11-Oct-2025 17:15:58 Europe/Berlin] ATRAPABONO: Conexión a base de datos exitosa
[11-Oct-2025 17:15:58 Europe/Berlin] ATRAPABONO: Conexión a base de datos exitosa
[11-Oct-2025 17:15:58 Europe/Berlin] ATRAPABONO: Conexión a base de datos exitosa
[11-Oct-2025 17:15:58 Europe/Berlin] ATRAPABONO: Conexión a base de datos exitosa
[11-Oct-2025 17:15:58 Europe/Berlin] ATRAPABONO: Conexión a base de datos exitosa
[11-Oct-2025 17:15:58 Europe/Berlin] ATRAPABONO: Conexión a base de datos exitosa
[11-Oct-2025 17:15:58 Europe/Berlin] ATRAPABONO: Conexión a base de datos exitosa
[11-Oct-2025 17:16:13 Europe/Berlin] ATRAPABONO: Conexión a base de datos exitosa
[11-Oct-2025 17:16:13 Europe/Berlin] ATRAPABONO: Conexión a base de datos exitosa
[11-Oct-2025 17:16:14 Europe/Berlin] ATRAPABONO: Conexión a base de datos exitosa
[11-Oct-2025 17:16:14 Europe/Berlin] ATRAPABONO: Conexión a base de datos exitosa
[11-Oct-2025 17:16:14 Europe/Berlin] ATRAPABONO: Conexión a base de datos exitosa
[11-Oct-2025 17:16:14 Europe/Berlin] ATRAPABONO: Conexión a base de datos exitosa
[11-Oct-2025 17:16:14 Europe/Berlin] ATRAPABONO: Conexión a base de datos exitosa
[11-Oct-2025 17:16:15 Europe/Berlin] ATRAPABONO: Conexión a base de datos exitosa
[11-Oct-2025 17:16:15 Europe/Berlin] ATRAPABONO: Conexión a base de datos exitosa
[11-Oct-2025 17:16:15 Europe/Berlin] ATRAPABONO: Conexión a base de datos exitosa
[11-Oct-2025 17:16:15 Europe/Berlin] ATRAPABONO: Conexión a base de datos exitosa
[11-Oct-2025 17:16:15 Europe/Berlin] ATRAPABONO: Conexión a base de datos exitosa
[11-Oct-2025 17:16:15 Europe/Berlin] ATRAPABONO: Conexión a base de datos exitosa
[11-Oct-2025 17:16:15 Europe/Berlin] ATRAPABONO: Conexión a base de datos exitosa
[11-Oct-2025 17:16:15 Europe/Berlin] ATRAPABONO: Conexión a base de datos exitosa
[11-Oct-2025 17:16:15 Europe/Berlin] ATRAPABONO: Conexión a base de datos exitosa
[11-Oct-2025 17:16:15 Europe/Berlin] ATRAPABONO: Conexión a base de datos exitosa
[11-Oct-2025 17:16:25 Europe/Berlin] ATRAPABONO: Conexión a base de datos exitosa
[11-Oct-2025 17:16:25 Europe/Berlin] ATRAPABONO: Conexión a base de datos exitosa
[11-Oct-2025 17:16:25 Europe/Berlin] ATRAPABONO: Conexión a base de datos exitosa
[11-Oct-2025 17:16:25 Europe/Berlin] ATRAPABONO: Conexión a base de datos exitosa
[11-Oct-2025 17:16:25 Europe/Berlin] ATRAPABONO: Conexión a base de datos exitosa
[11-Oct-2025 17:16:28 Europe/Berlin] ATRAPABONO: Conexión a base de datos exitosa
[11-Oct-2025 17:16:28 Europe/Berlin] ATRAPABONO: Conexión a base de datos exitosa
[11-Oct-2025 17:16:28 Europe/Berlin] ATRAPABONO: Conexión a base de datos exitosa
[11-Oct-2025 17:16:28 Europe/Berlin] ATRAPABONO: Conexión a base de datos exitosa
[11-Oct-2025 17:16:28 Europe/Berlin] ATRAPABONO: Conexión a base de datos exitosa
[11-Oct-2025 17:20:20 Europe/Berlin] ATRAPABONO: Conexión a base de datos exitosa
[11-Oct-2025 17:20:21 Europe/Berlin] ATRAPABONO: Conexión a base de datos exitosa
[11-Oct-2025 17:20:21 Europe/Berlin] ATRAPABONO: Conexión a base de datos exitosa
[11-Oct-2025 17:20:21 Europe/Berlin] ATRAPABONO: Conexión a base de datos exitosa
[11-Oct-2025 17:20:21 Europe/Berlin] ATRAPABONO: Conexión a base de datos exitosa
[11-Oct-2025 17:20:34 Europe/Berlin] ATRAPABONO: Conexión a base de datos exitosa
[11-Oct-2025 17:20:34 Europe/Berlin] ATRAPABONO: Conexión a base de datos exitosa
[11-Oct-2025 17:20:34 Europe/Berlin] ATRAPABONO: Conexión a base de datos exitosa
[11-Oct-2025 17:20:34 Europe/Berlin] ATRAPABONO: Conexión a base de datos exitosa
[11-Oct-2025 17:20:34 Europe/Berlin] ATRAPABONO: Conexión a base de datos exitosa
[11-Oct-2025 17:20:40 Europe/Berlin] ATRAPABONO: Conexión a base de datos exitosa
[11-Oct-2025 17:20:40 Europe/Berlin] ATRAPABONO: Conexión a base de datos exitosa
[11-Oct-2025 17:20:40 Europe/Berlin] ATRAPABONO: Conexión a base de datos exitosa
[11-Oct-2025 17:20:40 Europe/Berlin] ATRAPABONO: Conexión a base de datos exitosa
[11-Oct-2025 17:20:40 Europe/Berlin] ATRAPABONO: Conexión a base de datos exitosa
[11-Oct-2025 17:20:49 Europe/Berlin] ATRAPABONO: Conexión a base de datos exitosa
[11-Oct-2025 17:20:49 Europe/Berlin] ATRAPABONO: Conexión a base de datos exitosa
[11-Oct-2025 17:20:49 Europe/Berlin] ATRAPABONO: Conexión a base de datos exitosa
[11-Oct-2025 17:20:49 Europe/Berlin] ATRAPABONO: Conexión a base de datos exitosa
[11-Oct-2025 17:20:49 Europe/Berlin] ATRAPABONO: Conexión a base de datos exitosa
[11-Oct-2025 17:21:04 Europe/Berlin] ATRAPABONO: Conexión a base de datos exitosa
[11-Oct-2025 17:21:12 Europe/Berlin] ATRAPABONO: Conexión a base de datos exitosa
[11-Oct-2025 17:21:12 Europe/Berlin] ATRAPABONO: Conexión a base de datos exitosa
[11-Oct-2025 17:21:12 Europe/Berlin] ATRAPABONO: Conexión a base de datos exitosa
[11-Oct-2025 17:21:12 Europe/Berlin] ATRAPABONO: Conexión a base de datos exitosa
[11-Oct-2025 17:21:12 Europe/Berlin] ATRAPABONO: Conexión a base de datos exitosa
[11-Oct-2025 17:22:01 Europe/Berlin] ATRAPABONO: Conexión a base de datos exitosa
[11-Oct-2025 17:22:01 Europe/Berlin] ATRAPABONO: Conexión a base de datos exitosa
[11-Oct-2025 17:22:25 Europe/Berlin] ATRAPABONO: Conexión a base de datos exitosa
[11-Oct-2025 17:22:25 Europe/Berlin] ATRAPABONO: Conexión a base de datos exitosa
[11-Oct-2025 17:22:25 Europe/Berlin] ATRAPABONO: Conexión a base de datos exitosa
[11-Oct-2025 17:22:25 Europe/Berlin] ATRAPABONO: Conexión a base de datos exitosa
[11-Oct-2025 17:22:25 Europe/Berlin] ATRAPABONO: Conexión a base de datos exitosa
[11-Oct-2025 17:22:37 Europe/Berlin] ATRAPABONO: Conexión a base de datos exitosa
[11-Oct-2025 17:22:37 Europe/Berlin] ATRAPABONO: Conexión a base de datos exitosa
[11-Oct-2025 17:22:37 Europe/Berlin] ATRAPABONO: Conexión a base de datos exitosa
[11-Oct-2025 17:22:37 Europe/Berlin] ATRAPABONO: Conexión a base de datos exitosa
[11-Oct-2025 17:22:37 Europe/Berlin] ATRAPABONO: Conexión a base de datos exitosa
[11-Oct-2025 17:22:52 Europe/Berlin] ATRAPABONO: Conexión a base de datos exitosa
[11-Oct-2025 17:22:52 Europe/Berlin] ATRAPABONO: Conexión a base de datos exitosa
[11-Oct-2025 17:22:52 Europe/Berlin] ATRAPABONO: Conexión a base de datos exitosa
[11-Oct-2025 17:22:52 Europe/Berlin] ATRAPABONO: Conexión a base de datos exitosa
[11-Oct-2025 17:22:52 Europe/Berlin] ATRAPABONO: Conexión a base de datos exitosa
[11-Oct-2025 17:22:52 Europe/Berlin] ATRAPABONO: Conexión a base de datos exitosa
[11-Oct-2025 17:22:52 Europe/Berlin] ATRAPABONO: Conexión a base de datos exitosa
[11-Oct-2025 17:22:52 Europe/Berlin] ATRAPABONO: Conexión a base de datos exitosa
[11-Oct-2025 17:22:56 Europe/Berlin] ATRAPABONO: Conexión a base de datos exitosa
[11-Oct-2025 17:22:56 Europe/Berlin] Error obteniendo solicitudes: Unknown column 'motivo_rechazo' in 'field list'
[11-Oct-2025 17:23:11 Europe/Berlin] ATRAPABONO: Conexión a base de datos exitosa
[11-Oct-2025 17:23:11 Europe/Berlin] Error en admin_actions: Unknown column 'motivo_rechazo' in 'field list'
[11-Oct-2025 17:24:22 Europe/Berlin] ATRAPABONO: Conexión a base de datos exitosa
[11-Oct-2025 17:24:23 Europe/Berlin] ATRAPABONO: Conexión a base de datos exitosa
[11-Oct-2025 17:24:28 Europe/Berlin] ATRAPABONO: Conexión a base de datos exitosa
[11-Oct-2025 17:24:29 Europe/Berlin] ATRAPABONO: Conexión a base de datos exitosa
[11-Oct-2025 17:24:34 Europe/Berlin] ATRAPABONO: Conexión a base de datos exitosa
[11-Oct-2025 17:24:37 Europe/Berlin] ATRAPABONO: Conexión a base de datos exitosa
[11-Oct-2025 17:24:43 Europe/Berlin] ATRAPABONO: Conexión a base de datos exitosa
[11-Oct-2025 17:24:44 Europe/Berlin] ATRAPABONO: Conexión a base de datos exitosa
[11-Oct-2025 17:25:32 Europe/Berlin] ATRAPABONO: Conexión a base de datos exitosa
[11-Oct-2025 17:25:32 Europe/Berlin] ATRAPABONO: Conexión a base de datos exitosa
[11-Oct-2025 17:25:32 Europe/Berlin] ATRAPABONO: Conexión a base de datos exitosa
[11-Oct-2025 17:25:34 Europe/Berlin] ATRAPABONO: Conexión a base de datos exitosa
[11-Oct-2025 17:25:46 Europe/Berlin] ATRAPABONO: Conexión a base de datos exitosa
[11-Oct-2025 17:25:46 Europe/Berlin] ATRAPABONO: Conexión a base de datos exitosa
[11-Oct-2025 17:25:46 Europe/Berlin] ATRAPABONO: Conexión a base de datos exitosa
[11-Oct-2025 17:25:46 Europe/Berlin] ATRAPABONO: Conexión a base de datos exitosa
[11-Oct-2025 17:25:46 Europe/Berlin] ATRAPABONO: Conexión a base de datos exitosa
[11-Oct-2025 17:25:46 Europe/Berlin] ATRAPABONO: Conexión a base de datos exitosa
[11-Oct-2025 17:25:46 Europe/Berlin] ATRAPABONO: Conexión a base de datos exitosa
[11-Oct-2025 17:25:46 Europe/Berlin] ATRAPABONO: Conexión a base de datos exitosa
[11-Oct-2025 17:25:46 Europe/Berlin] ATRAPABONO: Conexión a base de datos exitosa
[11-Oct-2025 17:25:47 Europe/Berlin] ATRAPABONO: Conexión a base de datos exitosa
[11-Oct-2025 17:25:47 Europe/Berlin] ATRAPABONO: Conexión a base de datos exitosa
[11-Oct-2025 17:25:47 Europe/Berlin] ATRAPABONO: Conexión a base de datos exitosa
[11-Oct-2025 17:25:47 Europe/Berlin] ATRAPABONO: Conexión a base de datos exitosa
[11-Oct-2025 17:26:00 Europe/Berlin] ATRAPABONO: Conexión a base de datos exitosa
[11-Oct-2025 17:26:00 Europe/Berlin] ATRAPABONO: Conexión a base de datos exitosa
[11-Oct-2025 17:26:00 Europe/Berlin] ATRAPABONO: Conexión a base de datos exitosa
[11-Oct-2025 17:26:01 Europe/Berlin] ATRAPABONO: Conexión a base de datos exitosa
[11-Oct-2025 17:26:02 Europe/Berlin] ATRAPABONO: Conexión a base de datos exitosa
[11-Oct-2025 17:26:02 Europe/Berlin] ATRAPABONO: Conexión a base de datos exitosa
[11-Oct-2025 17:26:02 Europe/Berlin] ATRAPABONO: Conexión a base de datos exitosa
[11-Oct-2025 17:26:03 Europe/Berlin] ATRAPABONO: Conexión a base de datos exitosa
[11-Oct-2025 17:26:05 Europe/Berlin] ATRAPABONO: Conexión a base de datos exitosa
[11-Oct-2025 17:26:05 Europe/Berlin] ATRAPABONO: Conexión a base de datos exitosa
[11-Oct-2025 17:26:05 Europe/Berlin] ATRAPABONO: Conexión a base de datos exitosa
[11-Oct-2025 17:26:05 Europe/Berlin] ATRAPABONO: Conexión a base de datos exitosa
[11-Oct-2025 17:26:05 Europe/Berlin] ATRAPABONO: Conexión a base de datos exitosa
[11-Oct-2025 17:26:05 Europe/Berlin] ATRAPABONO: Conexión a base de datos exitosa
[11-Oct-2025 17:26:05 Europe/Berlin] ATRAPABONO: Conexión a base de datos exitosa
[11-Oct-2025 17:26:05 Europe/Berlin] ATRAPABONO: Conexión a base de datos exitosa
[11-Oct-2025 17:26:05 Europe/Berlin] ATRAPABONO: Conexión a base de datos exitosa
[11-Oct-2025 17:26:06 Europe/Berlin] ATRAPABONO: Conexión a base de datos exitosa
[11-Oct-2025 17:26:06 Europe/Berlin] ATRAPABONO: Conexión a base de datos exitosa
[11-Oct-2025 17:26:06 Europe/Berlin] ATRAPABONO: Conexión a base de datos exitosa
[11-Oct-2025 17:26:06 Europe/Berlin] ATRAPABONO: Conexión a base de datos exitosa
[11-Oct-2025 17:26:06 Europe/Berlin] ATRAPABONO: Conexión a base de datos exitosa
[11-Oct-2025 17:26:06 Europe/Berlin] ATRAPABONO: Conexión a base de datos exitosa
[11-Oct-2025 17:26:07 Europe/Berlin] ATRAPABONO: Conexión a base de datos exitosa
[11-Oct-2025 17:26:07 Europe/Berlin] ATRAPABONO: Conexión a base de datos exitosa
[11-Oct-2025 17:26:07 Europe/Berlin] ATRAPABONO: Conexión a base de datos exitosa
[11-Oct-2025 17:26:07 Europe/Berlin] ATRAPABONO: Conexión a base de datos exitosa
[11-Oct-2025 17:26:07 Europe/Berlin] ATRAPABONO: Conexión a base de datos exitosa
[11-Oct-2025 17:26:07 Europe/Berlin] ATRAPABONO: Conexión a base de datos exitosa
[11-Oct-2025 17:26:07 Europe/Berlin] ATRAPABONO: Conexión a base de datos exitosa
[11-Oct-2025 17:26:07 Europe/Berlin] ATRAPABONO: Conexión a base de datos exitosa
[11-Oct-2025 17:26:07 Europe/Berlin] ATRAPABONO: Conexión a base de datos exitosa
[11-Oct-2025 17:26:09 Europe/Berlin] ATRAPABONO: Conexión a base de datos exitosa
[11-Oct-2025 17:26:09 Europe/Berlin] ATRAPABONO: Conexión a base de datos exitosa
[11-Oct-2025 17:26:09 Europe/Berlin] ATRAPABONO: Conexión a base de datos exitosa
[11-Oct-2025 17:26:09 Europe/Berlin] ATRAPABONO: Conexión a base de datos exitosa
[11-Oct-2025 17:26:09 Europe/Berlin] ATRAPABONO: Conexión a base de datos exitosa
[11-Oct-2025 17:26:09 Europe/Berlin] ATRAPABONO: Conexión a base de datos exitosa
[11-Oct-2025 17:26:09 Europe/Berlin] ATRAPABONO: Conexión a base de datos exitosa
[11-Oct-2025 17:26:09 Europe/Berlin] ATRAPABONO: Conexión a base de datos exitosa
[11-Oct-2025 17:26:12 Europe/Berlin] ATRAPABONO: Conexión a base de datos exitosa
[11-Oct-2025 17:26:22 Europe/Berlin] ATRAPABONO: Conexión a base de datos exitosa
[11-Oct-2025 17:26:22 Europe/Berlin] ATRAPABONO: Conexión a base de datos exitosa
[11-Oct-2025 17:26:22 Europe/Berlin] ATRAPABONO: Conexión a base de datos exitosa
[11-Oct-2025 17:26:23 Europe/Berlin] ATRAPABONO: Conexión a base de datos exitosa
[11-Oct-2025 17:27:28 Europe/Berlin] ATRAPABONO: Conexión a base de datos exitosa
[11-Oct-2025 17:27:28 Europe/Berlin] ATRAPABONO: Conexión a base de datos exitosa
[11-Oct-2025 17:27:28 Europe/Berlin] ATRAPABONO: Conexión a base de datos exitosa
[11-Oct-2025 17:27:29 Europe/Berlin] ATRAPABONO: Conexión a base de datos exitosa
[11-Oct-2025 17:27:30 Europe/Berlin] ATRAPABONO: Conexión a base de datos exitosa
[11-Oct-2025 17:27:30 Europe/Berlin] ATRAPABONO: Conexión a base de datos exitosa
[11-Oct-2025 17:27:30 Europe/Berlin] ATRAPABONO: Conexión a base de datos exitosa
[11-Oct-2025 17:27:34 Europe/Berlin] ATRAPABONO: Conexión a base de datos exitosa
[11-Oct-2025 17:27:34 Europe/Berlin] ATRAPABONO: Conexión a base de datos exitosa
[11-Oct-2025 17:27:34 Europe/Berlin] ATRAPABONO: Conexión a base de datos exitosa
[11-Oct-2025 17:27:36 Europe/Berlin] ATRAPABONO: Conexión a base de datos exitosa
[11-Oct-2025 17:29:11 Europe/Berlin] ATRAPABONO: Conexión a base de datos exitosa
[11-Oct-2025 17:29:11 Europe/Berlin] ATRAPABONO: Conexión a base de datos exitosa
[11-Oct-2025 17:29:11 Europe/Berlin] ATRAPABONO: Conexión a base de datos exitosa
[11-Oct-2025 17:29:12 Europe/Berlin] ATRAPABONO: Conexión a base de datos exitosa
[11-Oct-2025 17:29:19 Europe/Berlin] ATRAPABONO: Conexión a base de datos exitosa
[11-Oct-2025 17:29:19 Europe/Berlin] ATRAPABONO: Conexión a base de datos exitosa
[11-Oct-2025 17:29:19 Europe/Berlin] ATRAPABONO: Conexión a base de datos exitosa
[11-Oct-2025 17:29:20 Europe/Berlin] ATRAPABONO: Conexión a base de datos exitosa
[11-Oct-2025 17:29:21 Europe/Berlin] ATRAPABONO: Conexión a base de datos exitosa
[11-Oct-2025 17:29:21 Europe/Berlin] ATRAPABONO: Conexión a base de datos exitosa
[11-Oct-2025 17:29:21 Europe/Berlin] ATRAPABONO: Conexión a base de datos exitosa
[11-Oct-2025 17:29:21 Europe/Berlin] ATRAPABONO: Conexión a base de datos exitosa
[11-Oct-2025 17:29:21 Europe/Berlin] ATRAPABONO: Conexión a base de datos exitosa
[11-Oct-2025 17:29:21 Europe/Berlin] ATRAPABONO: Conexión a base de datos exitosa
[11-Oct-2025 17:29:23 Europe/Berlin] ATRAPABONO: Conexión a base de datos exitosa
[11-Oct-2025 17:29:23 Europe/Berlin] ATRAPABONO: Conexión a base de datos exitosa
[11-Oct-2025 17:29:23 Europe/Berlin] ATRAPABONO: Conexión a base de datos exitosa
[11-Oct-2025 17:29:23 Europe/Berlin] ATRAPABONO: Conexión a base de datos exitosa
[11-Oct-2025 17:29:23 Europe/Berlin] ATRAPABONO: Conexión a base de datos exitosa
[11-Oct-2025 17:29:23 Europe/Berlin] ATRAPABONO: Conexión a base de datos exitosa
[11-Oct-2025 17:29:23 Europe/Berlin] ATRAPABONO: Conexión a base de datos exitosa
[11-Oct-2025 17:29:23 Europe/Berlin] ATRAPABONO: Conexión a base de datos exitosa
[11-Oct-2025 17:29:23 Europe/Berlin] ATRAPABONO: Conexión a base de datos exitosa
[11-Oct-2025 17:29:24 Europe/Berlin] ATRAPABONO: Conexión a base de datos exitosa
[11-Oct-2025 17:29:24 Europe/Berlin] ATRAPABONO: Conexión a base de datos exitosa
[11-Oct-2025 17:29:24 Europe/Berlin] ATRAPABONO: Conexión a base de datos exitosa
[11-Oct-2025 17:29:24 Europe/Berlin] ATRAPABONO: Conexión a base de datos exitosa
[11-Oct-2025 17:29:24 Europe/Berlin] ATRAPABONO: Conexión a base de datos exitosa
[11-Oct-2025 17:29:24 Europe/Berlin] ATRAPABONO: Conexión a base de datos exitosa
[11-Oct-2025 17:29:24 Europe/Berlin] ATRAPABONO: Conexión a base de datos exitosa
[11-Oct-2025 17:29:25 Europe/Berlin] ATRAPABONO: Conexión a base de datos exitosa
[11-Oct-2025 17:29:25 Europe/Berlin] ATRAPABONO: Conexión a base de datos exitosa
[11-Oct-2025 17:29:25 Europe/Berlin] ATRAPABONO: Conexión a base de datos exitosa
[11-Oct-2025 17:29:25 Europe/Berlin] ATRAPABONO: Conexión a base de datos exitosa
[11-Oct-2025 17:29:25 Europe/Berlin] ATRAPABONO: Conexión a base de datos exitosa
[11-Oct-2025 17:29:25 Europe/Berlin] ATRAPABONO: Conexión a base de datos exitosa
[11-Oct-2025 17:29:27 Europe/Berlin] ATRAPABONO: Conexión a base de datos exitosa
[11-Oct-2025 17:29:27 Europe/Berlin] ATRAPABONO: Conexión a base de datos exitosa
[11-Oct-2025 17:29:27 Europe/Berlin] ATRAPABONO: Conexión a base de datos exitosa
[11-Oct-2025 17:29:27 Europe/Berlin] ATRAPABONO: Conexión a base de datos exitosa
[11-Oct-2025 17:29:27 Europe/Berlin] ATRAPABONO: Conexión a base de datos exitosa
[11-Oct-2025 17:29:27 Europe/Berlin] ATRAPABONO: Conexión a base de datos exitosa
[11-Oct-2025 17:31:55 Europe/Berlin] ATRAPABONO: Conexión a base de datos exitosa
[11-Oct-2025 17:32:02 Europe/Berlin] ATRAPABONO: Conexión a base de datos exitosa
[11-Oct-2025 17:32:02 Europe/Berlin] ATRAPABONO: Conexión a base de datos exitosa
[11-Oct-2025 17:32:02 Europe/Berlin] ATRAPABONO: Conexión a base de datos exitosa
[11-Oct-2025 17:32:02 Europe/Berlin] ATRAPABONO: Conexión a base de datos exitosa
[11-Oct-2025 17:32:02 Europe/Berlin] ATRAPABONO: Conexión a base de datos exitosa
[11-Oct-2025 17:32:02 Europe/Berlin] ATRAPABONO: Conexión a base de datos exitosa
[11-Oct-2025 17:32:02 Europe/Berlin] ATRAPABONO: Conexión a base de datos exitosa
[11-Oct-2025 17:32:02 Europe/Berlin] ATRAPABONO: Conexión a base de datos exitosa
[11-Oct-2025 17:32:05 Europe/Berlin] ATRAPABONO: Conexión a base de datos exitosa
[11-Oct-2025 17:32:06 Europe/Berlin] ATRAPABONO: Conexión a base de datos exitosa
[11-Oct-2025 17:32:06 Europe/Berlin] ATRAPABONO: Conexión a base de datos exitosa
[11-Oct-2025 17:32:06 Europe/Berlin] ATRAPABONO: Conexión a base de datos exitosa
[11-Oct-2025 17:32:07 Europe/Berlin] ATRAPABONO: Conexión a base de datos exitosa
[11-Oct-2025 17:32:07 Europe/Berlin] ATRAPABONO: Conexión a base de datos exitosa
[11-Oct-2025 17:32:07 Europe/Berlin] ATRAPABONO: Conexión a base de datos exitosa
[11-Oct-2025 17:32:07 Europe/Berlin] ATRAPABONO: Conexión a base de datos exitosa
[11-Oct-2025 17:32:07 Europe/Berlin] ATRAPABONO: Conexión a base de datos exitosa
[11-Oct-2025 17:32:07 Europe/Berlin] ATRAPABONO: Conexión a base de datos exitosa
[11-Oct-2025 17:32:14 Europe/Berlin] ATRAPABONO: Conexión a base de datos exitosa
[11-Oct-2025 17:32:14 Europe/Berlin] ATRAPABONO: Conexión a base de datos exitosa
[11-Oct-2025 17:32:14 Europe/Berlin] ATRAPABONO: Conexión a base de datos exitosa
[11-Oct-2025 17:32:21 Europe/Berlin] ATRAPABONO: Conexión a base de datos exitosa
[11-Oct-2025 17:32:22 Europe/Berlin] ATRAPABONO: Conexión a base de datos exitosa
[11-Oct-2025 17:32:22 Europe/Berlin] ATRAPABONO: Conexión a base de datos exitosa
[11-Oct-2025 17:32:22 Europe/Berlin] ATRAPABONO: Conexión a base de datos exitosa
[11-Oct-2025 17:32:22 Europe/Berlin] ATRAPABONO: Conexión a base de datos exitosa
[11-Oct-2025 17:32:22 Europe/Berlin] ATRAPABONO: Conexión a base de datos exitosa
[11-Oct-2025 17:32:22 Europe/Berlin] ATRAPABONO: Conexión a base de datos exitosa
[11-Oct-2025 17:32:24 Europe/Berlin] ATRAPABONO: Conexión a base de datos exitosa
[11-Oct-2025 17:33:18 Europe/Berlin] ATRAPABONO: Conexión a base de datos exitosa
[11-Oct-2025 17:33:18 Europe/Berlin] ATRAPABONO: Conexión a base de datos exitosa
[11-Oct-2025 17:33:18 Europe/Berlin] ATRAPABONO: Conexión a base de datos exitosa
[11-Oct-2025 17:33:19 Europe/Berlin] ATRAPABONO: Conexión a base de datos exitosa
[11-Oct-2025 17:33:20 Europe/Berlin] ATRAPABONO: Conexión a base de datos exitosa
[11-Oct-2025 17:33:20 Europe/Berlin] ATRAPABONO: Conexión a base de datos exitosa
[11-Oct-2025 17:33:20 Europe/Berlin] ATRAPABONO: Conexión a base de datos exitosa
[11-Oct-2025 17:33:21 Europe/Berlin] ATRAPABONO: Conexión a base de datos exitosa
[11-Oct-2025 17:36:05 Europe/Berlin] ATRAPABONO: Conexión a base de datos exitosa
[11-Oct-2025 17:36:05 Europe/Berlin] ATRAPABONO: Conexión a base de datos exitosa
[11-Oct-2025 17:36:05 Europe/Berlin] ATRAPABONO: Conexión a base de datos exitosa
[11-Oct-2025 17:36:07 Europe/Berlin] ATRAPABONO: Conexión a base de datos exitosa
[11-Oct-2025 17:37:34 Europe/Berlin] ATRAPABONO: Conexión a base de datos exitosa
[11-Oct-2025 17:37:34 Europe/Berlin] ATRAPABONO: Conexión a base de datos exitosa
[11-Oct-2025 17:37:34 Europe/Berlin] ATRAPABONO: Conexión a base de datos exitosa
[11-Oct-2025 17:37:36 Europe/Berlin] ATRAPABONO: Conexión a base de datos exitosa
[11-Oct-2025 17:37:37 Europe/Berlin] ATRAPABONO: Conexión a base de datos exitosa
[11-Oct-2025 17:37:37 Europe/Berlin] ATRAPABONO: Conexión a base de datos exitosa
[11-Oct-2025 17:37:37 Europe/Berlin] ATRAPABONO: Conexión a base de datos exitosa
[11-Oct-2025 17:37:38 Europe/Berlin] ATRAPABONO: Conexión a base de datos exitosa
[11-Oct-2025 17:37:38 Europe/Berlin] ATRAPABONO: Conexión a base de datos exitosa
[11-Oct-2025 17:37:39 Europe/Berlin] ATRAPABONO: Conexión a base de datos exitosa
[11-Oct-2025 17:37:39 Europe/Berlin] ATRAPABONO: Conexión a base de datos exitosa
[11-Oct-2025 17:37:39 Europe/Berlin] ATRAPABONO: Conexión a base de datos exitosa
[11-Oct-2025 17:37:39 Europe/Berlin] ATRAPABONO: Conexión a base de datos exitosa
[11-Oct-2025 17:37:39 Europe/Berlin] ATRAPABONO: Conexión a base de datos exitosa
[11-Oct-2025 17:37:39 Europe/Berlin] ATRAPABONO: Conexión a base de datos exitosa
[11-Oct-2025 17:37:39 Europe/Berlin] ATRAPABONO: Conexión a base de datos exitosa
[11-Oct-2025 17:37:52 Europe/Berlin] ATRAPABONO: Conexión a base de datos exitosa
[11-Oct-2025 17:37:52 Europe/Berlin] ATRAPABONO: Conexión a base de datos exitosa
[11-Oct-2025 17:37:55 Europe/Berlin] ATRAPABONO: Conexión a base de datos exitosa
[11-Oct-2025 17:37:55 Europe/Berlin] ATRAPABONO: Conexión a base de datos exitosa
[11-Oct-2025 17:37:56 Europe/Berlin] ATRAPABONO: Conexión a base de datos exitosa
[11-Oct-2025 17:37:56 Europe/Berlin] ATRAPABONO: Conexión a base de datos exitosa
[11-Oct-2025 17:37:56 Europe/Berlin] ATRAPABONO: Conexión a base de datos exitosa
[11-Oct-2025 17:37:56 Europe/Berlin] ATRAPABONO: Conexión a base de datos exitosa
[11-Oct-2025 17:37:56 Europe/Berlin] ATRAPABONO: Conexión a base de datos exitosa
[11-Oct-2025 17:37:56 Europe/Berlin] ATRAPABONO: Conexión a base de datos exitosa
[11-Oct-2025 17:37:58 Europe/Berlin] ATRAPABONO: Conexión a base de datos exitosa
[11-Oct-2025 17:38:02 Europe/Berlin] ATRAPABONO: Conexión a base de datos exitosa
[11-Oct-2025 17:38:02 Europe/Berlin] ATRAPABONO: Conexión a base de datos exitosa
[11-Oct-2025 17:38:02 Europe/Berlin] ATRAPABONO: Conexión a base de datos exitosa
[11-Oct-2025 17:38:02 Europe/Berlin] ATRAPABONO: Conexión a base de datos exitosa
[11-Oct-2025 17:38:02 Europe/Berlin] ATRAPABONO: Conexión a base de datos exitosa
[11-Oct-2025 17:38:02 Europe/Berlin] ATRAPABONO: Conexión a base de datos exitosa
[11-Oct-2025 17:38:02 Europe/Berlin] ATRAPABONO: Conexión a base de datos exitosa
[11-Oct-2025 17:38:14 Europe/Berlin] ATRAPABONO: Conexión a base de datos exitosa
[11-Oct-2025 17:38:14 Europe/Berlin] ATRAPABONO: Conexión a base de datos exitosa
[11-Oct-2025 17:38:40 Europe/Berlin] ATRAPABONO: Conexión a base de datos exitosa
[11-Oct-2025 17:38:40 Europe/Berlin] ATRAPABONO: Conexión a base de datos exitosa
[11-Oct-2025 17:38:41 Europe/Berlin] ATRAPABONO: Conexión a base de datos exitosa
[11-Oct-2025 17:38:41 Europe/Berlin] ATRAPABONO: Conexión a base de datos exitosa
[11-Oct-2025 17:38:41 Europe/Berlin] ATRAPABONO: Conexión a base de datos exitosa
[11-Oct-2025 17:38:41 Europe/Berlin] ATRAPABONO: Conexión a base de datos exitosa
[11-Oct-2025 17:38:41 Europe/Berlin] ATRAPABONO: Conexión a base de datos exitosa
[11-Oct-2025 17:38:41 Europe/Berlin] ATRAPABONO: Conexión a base de datos exitosa
[11-Oct-2025 17:38:44 Europe/Berlin] ATRAPABONO: Conexión a base de datos exitosa
[11-Oct-2025 17:38:47 Europe/Berlin] ATRAPABONO: Conexión a base de datos exitosa
[11-Oct-2025 17:38:59 Europe/Berlin] ATRAPABONO: Conexión a base de datos exitosa
[11-Oct-2025 17:38:59 Europe/Berlin] ATRAPABONO: Conexión a base de datos exitosa
[11-Oct-2025 17:38:59 Europe/Berlin] ATRAPABONO: Conexión a base de datos exitosa
[11-Oct-2025 17:39:02 Europe/Berlin] ATRAPABONO: Conexión a base de datos exitosa
[11-Oct-2025 17:39:09 Europe/Berlin] ATRAPABONO: Conexión a base de datos exitosa
[11-Oct-2025 17:39:09 Europe/Berlin] ATRAPABONO: Conexión a base de datos exitosa
[11-Oct-2025 17:39:12 Europe/Berlin] ATRAPABONO: Conexión a base de datos exitosa
[11-Oct-2025 17:41:03 Europe/Berlin] ATRAPABONO: Conexión a base de datos exitosa
[11-Oct-2025 17:41:03 Europe/Berlin] ATRAPABONO: Conexión a base de datos exitosa
[11-Oct-2025 17:41:03 Europe/Berlin] ATRAPABONO: Conexión a base de datos exitosa
[11-Oct-2025 17:41:15 Europe/Berlin] ATRAPABONO: Conexión a base de datos exitosa
[11-Oct-2025 17:41:31 Europe/Berlin] ATRAPABONO: Conexión a base de datos exitosa
[11-Oct-2025 17:41:31 Europe/Berlin] Error en admin_actions: Duplicate entry 'danluis.santana@empresa.com' for key 'email_unique'
[11-Oct-2025 17:41:41 Europe/Berlin] ATRAPABONO: Conexión a base de datos exitosa
[11-Oct-2025 17:41:41 Europe/Berlin] ATRAPABONO: Conexión a base de datos exitosa
[11-Oct-2025 17:43:09 Europe/Berlin] ATRAPABONO: Conexión a base de datos exitosa
[11-Oct-2025 17:43:09 Europe/Berlin] ATRAPABONO: Conexión a base de datos exitosa
[11-Oct-2025 17:43:09 Europe/Berlin] ATRAPABONO: Conexión a base de datos exitosa
[11-Oct-2025 17:43:10 Europe/Berlin] ATRAPABONO: Conexión a base de datos exitosa
[11-Oct-2025 17:43:14 Europe/Berlin] ATRAPABONO: Conexión a base de datos exitosa
[11-Oct-2025 17:44:06 Europe/Berlin] ATRAPABONO: Conexión a base de datos exitosa
[11-Oct-2025 17:44:06 Europe/Berlin] ATRAPABONO: Conexión a base de datos exitosa
[11-Oct-2025 17:44:06 Europe/Berlin] ATRAPABONO: Conexión a base de datos exitosa
[11-Oct-2025 17:44:07 Europe/Berlin] ATRAPABONO: Conexión a base de datos exitosa
[11-Oct-2025 17:44:11 Europe/Berlin] ATRAPABONO: Conexión a base de datos exitosa
[11-Oct-2025 17:44:12 Europe/Berlin] ATRAPABONO: Conexión a base de datos exitosa
[11-Oct-2025 17:44:18 Europe/Berlin] ATRAPABONO: Conexión a base de datos exitosa
[11-Oct-2025 17:44:19 Europe/Berlin] ATRAPABONO: Conexión a base de datos exitosa
[11-Oct-2025 17:44:21 Europe/Berlin] ATRAPABONO: Conexión a base de datos exitosa
[11-Oct-2025 17:44:22 Europe/Berlin] ATRAPABONO: Conexión a base de datos exitosa
[11-Oct-2025 17:44:24 Europe/Berlin] ATRAPABONO: Conexión a base de datos exitosa
[11-Oct-2025 17:44:26 Europe/Berlin] ATRAPABONO: Conexión a base de datos exitosa
[11-Oct-2025 17:44:29 Europe/Berlin] ATRAPABONO: Conexión a base de datos exitosa
[11-Oct-2025 17:44:31 Europe/Berlin] ATRAPABONO: Conexión a base de datos exitosa
[11-Oct-2025 19:43:09 Europe/Berlin] ATRAPABONO: Conexión a base de datos exitosa
[11-Oct-2025 19:43:09 Europe/Berlin] ATRAPABONO: Conexión a base de datos exitosa
[11-Oct-2025 19:43:09 Europe/Berlin] ATRAPABONO: Conexión a base de datos exitosa
[11-Oct-2025 19:43:09 Europe/Berlin] ATRAPABONO: Conexión a base de datos exitosa
[11-Oct-2025 19:43:09 Europe/Berlin] ATRAPABONO: Conexión a base de datos exitosa
[11-Oct-2025 19:43:09 Europe/Berlin] ATRAPABONO: Conexión a base de datos exitosa
[11-Oct-2025 19:43:09 Europe/Berlin] ATRAPABONO: Conexión a base de datos exitosa
[11-Oct-2025 19:43:09 Europe/Berlin] ATRAPABONO: Conexión a base de datos exitosa
[11-Oct-2025 19:43:40 Europe/Berlin] ATRAPABONO: Conexión a base de datos exitosa
[11-Oct-2025 19:43:40 Europe/Berlin] ATRAPABONO: Conexión a base de datos exitosa
[11-Oct-2025 19:43:40 Europe/Berlin] ATRAPABONO: Conexión a base de datos exitosa
[11-Oct-2025 19:43:40 Europe/Berlin] ATRAPABONO: Conexión a base de datos exitosa
[11-Oct-2025 19:43:40 Europe/Berlin] ATRAPABONO: Conexión a base de datos exitosa
[11-Oct-2025 19:43:40 Europe/Berlin] ATRAPABONO: Conexión a base de datos exitosa
[11-Oct-2025 19:43:40 Europe/Berlin] ATRAPABONO: Conexión a base de datos exitosa
[11-Oct-2025 19:43:40 Europe/Berlin] ATRAPABONO: Conexión a base de datos exitosa
[11-Oct-2025 19:46:55 Europe/Berlin] ATRAPABONO: Conexión a base de datos exitosa
[11-Oct-2025 19:46:55 Europe/Berlin] ATRAPABONO: Conexión a base de datos exitosa
[11-Oct-2025 19:46:55 Europe/Berlin] ATRAPABONO: Conexión a base de datos exitosa
[11-Oct-2025 19:47:46 Europe/Berlin] ATRAPABONO: Conexión a base de datos exitosa
[11-Oct-2025 19:47:46 Europe/Berlin] ATRAPABONO: Conexión a base de datos exitosa
[11-Oct-2025 19:47:46 Europe/Berlin] ATRAPABONO: Conexión a base de datos exitosa
[11-Oct-2025 19:47:46 Europe/Berlin] ATRAPABONO: Conexión a base de datos exitosa
[11-Oct-2025 19:47:46 Europe/Berlin] ATRAPABONO: Conexión a base de datos exitosa
[11-Oct-2025 19:47:46 Europe/Berlin] ATRAPABONO: Conexión a base de datos exitosa
[11-Oct-2025 19:47:46 Europe/Berlin] ATRAPABONO: Conexión a base de datos exitosa
[11-Oct-2025 19:47:46 Europe/Berlin] ATRAPABONO: Conexión a base de datos exitosa
[11-Oct-2025 19:47:53 Europe/Berlin] ATRAPABONO: Conexión a base de datos exitosa
[11-Oct-2025 19:47:53 Europe/Berlin] ATRAPABONO: Conexión a base de datos exitosa
[11-Oct-2025 19:47:53 Europe/Berlin] ATRAPABONO: Conexión a base de datos exitosa
[11-Oct-2025 19:47:54 Europe/Berlin] ATRAPABONO: Conexión a base de datos exitosa
[11-Oct-2025 19:47:54 Europe/Berlin] ATRAPABONO: Conexión a base de datos exitosa
[11-Oct-2025 19:47:54 Europe/Berlin] ATRAPABONO: Conexión a base de datos exitosa
[11-Oct-2025 19:49:19 Europe/Berlin] ATRAPABONO: Conexión a base de datos exitosa
[11-Oct-2025 19:49:21 Europe/Berlin] ATRAPABONO: Conexión a base de datos exitosa
[11-Oct-2025 19:51:55 Europe/Berlin] ATRAPABONO: Conexión a base de datos exitosa
[11-Oct-2025 19:51:55 Europe/Berlin] ATRAPABONO: Conexión a base de datos exitosa
[11-Oct-2025 19:51:55 Europe/Berlin] ATRAPABONO: Conexión a base de datos exitosa
[11-Oct-2025 19:51:55 Europe/Berlin] ATRAPABONO: Conexión a base de datos exitosa
[11-Oct-2025 19:51:55 Europe/Berlin] ATRAPABONO: Conexión a base de datos exitosa
[11-Oct-2025 19:51:55 Europe/Berlin] ATRAPABONO: Conexión a base de datos exitosa
[11-Oct-2025 19:51:55 Europe/Berlin] ATRAPABONO: Conexión a base de datos exitosa
[11-Oct-2025 19:52:16 Europe/Berlin] ATRAPABONO: Conexión a base de datos exitosa
[11-Oct-2025 19:52:16 Europe/Berlin] ATRAPABONO: Conexión a base de datos exitosa
[11-Oct-2025 19:52:16 Europe/Berlin] ATRAPABONO: Conexión a base de datos exitosa
[11-Oct-2025 19:52:16 Europe/Berlin] ATRAPABONO: Conexión a base de datos exitosa
[11-Oct-2025 19:52:16 Europe/Berlin] ATRAPABONO: Conexión a base de datos exitosa
[11-Oct-2025 19:52:16 Europe/Berlin] ATRAPABONO: Conexión a base de datos exitosa
[11-Oct-2025 19:52:16 Europe/Berlin] ATRAPABONO: Conexión a base de datos exitosa
[11-Oct-2025 19:52:16 Europe/Berlin] ATRAPABONO: Conexión a base de datos exitosa
[11-Oct-2025 19:52:18 Europe/Berlin] ATRAPABONO: Conexión a base de datos exitosa
[11-Oct-2025 19:52:18 Europe/Berlin] ATRAPABONO: Conexión a base de datos exitosa
[11-Oct-2025 19:52:18 Europe/Berlin] ATRAPABONO: Conexión a base de datos exitosa
[11-Oct-2025 19:52:18 Europe/Berlin] ATRAPABONO: Conexión a base de datos exitosa
[11-Oct-2025 19:52:18 Europe/Berlin] ATRAPABONO: Conexión a base de datos exitosa
[11-Oct-2025 19:52:18 Europe/Berlin] ATRAPABONO: Conexión a base de datos exitosa
[11-Oct-2025 19:52:18 Europe/Berlin] ATRAPABONO: Conexión a base de datos exitosa
[11-Oct-2025 19:52:18 Europe/Berlin] ATRAPABONO: Conexión a base de datos exitosa
[12-Oct-2025 00:28:09 Europe/Berlin] ATRAPABONO: Conexión a base de datos exitosa
[12-Oct-2025 00:28:09 Europe/Berlin] ATRAPABONO: Conexión a base de datos exitosa
[12-Oct-2025 00:28:09 Europe/Berlin] ATRAPABONO: Conexión a base de datos exitosa
[12-Oct-2025 00:28:09 Europe/Berlin] ATRAPABONO: Conexión a base de datos exitosa
[12-Oct-2025 00:28:09 Europe/Berlin] ATRAPABONO: Conexión a base de datos exitosa
[12-Oct-2025 00:28:09 Europe/Berlin] ATRAPABONO: Conexión a base de datos exitosa
[12-Oct-2025 00:28:09 Europe/Berlin] ATRAPABONO: Conexión a base de datos exitosa
[12-Oct-2025 00:28:09 Europe/Berlin] ATRAPABONO: Conexión a base de datos exitosa
[13-Oct-2025 05:54:35 Europe/Berlin] ATRAPABONO: Conexión a base de datos exitosa
[13-Oct-2025 05:54:35 Europe/Berlin] ATRAPABONO: Conexión a base de datos exitosa
[13-Oct-2025 05:54:35 Europe/Berlin] ATRAPABONO: Conexión a base de datos exitosa
[13-Oct-2025 05:54:35 Europe/Berlin] ATRAPABONO: Conexión a base de datos exitosa
[13-Oct-2025 05:54:35 Europe/Berlin] ATRAPABONO: Conexión a base de datos exitosa
[13-Oct-2025 05:54:35 Europe/Berlin] ATRAPABONO: Conexión a base de datos exitosa
[13-Oct-2025 05:54:35 Europe/Berlin] ATRAPABONO: Conexión a base de datos exitosa
[13-Oct-2025 05:54:42 Europe/Berlin] ATRAPABONO: Conexión a base de datos exitosa
[13-Oct-2025 05:54:42 Europe/Berlin] ATRAPABONO: Conexión a base de datos exitosa
[13-Oct-2025 05:54:42 Europe/Berlin] ATRAPABONO: Conexión a base de datos exitosa
[13-Oct-2025 05:54:44 Europe/Berlin] ATRAPABONO: Conexión a base de datos exitosa
[13-Oct-2025 05:54:44 Europe/Berlin] ATRAPABONO: Conexión a base de datos exitosa
[13-Oct-2025 05:54:45 Europe/Berlin] ATRAPABONO: Conexión a base de datos exitosa
[13-Oct-2025 05:54:45 Europe/Berlin] ATRAPABONO: Conexión a base de datos exitosa
[13-Oct-2025 05:54:45 Europe/Berlin] ATRAPABONO: Conexión a base de datos exitosa
[13-Oct-2025 05:54:45 Europe/Berlin] ATRAPABONO: Conexión a base de datos exitosa
[13-Oct-2025 05:54:45 Europe/Berlin] ATRAPABONO: Conexión a base de datos exitosa
[13-Oct-2025 05:54:45 Europe/Berlin] ATRAPABONO: Conexión a base de datos exitosa
[13-Oct-2025 05:54:45 Europe/Berlin] ATRAPABONO: Conexión a base de datos exitosa
[14-Oct-2025 03:05:25 Europe/Berlin] ATRAPABONO: Conexión a base de datos exitosa
[14-Oct-2025 03:05:25 Europe/Berlin] ATRAPABONO: Conexión a base de datos exitosa
[14-Oct-2025 03:05:25 Europe/Berlin] ATRAPABONO: Conexión a base de datos exitosa
[14-Oct-2025 03:05:25 Europe/Berlin] ATRAPABONO: Conexión a base de datos exitosa
[14-Oct-2025 03:05:25 Europe/Berlin] ATRAPABONO: Conexión a base de datos exitosa
[14-Oct-2025 03:05:25 Europe/Berlin] ATRAPABONO: Conexión a base de datos exitosa
[14-Oct-2025 03:05:25 Europe/Berlin] ATRAPABONO: Conexión a base de datos exitosa
[14-Oct-2025 03:05:25 Europe/Berlin] ATRAPABONO: Conexión a base de datos exitosa
[14-Oct-2025 03:05:30 Europe/Berlin] ATRAPABONO: Conexión a base de datos exitosa
[14-Oct-2025 03:05:30 Europe/Berlin] ATRAPABONO: Conexión a base de datos exitosa
[14-Oct-2025 03:05:30 Europe/Berlin] ATRAPABONO: Conexión a base de datos exitosa
[14-Oct-2025 03:05:30 Europe/Berlin] ATRAPABONO: Conexión a base de datos exitosa
[14-Oct-2025 03:05:30 Europe/Berlin] ATRAPABONO: Conexión a base de datos exitosa
[14-Oct-2025 03:05:30 Europe/Berlin] ATRAPABONO: Conexión a base de datos exitosa
[14-Oct-2025 03:05:30 Europe/Berlin] ATRAPABONO: Conexión a base de datos exitosa
[14-Oct-2025 03:05:30 Europe/Berlin] ATRAPABONO: Conexión a base de datos exitosa
[14-Oct-2025 17:22:14 Europe/Berlin] ATRAPABONO: Conexión a base de datos exitosa
[14-Oct-2025 17:22:14 Europe/Berlin] ATRAPABONO: Conexión a base de datos exitosa
[14-Oct-2025 17:22:14 Europe/Berlin] ATRAPABONO: Conexión a base de datos exitosa
[14-Oct-2025 17:22:14 Europe/Berlin] ATRAPABONO: Conexión a base de datos exitosa
[14-Oct-2025 17:22:14 Europe/Berlin] ATRAPABONO: Conexión a base de datos exitosa
[14-Oct-2025 17:22:14 Europe/Berlin] ATRAPABONO: Conexión a base de datos exitosa
[14-Oct-2025 17:22:14 Europe/Berlin] ATRAPABONO: Conexión a base de datos exitosa
[14-Oct-2025 17:22:14 Europe/Berlin] ATRAPABONO: Conexión a base de datos exitosa
[14-Oct-2025 17:22:30 Europe/Berlin] ATRAPABONO: Conexión a base de datos exitosa
[14-Oct-2025 17:22:30 Europe/Berlin] ATRAPABONO: Conexión a base de datos exitosa
[14-Oct-2025 17:22:30 Europe/Berlin] ATRAPABONO: Conexión a base de datos exitosa
[14-Oct-2025 17:22:30 Europe/Berlin] ATRAPABONO: Conexión a base de datos exitosa
[14-Oct-2025 17:22:30 Europe/Berlin] ATRAPABONO: Conexión a base de datos exitosa
[14-Oct-2025 17:22:30 Europe/Berlin] ATRAPABONO: Conexión a base de datos exitosa
[14-Oct-2025 17:22:30 Europe/Berlin] ATRAPABONO: Conexión a base de datos exitosa
[14-Oct-2025 17:22:30 Europe/Berlin] ATRAPABONO: Conexión a base de datos exitosa
[14-Oct-2025 17:22:30 Europe/Berlin] ATRAPABONO: Conexión a base de datos exitosa
[14-Oct-2025 19:57:20 Europe/Berlin] ATRAPABONO: Conexión a base de datos exitosa
[14-Oct-2025 19:57:20 Europe/Berlin] PHP Fatal error:  Uncaught mysqli_sql_exception: Unknown column 'email' in 'where clause' in C:\xampp\htdocs\landing_atrapabono\services\account_request.php:37
Stack trace:
#0 C:\xampp\htdocs\landing_atrapabono\services\account_request.php(37): mysqli->prepare('SELECT id FROM ...')
#1 {main}
  thrown in C:\xampp\htdocs\landing_atrapabono\services\account_request.php on line 37
[14-Oct-2025 19:57:22 Europe/Berlin] ATRAPABONO: Conexión a base de datos exitosa
[14-Oct-2025 19:57:22 Europe/Berlin] PHP Fatal error:  Uncaught mysqli_sql_exception: Unknown column 'email' in 'where clause' in C:\xampp\htdocs\landing_atrapabono\services\account_request.php:37
Stack trace:
#0 C:\xampp\htdocs\landing_atrapabono\services\account_request.php(37): mysqli->prepare('SELECT id FROM ...')
#1 {main}
  thrown in C:\xampp\htdocs\landing_atrapabono\services\account_request.php on line 37
[14-Oct-2025 19:57:23 Europe/Berlin] ATRAPABONO: Conexión a base de datos exitosa
[14-Oct-2025 19:57:23 Europe/Berlin] PHP Fatal error:  Uncaught mysqli_sql_exception: Unknown column 'email' in 'where clause' in C:\xampp\htdocs\landing_atrapabono\services\account_request.php:37
Stack trace:
#0 C:\xampp\htdocs\landing_atrapabono\services\account_request.php(37): mysqli->prepare('SELECT id FROM ...')
#1 {main}
  thrown in C:\xampp\htdocs\landing_atrapabono\services\account_request.php on line 37
[14-Oct-2025 19:57:27 Europe/Berlin] ATRAPABONO: Conexión a base de datos exitosa
[14-Oct-2025 19:57:27 Europe/Berlin] PHP Fatal error:  Uncaught mysqli_sql_exception: Unknown column 'email' in 'where clause' in C:\xampp\htdocs\landing_atrapabono\services\account_request.php:37
Stack trace:
#0 C:\xampp\htdocs\landing_atrapabono\services\account_request.php(37): mysqli->prepare('SELECT id FROM ...')
#1 {main}
  thrown in C:\xampp\htdocs\landing_atrapabono\services\account_request.php on line 37
[14-Oct-2025 19:57:34 Europe/Berlin] ATRAPABONO: Conexión a base de datos exitosa
[14-Oct-2025 19:57:34 Europe/Berlin] PHP Fatal error:  Uncaught mysqli_sql_exception: Unknown column 'email' in 'where clause' in C:\xampp\htdocs\landing_atrapabono\services\account_request.php:37
Stack trace:
#0 C:\xampp\htdocs\landing_atrapabono\services\account_request.php(37): mysqli->prepare('SELECT id FROM ...')
#1 {main}
  thrown in C:\xampp\htdocs\landing_atrapabono\services\account_request.php on line 37
[14-Oct-2025 19:57:34 Europe/Berlin] ATRAPABONO: Conexión a base de datos exitosa
[14-Oct-2025 19:57:34 Europe/Berlin] PHP Fatal error:  Uncaught mysqli_sql_exception: Unknown column 'email' in 'where clause' in C:\xampp\htdocs\landing_atrapabono\services\account_request.php:37
Stack trace:
#0 C:\xampp\htdocs\landing_atrapabono\services\account_request.php(37): mysqli->prepare('SELECT id FROM ...')
#1 {main}
  thrown in C:\xampp\htdocs\landing_atrapabono\services\account_request.php on line 37
[14-Oct-2025 19:57:41 Europe/Berlin] ATRAPABONO: Conexión a base de datos exitosa
[14-Oct-2025 19:57:41 Europe/Berlin] PHP Fatal error:  Uncaught mysqli_sql_exception: Unknown column 'email' in 'where clause' in C:\xampp\htdocs\landing_atrapabono\services\account_request.php:37
Stack trace:
#0 C:\xampp\htdocs\landing_atrapabono\services\account_request.php(37): mysqli->prepare('SELECT id FROM ...')
#1 {main}
  thrown in C:\xampp\htdocs\landing_atrapabono\services\account_request.php on line 37
[14-Oct-2025 19:57:57 Europe/Berlin] ATRAPABONO: Conexión a base de datos exitosa
[14-Oct-2025 19:57:57 Europe/Berlin] PHP Fatal error:  Uncaught mysqli_sql_exception: Unknown column 'email' in 'where clause' in C:\xampp\htdocs\landing_atrapabono\services\account_request.php:37
Stack trace:
#0 C:\xampp\htdocs\landing_atrapabono\services\account_request.php(37): mysqli->prepare('SELECT id FROM ...')
#1 {main}
  thrown in C:\xampp\htdocs\landing_atrapabono\services\account_request.php on line 37
[14-Oct-2025 20:00:40 Europe/Berlin] ATRAPABONO: Conexión a base de datos exitosa
[14-Oct-2025 20:00:48 Europe/Berlin] ATRAPABONO: Conexión a base de datos exitosa
[14-Oct-2025 20:00:48 Europe/Berlin] ATRAPABONO: Conexión a base de datos exitosa
[14-Oct-2025 20:00:48 Europe/Berlin] ATRAPABONO: Conexión a base de datos exitosa
[14-Oct-2025 20:00:48 Europe/Berlin] ATRAPABONO: Conexión a base de datos exitosa
[14-Oct-2025 20:00:48 Europe/Berlin] ATRAPABONO: Conexión a base de datos exitosa
[14-Oct-2025 20:00:48 Europe/Berlin] ATRAPABONO: Conexión a base de datos exitosa
[14-Oct-2025 20:00:48 Europe/Berlin] ATRAPABONO: Conexión a base de datos exitosa
[14-Oct-2025 20:00:48 Europe/Berlin] ATRAPABONO: Conexión a base de datos exitosa
[14-Oct-2025 20:01:30 Europe/Berlin] ATRAPABONO: Conexión a base de datos exitosa
[14-Oct-2025 20:01:31 Europe/Berlin] ATRAPABONO: Conexión a base de datos exitosa
[14-Oct-2025 20:01:33 Europe/Berlin] ATRAPABONO: Conexión a base de datos exitosa
[14-Oct-2025 20:01:33 Europe/Berlin] ATRAPABONO: Conexión a base de datos exitosa
[14-Oct-2025 20:01:33 Europe/Berlin] ATRAPABONO: Conexión a base de datos exitosa
[14-Oct-2025 20:01:33 Europe/Berlin] ATRAPABONO: Conexión a base de datos exitosa
[14-Oct-2025 20:01:33 Europe/Berlin] ATRAPABONO: Conexión a base de datos exitosa
[14-Oct-2025 20:01:33 Europe/Berlin] ATRAPABONO: Conexión a base de datos exitosa
[14-Oct-2025 20:01:33 Europe/Berlin] ATRAPABONO: Conexión a base de datos exitosa
[14-Oct-2025 20:01:33 Europe/Berlin] ATRAPABONO: Conexión a base de datos exitosa
[14-Oct-2025 20:08:21 Europe/Berlin] ATRAPABONO: Conexión a base de datos exitosa
[14-Oct-2025 20:08:37 Europe/Berlin] ATRAPABONO: Conexión a base de datos exitosa
[14-Oct-2025 20:08:37 Europe/Berlin] ATRAPABONO: Conexión a base de datos exitosa
[14-Oct-2025 20:08:37 Europe/Berlin] ATRAPABONO: Conexión a base de datos exitosa
[14-Oct-2025 20:08:37 Europe/Berlin] ATRAPABONO: Conexión a base de datos exitosa
[14-Oct-2025 20:08:37 Europe/Berlin] ATRAPABONO: Conexión a base de datos exitosa
[14-Oct-2025 20:08:37 Europe/Berlin] ATRAPABONO: Conexión a base de datos exitosa
[14-Oct-2025 20:08:37 Europe/Berlin] ATRAPABONO: Conexión a base de datos exitosa
[14-Oct-2025 20:08:37 Europe/Berlin] ATRAPABONO: Conexión a base de datos exitosa
[14-Oct-2025 20:08:48 Europe/Berlin] ATRAPABONO: Conexión a base de datos exitosa
[14-Oct-2025 20:08:49 Europe/Berlin] ATRAPABONO: Conexión a base de datos exitosa
[14-Oct-2025 20:09:51 Europe/Berlin] ATRAPABONO: Conexión a base de datos exitosa
[14-Oct-2025 20:09:51 Europe/Berlin] ATRAPABONO: Conexión a base de datos exitosa
[14-Oct-2025 20:09:51 Europe/Berlin] ATRAPABONO: Conexión a base de datos exitosa
[14-Oct-2025 20:09:51 Europe/Berlin] ATRAPABONO: Conexión a base de datos exitosa
[14-Oct-2025 20:09:51 Europe/Berlin] ATRAPABONO: Conexión a base de datos exitosa
[14-Oct-2025 20:09:51 Europe/Berlin] ATRAPABONO: Conexión a base de datos exitosa
[14-Oct-2025 20:09:51 Europe/Berlin] ATRAPABONO: Conexión a base de datos exitosa
[14-Oct-2025 20:09:51 Europe/Berlin] ATRAPABONO: Conexión a base de datos exitosa
[14-Oct-2025 20:15:26 Europe/Berlin] ATRAPABONO: Conexión a base de datos exitosa
[14-Oct-2025 20:15:28 Europe/Berlin] ATRAPABONO: Conexión a base de datos exitosa
[14-Oct-2025 20:15:34 Europe/Berlin] ATRAPABONO: Conexión a base de datos exitosa
[14-Oct-2025 20:15:56 Europe/Berlin] ATRAPABONO: Conexión a base de datos exitosa
[14-Oct-2025 20:16:08 Europe/Berlin] ATRAPABONO: Conexión a base de datos exitosa
[14-Oct-2025 20:16:08 Europe/Berlin] ATRAPABONO: Conexión a base de datos exitosa
[14-Oct-2025 20:16:08 Europe/Berlin] ATRAPABONO: Conexión a base de datos exitosa
[14-Oct-2025 20:16:08 Europe/Berlin] ATRAPABONO: Conexión a base de datos exitosa
[14-Oct-2025 20:16:08 Europe/Berlin] ATRAPABONO: Conexión a base de datos exitosa
[14-Oct-2025 20:16:08 Europe/Berlin] ATRAPABONO: Conexión a base de datos exitosa
[14-Oct-2025 20:16:08 Europe/Berlin] ATRAPABONO: Conexión a base de datos exitosa
[14-Oct-2025 20:16:09 Europe/Berlin] ATRAPABONO: Conexión a base de datos exitosa
[14-Oct-2025 20:16:19 Europe/Berlin] ATRAPABONO: Conexión a base de datos exitosa
[14-Oct-2025 20:16:19 Europe/Berlin] ATRAPABONO: Conexión a base de datos exitosa
[14-Oct-2025 20:16:19 Europe/Berlin] ATRAPABONO: Conexión a base de datos exitosa
[14-Oct-2025 20:16:19 Europe/Berlin] ATRAPABONO: Conexión a base de datos exitosa
[14-Oct-2025 20:16:19 Europe/Berlin] ATRAPABONO: Conexión a base de datos exitosa
[14-Oct-2025 20:16:19 Europe/Berlin] ATRAPABONO: Conexión a base de datos exitosa
[14-Oct-2025 20:17:17 Europe/Berlin] ATRAPABONO: Conexión a base de datos exitosa
[14-Oct-2025 20:17:17 Europe/Berlin] ATRAPABONO: Conexión a base de datos exitosa
[14-Oct-2025 20:17:34 Europe/Berlin] ATRAPABONO: Conexión a base de datos exitosa
[14-Oct-2025 20:17:34 Europe/Berlin] ATRAPABONO: Conexión a base de datos exitosa
[14-Oct-2025 20:17:34 Europe/Berlin] ATRAPABONO: Conexión a base de datos exitosa
[14-Oct-2025 20:17:34 Europe/Berlin] ATRAPABONO: Conexión a base de datos exitosa
[14-Oct-2025 20:17:34 Europe/Berlin] ATRAPABONO: Conexión a base de datos exitosa
[14-Oct-2025 20:17:34 Europe/Berlin] ATRAPABONO: Conexión a base de datos exitosa
[14-Oct-2025 20:17:34 Europe/Berlin] ATRAPABONO: Conexión a base de datos exitosa
[14-Oct-2025 20:17:34 Europe/Berlin] ATRAPABONO: Conexión a base de datos exitosa
[14-Oct-2025 20:17:45 Europe/Berlin] ATRAPABONO: Conexión a base de datos exitosa
[14-Oct-2025 20:17:46 Europe/Berlin] ATRAPABONO: Conexión a base de datos exitosa
[14-Oct-2025 20:17:49 Europe/Berlin] ATRAPABONO: Conexión a base de datos exitosa
[14-Oct-2025 20:17:50 Europe/Berlin] ATRAPABONO: Conexión a base de datos exitosa
[14-Oct-2025 20:17:51 Europe/Berlin] ATRAPABONO: Conexión a base de datos exitosa
[14-Oct-2025 20:17:51 Europe/Berlin] ATRAPABONO: Conexión a base de datos exitosa
[14-Oct-2025 20:17:51 Europe/Berlin] ATRAPABONO: Conexión a base de datos exitosa
[14-Oct-2025 20:17:51 Europe/Berlin] ATRAPABONO: Conexión a base de datos exitosa
[14-Oct-2025 20:17:51 Europe/Berlin] ATRAPABONO: Conexión a base de datos exitosa
[14-Oct-2025 20:17:51 Europe/Berlin] ATRAPABONO: Conexión a base de datos exitosa
[14-Oct-2025 20:17:51 Europe/Berlin] ATRAPABONO: Conexión a base de datos exitosa
[14-Oct-2025 20:17:51 Europe/Berlin] ATRAPABONO: Conexión a base de datos exitosa
[14-Oct-2025 20:26:36 Europe/Berlin] ATRAPABONO: Conexión a base de datos exitosa
[14-Oct-2025 20:27:00 Europe/Berlin] ATRAPABONO: Conexión a base de datos exitosa
[14-Oct-2025 20:28:39 Europe/Berlin] ATRAPABONO: Conexión a base de datos exitosa
[14-Oct-2025 20:28:39 Europe/Berlin] ATRAPABONO: Conexión a base de datos exitosa
[14-Oct-2025 20:28:39 Europe/Berlin] ATRAPABONO: Conexión a base de datos exitosa
[14-Oct-2025 20:28:39 Europe/Berlin] ATRAPABONO: Conexión a base de datos exitosa
[14-Oct-2025 20:28:39 Europe/Berlin] ATRAPABONO: Conexión a base de datos exitosa
[14-Oct-2025 20:28:39 Europe/Berlin] ATRAPABONO: Conexión a base de datos exitosa
[14-Oct-2025 20:28:39 Europe/Berlin] ATRAPABONO: Conexión a base de datos exitosa
[14-Oct-2025 20:28:39 Europe/Berlin] ATRAPABONO: Conexión a base de datos exitosa
[14-Oct-2025 20:28:46 Europe/Berlin] ATRAPABONO: Conexión a base de datos exitosa
[14-Oct-2025 20:28:47 Europe/Berlin] ATRAPABONO: Conexión a base de datos exitosa
[14-Oct-2025 20:28:48 Europe/Berlin] ATRAPABONO: Conexión a base de datos exitosa
[14-Oct-2025 20:28:48 Europe/Berlin] ATRAPABONO: Conexión a base de datos exitosa
[14-Oct-2025 20:28:48 Europe/Berlin] ATRAPABONO: Conexión a base de datos exitosa
[14-Oct-2025 20:28:48 Europe/Berlin] ATRAPABONO: Conexión a base de datos exitosa
[14-Oct-2025 20:28:48 Europe/Berlin] ATRAPABONO: Conexión a base de datos exitosa
[14-Oct-2025 20:28:48 Europe/Berlin] ATRAPABONO: Conexión a base de datos exitosa
[14-Oct-2025 20:28:48 Europe/Berlin] ATRAPABONO: Conexión a base de datos exitosa
[14-Oct-2025 20:30:05 Europe/Berlin] ATRAPABONO: Conexión a base de datos exitosa
[14-Oct-2025 20:30:05 Europe/Berlin] ATRAPABONO: Conexión a base de datos exitosa
[14-Oct-2025 20:30:22 Europe/Berlin] ATRAPABONO: Conexión a base de datos exitosa
[14-Oct-2025 20:30:22 Europe/Berlin] ATRAPABONO: Conexión a base de datos exitosa
[14-Oct-2025 20:30:22 Europe/Berlin] ATRAPABONO: Conexión a base de datos exitosa
[14-Oct-2025 20:30:22 Europe/Berlin] ATRAPABONO: Conexión a base de datos exitosa
[14-Oct-2025 20:30:22 Europe/Berlin] ATRAPABONO: Conexión a base de datos exitosa
[14-Oct-2025 20:30:22 Europe/Berlin] ATRAPABONO: Conexión a base de datos exitosa
[14-Oct-2025 20:30:22 Europe/Berlin] ATRAPABONO: Conexión a base de datos exitosa
[14-Oct-2025 20:30:22 Europe/Berlin] ATRAPABONO: Conexión a base de datos exitosa
[14-Oct-2025 20:30:35 Europe/Berlin] ATRAPABONO: Conexión a base de datos exitosa
[14-Oct-2025 20:30:36 Europe/Berlin] ATRAPABONO: Conexión a base de datos exitosa
[14-Oct-2025 20:38:38 Europe/Berlin] ATRAPABONO: Conexión a base de datos exitosa
[14-Oct-2025 20:38:38 Europe/Berlin] ATRAPABONO: Conexión a base de datos exitosa
[14-Oct-2025 20:38:38 Europe/Berlin] ATRAPABONO: Conexión a base de datos exitosa
[14-Oct-2025 20:38:38 Europe/Berlin] ATRAPABONO: Conexión a base de datos exitosa
[14-Oct-2025 20:38:38 Europe/Berlin] ATRAPABONO: Conexión a base de datos exitosa
[14-Oct-2025 20:38:38 Europe/Berlin] ATRAPABONO: Conexión a base de datos exitosa
[14-Oct-2025 20:38:38 Europe/Berlin] ATRAPABONO: Conexión a base de datos exitosa
[14-Oct-2025 20:38:38 Europe/Berlin] ATRAPABONO: Conexión a base de datos exitosa
[14-Oct-2025 20:38:46 Europe/Berlin] ATRAPABONO: Conexión a base de datos exitosa
[14-Oct-2025 20:38:46 Europe/Berlin] ATRAPABONO: Conexión a base de datos exitosa
[14-Oct-2025 20:38:46 Europe/Berlin] ATRAPABONO: Conexión a base de datos exitosa
[14-Oct-2025 20:38:46 Europe/Berlin] ATRAPABONO: Conexión a base de datos exitosa
[14-Oct-2025 20:38:46 Europe/Berlin] ATRAPABONO: Conexión a base de datos exitosa
[14-Oct-2025 20:38:46 Europe/Berlin] ATRAPABONO: Conexión a base de datos exitosa
[14-Oct-2025 20:38:46 Europe/Berlin] ATRAPABONO: Conexión a base de datos exitosa
[14-Oct-2025 20:38:46 Europe/Berlin] ATRAPABONO: Conexión a base de datos exitosa
[14-Oct-2025 20:38:46 Europe/Berlin] ATRAPABONO: Conexión a base de datos exitosa
[14-Oct-2025 20:38:46 Europe/Berlin] ATRAPABONO: Conexión a base de datos exitosa
[14-Oct-2025 20:38:46 Europe/Berlin] ATRAPABONO: Conexión a base de datos exitosa
[14-Oct-2025 20:38:46 Europe/Berlin] ATRAPABONO: Conexión a base de datos exitosa
[14-Oct-2025 20:38:46 Europe/Berlin] ATRAPABONO: Conexión a base de datos exitosa
[14-Oct-2025 20:38:46 Europe/Berlin] ATRAPABONO: Conexión a base de datos exitosa
[14-Oct-2025 20:38:46 Europe/Berlin] ATRAPABONO: Conexión a base de datos exitosa
[14-Oct-2025 20:38:47 Europe/Berlin] ATRAPABONO: Conexión a base de datos exitosa
[14-Oct-2025 20:38:47 Europe/Berlin] ATRAPABONO: Conexión a base de datos exitosa
[14-Oct-2025 20:38:47 Europe/Berlin] ATRAPABONO: Conexión a base de datos exitosa
[14-Oct-2025 20:38:47 Europe/Berlin] ATRAPABONO: Conexión a base de datos exitosa
[14-Oct-2025 20:38:47 Europe/Berlin] ATRAPABONO: Conexión a base de datos exitosa
[14-Oct-2025 20:38:47 Europe/Berlin] ATRAPABONO: Conexión a base de datos exitosa
[14-Oct-2025 20:38:47 Europe/Berlin] ATRAPABONO: Conexión a base de datos exitosa
[14-Oct-2025 20:38:47 Europe/Berlin] ATRAPABONO: Conexión a base de datos exitosa
[14-Oct-2025 20:38:47 Europe/Berlin] ATRAPABONO: Conexión a base de datos exitosa
[14-Oct-2025 20:38:47 Europe/Berlin] ATRAPABONO: Conexión a base de datos exitosa
[14-Oct-2025 20:38:47 Europe/Berlin] ATRAPABONO: Conexión a base de datos exitosa
[14-Oct-2025 20:38:47 Europe/Berlin] ATRAPABONO: Conexión a base de datos exitosa
[14-Oct-2025 20:39:06 Europe/Berlin] ATRAPABONO: Conexión a base de datos exitosa
[14-Oct-2025 20:39:06 Europe/Berlin] ATRAPABONO: Conexión a base de datos exitosa
[14-Oct-2025 20:39:12 Europe/Berlin] ATRAPABONO: Conexión a base de datos exitosa
[14-Oct-2025 20:39:12 Europe/Berlin] ATRAPABONO: Conexión a base de datos exitosa
[14-Oct-2025 20:39:12 Europe/Berlin] ATRAPABONO: Conexión a base de datos exitosa
[14-Oct-2025 20:39:12 Europe/Berlin] ATRAPABONO: Conexión a base de datos exitosa
[14-Oct-2025 20:39:12 Europe/Berlin] ATRAPABONO: Conexión a base de datos exitosa
[14-Oct-2025 20:39:12 Europe/Berlin] ATRAPABONO: Conexión a base de datos exitosa
[14-Oct-2025 20:39:12 Europe/Berlin] ATRAPABONO: Conexión a base de datos exitosa
[14-Oct-2025 20:39:12 Europe/Berlin] ATRAPABONO: Conexión a base de datos exitosa
[14-Oct-2025 20:39:12 Europe/Berlin] ATRAPABONO: Conexión a base de datos exitosa
[14-Oct-2025 20:39:12 Europe/Berlin] ATRAPABONO: Conexión a base de datos exitosa
[14-Oct-2025 20:39:12 Europe/Berlin] ATRAPABONO: Conexión a base de datos exitosa
[14-Oct-2025 20:39:12 Europe/Berlin] ATRAPABONO: Conexión a base de datos exitosa
[14-Oct-2025 20:39:12 Europe/Berlin] ATRAPABONO: Conexión a base de datos exitosa
[14-Oct-2025 20:39:12 Europe/Berlin] ATRAPABONO: Conexión a base de datos exitosa
[14-Oct-2025 20:39:12 Europe/Berlin] ATRAPABONO: Conexión a base de datos exitosa
[14-Oct-2025 20:39:12 Europe/Berlin] ATRAPABONO: Conexión a base de datos exitosa
[14-Oct-2025 20:39:12 Europe/Berlin] ATRAPABONO: Conexión a base de datos exitosa
[14-Oct-2025 20:39:12 Europe/Berlin] ATRAPABONO: Conexión a base de datos exitosa
[14-Oct-2025 20:39:12 Europe/Berlin] ATRAPABONO: Conexión a base de datos exitosa
[14-Oct-2025 20:39:12 Europe/Berlin] ATRAPABONO: Conexión a base de datos exitosa
[14-Oct-2025 20:39:12 Europe/Berlin] ATRAPABONO: Conexión a base de datos exitosa
[14-Oct-2025 20:39:12 Europe/Berlin] ATRAPABONO: Conexión a base de datos exitosa
[14-Oct-2025 20:39:12 Europe/Berlin] ATRAPABONO: Conexión a base de datos exitosa
[14-Oct-2025 20:39:22 Europe/Berlin] ATRAPABONO: Conexión a base de datos exitosa
[14-Oct-2025 20:39:22 Europe/Berlin] ATRAPABONO: Conexión a base de datos exitosa
[14-Oct-2025 20:39:22 Europe/Berlin] ATRAPABONO: Conexión a base de datos exitosa
[14-Oct-2025 20:39:22 Europe/Berlin] ATRAPABONO: Conexión a base de datos exitosa
[14-Oct-2025 20:39:22 Europe/Berlin] ATRAPABONO: Conexión a base de datos exitosa
[14-Oct-2025 20:39:22 Europe/Berlin] ATRAPABONO: Conexión a base de datos exitosa
[14-Oct-2025 20:39:22 Europe/Berlin] ATRAPABONO: Conexión a base de datos exitosa
[14-Oct-2025 20:39:22 Europe/Berlin] ATRAPABONO: Conexión a base de datos exitosa
[14-Oct-2025 20:39:22 Europe/Berlin] ATRAPABONO: Conexión a base de datos exitosa
[14-Oct-2025 20:39:22 Europe/Berlin] ATRAPABONO: Conexión a base de datos exitosa
[14-Oct-2025 20:39:22 Europe/Berlin] ATRAPABONO: Conexión a base de datos exitosa
[14-Oct-2025 20:39:22 Europe/Berlin] ATRAPABONO: Conexión a base de datos exitosa
[14-Oct-2025 20:39:22 Europe/Berlin] ATRAPABONO: Conexión a base de datos exitosa
[14-Oct-2025 20:39:22 Europe/Berlin] ATRAPABONO: Conexión a base de datos exitosa
[14-Oct-2025 20:39:22 Europe/Berlin] ATRAPABONO: Conexión a base de datos exitosa
[14-Oct-2025 20:39:22 Europe/Berlin] ATRAPABONO: Conexión a base de datos exitosa
[14-Oct-2025 20:39:22 Europe/Berlin] ATRAPABONO: Conexión a base de datos exitosa
[14-Oct-2025 20:39:22 Europe/Berlin] ATRAPABONO: Conexión a base de datos exitosa
[14-Oct-2025 20:39:22 Europe/Berlin] ATRAPABONO: Conexión a base de datos exitosa
[14-Oct-2025 20:39:22 Europe/Berlin] ATRAPABONO: Conexión a base de datos exitosa
[14-Oct-2025 20:39:22 Europe/Berlin] ATRAPABONO: Conexión a base de datos exitosa
[14-Oct-2025 20:39:22 Europe/Berlin] ATRAPABONO: Conexión a base de datos exitosa
[14-Oct-2025 20:39:22 Europe/Berlin] ATRAPABONO: Conexión a base de datos exitosa
[14-Oct-2025 20:39:22 Europe/Berlin] ATRAPABONO: Conexión a base de datos exitosa
[14-Oct-2025 20:39:22 Europe/Berlin] ATRAPABONO: Conexión a base de datos exitosa
[14-Oct-2025 20:39:22 Europe/Berlin] ATRAPABONO: Conexión a base de datos exitosa
[14-Oct-2025 20:39:28 Europe/Berlin] ATRAPABONO: Conexión a base de datos exitosa
[14-Oct-2025 20:39:28 Europe/Berlin] ATRAPABONO: Conexión a base de datos exitosa
[14-Oct-2025 20:39:28 Europe/Berlin] ATRAPABONO: Conexión a base de datos exitosa
[14-Oct-2025 20:39:28 Europe/Berlin] ATRAPABONO: Conexión a base de datos exitosa
[14-Oct-2025 20:39:28 Europe/Berlin] ATRAPABONO: Conexión a base de datos exitosa
[14-Oct-2025 20:39:28 Europe/Berlin] ATRAPABONO: Conexión a base de datos exitosa
[14-Oct-2025 20:39:28 Europe/Berlin] ATRAPABONO: Conexión a base de datos exitosa
[14-Oct-2025 20:39:28 Europe/Berlin] ATRAPABONO: Conexión a base de datos exitosa
[14-Oct-2025 20:39:28 Europe/Berlin] ATRAPABONO: Conexión a base de datos exitosa
[14-Oct-2025 20:39:28 Europe/Berlin] ATRAPABONO: Conexión a base de datos exitosa
[14-Oct-2025 20:39:28 Europe/Berlin] ATRAPABONO: Conexión a base de datos exitosa
[14-Oct-2025 20:39:28 Europe/Berlin] ATRAPABONO: Conexión a base de datos exitosa
[14-Oct-2025 20:39:28 Europe/Berlin] ATRAPABONO: Conexión a base de datos exitosa
[14-Oct-2025 20:39:28 Europe/Berlin] ATRAPABONO: Conexión a base de datos exitosa
[14-Oct-2025 20:39:28 Europe/Berlin] ATRAPABONO: Conexión a base de datos exitosa
[14-Oct-2025 20:39:28 Europe/Berlin] ATRAPABONO: Conexión a base de datos exitosa
[14-Oct-2025 20:39:28 Europe/Berlin] ATRAPABONO: Conexión a base de datos exitosa
[14-Oct-2025 20:39:28 Europe/Berlin] ATRAPABONO: Conexión a base de datos exitosa
[14-Oct-2025 20:39:28 Europe/Berlin] ATRAPABONO: Conexión a base de datos exitosa
[14-Oct-2025 20:39:28 Europe/Berlin] ATRAPABONO: Conexión a base de datos exitosa
[14-Oct-2025 20:39:28 Europe/Berlin] ATRAPABONO: Conexión a base de datos exitosa
[14-Oct-2025 20:39:28 Europe/Berlin] ATRAPABONO: Conexión a base de datos exitosa
[14-Oct-2025 20:39:28 Europe/Berlin] ATRAPABONO: Conexión a base de datos exitosa
[14-Oct-2025 20:39:39 Europe/Berlin] ATRAPABONO: Conexión a base de datos exitosa
[14-Oct-2025 20:39:39 Europe/Berlin] ATRAPABONO: Conexión a base de datos exitosa
[14-Oct-2025 20:39:39 Europe/Berlin] ATRAPABONO: Conexión a base de datos exitosa
[14-Oct-2025 20:39:39 Europe/Berlin] ATRAPABONO: Conexión a base de datos exitosa
[14-Oct-2025 20:39:39 Europe/Berlin] ATRAPABONO: Conexión a base de datos exitosa
[14-Oct-2025 20:39:39 Europe/Berlin] ATRAPABONO: Conexión a base de datos exitosa
[14-Oct-2025 20:39:39 Europe/Berlin] ATRAPABONO: Conexión a base de datos exitosa
[14-Oct-2025 20:39:39 Europe/Berlin] ATRAPABONO: Conexión a base de datos exitosa
[14-Oct-2025 20:42:49 Europe/Berlin] ATRAPABONO: Conexión a base de datos exitosa
[14-Oct-2025 20:42:49 Europe/Berlin] ATRAPABONO: Conexión a base de datos exitosa
[14-Oct-2025 20:42:49 Europe/Berlin] ATRAPABONO: Conexión a base de datos exitosa
[14-Oct-2025 20:42:49 Europe/Berlin] ATRAPABONO: Conexión a base de datos exitosa
[14-Oct-2025 20:42:49 Europe/Berlin] ATRAPABONO: Conexión a base de datos exitosa
[14-Oct-2025 20:42:49 Europe/Berlin] ATRAPABONO: Conexión a base de datos exitosa
[14-Oct-2025 20:42:49 Europe/Berlin] ATRAPABONO: Conexión a base de datos exitosa
[14-Oct-2025 20:42:49 Europe/Berlin] ATRAPABONO: Conexión a base de datos exitosa
[14-Oct-2025 20:43:02 Europe/Berlin] ATRAPABONO: Conexión a base de datos exitosa
[14-Oct-2025 20:43:02 Europe/Berlin] ATRAPABONO: Conexión a base de datos exitosa
[14-Oct-2025 20:43:02 Europe/Berlin] ATRAPABONO: Conexión a base de datos exitosa
[14-Oct-2025 20:43:02 Europe/Berlin] ATRAPABONO: Conexión a base de datos exitosa
[14-Oct-2025 20:43:02 Europe/Berlin] ATRAPABONO: Conexión a base de datos exitosa
[14-Oct-2025 20:43:02 Europe/Berlin] ATRAPABONO: Conexión a base de datos exitosa
[14-Oct-2025 20:43:02 Europe/Berlin] ATRAPABONO: Conexión a base de datos exitosa
[14-Oct-2025 20:43:08 Europe/Berlin] ATRAPABONO: Conexión a base de datos exitosa
[14-Oct-2025 20:43:09 Europe/Berlin] ATRAPABONO: Conexión a base de datos exitosa
[14-Oct-2025 20:43:09 Europe/Berlin] ATRAPABONO: Conexión a base de datos exitosa
[14-Oct-2025 20:43:09 Europe/Berlin] ATRAPABONO: Conexión a base de datos exitosa
[14-Oct-2025 20:43:09 Europe/Berlin] ATRAPABONO: Conexión a base de datos exitosa
[14-Oct-2025 20:43:09 Europe/Berlin] ATRAPABONO: Conexión a base de datos exitosa
[14-Oct-2025 20:43:09 Europe/Berlin] ATRAPABONO: Conexión a base de datos exitosa
[14-Oct-2025 20:43:16 Europe/Berlin] ATRAPABONO: Conexión a base de datos exitosa
[14-Oct-2025 20:43:16 Europe/Berlin] ATRAPABONO: Conexión a base de datos exitosa
[14-Oct-2025 20:43:16 Europe/Berlin] ATRAPABONO: Conexión a base de datos exitosa
[14-Oct-2025 20:43:16 Europe/Berlin] ATRAPABONO: Conexión a base de datos exitosa
[14-Oct-2025 20:43:16 Europe/Berlin] ATRAPABONO: Conexión a base de datos exitosa
[14-Oct-2025 20:43:16 Europe/Berlin] ATRAPABONO: Conexión a base de datos exitosa
[14-Oct-2025 20:43:16 Europe/Berlin] ATRAPABONO: Conexión a base de datos exitosa
[14-Oct-2025 20:43:16 Europe/Berlin] ATRAPABONO: Conexión a base de datos exitosa
[14-Oct-2025 20:43:16 Europe/Berlin] ATRAPABONO: Conexión a base de datos exitosa
[14-Oct-2025 20:43:16 Europe/Berlin] ATRAPABONO: Conexión a base de datos exitosa
[14-Oct-2025 20:43:16 Europe/Berlin] ATRAPABONO: Conexión a base de datos exitosa
[14-Oct-2025 20:43:16 Europe/Berlin] ATRAPABONO: Conexión a base de datos exitosa
[14-Oct-2025 20:43:16 Europe/Berlin] ATRAPABONO: Conexión a base de datos exitosa
[14-Oct-2025 20:43:16 Europe/Berlin] ATRAPABONO: Conexión a base de datos exitosa
[14-Oct-2025 20:43:16 Europe/Berlin] ATRAPABONO: Conexión a base de datos exitosa
[14-Oct-2025 20:43:16 Europe/Berlin] ATRAPABONO: Conexión a base de datos exitosa
[14-Oct-2025 20:43:16 Europe/Berlin] ATRAPABONO: Conexión a base de datos exitosa
[14-Oct-2025 20:43:16 Europe/Berlin] ATRAPABONO: Conexión a base de datos exitosa
[14-Oct-2025 20:43:16 Europe/Berlin] ATRAPABONO: Conexión a base de datos exitosa
[14-Oct-2025 20:43:16 Europe/Berlin] ATRAPABONO: Conexión a base de datos exitosa
[14-Oct-2025 20:43:16 Europe/Berlin] ATRAPABONO: Conexión a base de datos exitosa
[14-Oct-2025 20:43:16 Europe/Berlin] ATRAPABONO: Conexión a base de datos exitosa
[14-Oct-2025 20:43:16 Europe/Berlin] ATRAPABONO: Conexión a base de datos exitosa
[14-Oct-2025 20:43:16 Europe/Berlin] ATRAPABONO: Conexión a base de datos exitosa
[14-Oct-2025 20:43:16 Europe/Berlin] ATRAPABONO: Conexión a base de datos exitosa
[15-Oct-2025 04:53:14 Europe/Berlin] ATRAPABONO DB ERROR: Host 'localhost' is not allowed to connect to this MariaDB server
[15-Oct-2025 04:53:33 Europe/Berlin] ATRAPABONO DB ERROR: Host 'localhost' is not allowed to connect to this MariaDB server
[15-Oct-2025 16:04:32 UTC] ATRAPABONO: Conexión a base de datos exitosa
[15-Oct-2025 16:04:47 UTC] ATRAPABONO: Conexión a base de datos exitosa
[15-Oct-2025 16:04:56 UTC] ATRAPABONO: Conexión a base de datos exitosa
[15-Oct-2025 16:05:11 UTC] ATRAPABONO: Conexión a base de datos exitosa
[15-Oct-2025 16:54:38 UTC] ATRAPABONO: Conexión a base de datos exitosa
[15-Oct-2025 16:55:13 UTC] ATRAPABONO: Conexión a base de datos exitosa
[15-Oct-2025 16:55:22 UTC] ATRAPABONO: Conexión a base de datos exitosa
[15-Oct-2025 16:55:27 UTC] ATRAPABONO: Conexión a base de datos exitosa
[15-Oct-2025 16:55:28 UTC] ATRAPABONO: Conexión a base de datos exitosa
[15-Oct-2025 16:55:28 UTC] ATRAPABONO: Conexión a base de datos exitosa
[15-Oct-2025 16:55:28 UTC] ATRAPABONO: Conexión a base de datos exitosa
[15-Oct-2025 16:55:28 UTC] ATRAPABONO: Conexión a base de datos exitosa
[15-Oct-2025 16:55:28 UTC] ATRAPABONO: Conexión a base de datos exitosa
[15-Oct-2025 16:55:28 UTC] ATRAPABONO: Conexión a base de datos exitosa
[15-Oct-2025 16:55:28 UTC] ATRAPABONO: Conexión a base de datos exitosa
[15-Oct-2025 16:55:28 UTC] ATRAPABONO: Conexión a base de datos exitosa
[15-Oct-2025 16:55:28 UTC] ATRAPABONO: Conexión a base de datos exitosa
[15-Oct-2025 16:55:28 UTC] ATRAPABONO: Conexión a base de datos exitosa
[15-Oct-2025 16:55:28 UTC] ATRAPABONO: Conexión a base de datos exitosa
[15-Oct-2025 16:55:28 UTC] ATRAPABONO: Conexión a base de datos exitosa
[15-Oct-2025 16:55:28 UTC] ATRAPABONO: Conexión a base de datos exitosa
[15-Oct-2025 16:55:28 UTC] ATRAPABONO: Conexión a base de datos exitosa
[15-Oct-2025 16:55:28 UTC] ATRAPABONO: Conexión a base de datos exitosa
[15-Oct-2025 16:55:28 UTC] ATRAPABONO: Conexión a base de datos exitosa
[15-Oct-2025 16:55:28 UTC] ATRAPABONO: Conexión a base de datos exitosa
[15-Oct-2025 16:55:28 UTC] ATRAPABONO: Conexión a base de datos exitosa
[15-Oct-2025 16:55:28 UTC] ATRAPABONO: Conexión a base de datos exitosa
[15-Oct-2025 16:55:28 UTC] ATRAPABONO: Conexión a base de datos exitosa
[15-Oct-2025 16:55:28 UTC] ATRAPABONO: Conexión a base de datos exitosa
[15-Oct-2025 16:55:28 UTC] ATRAPABONO: Conexión a base de datos exitosa
[15-Oct-2025 16:55:37 UTC] ATRAPABONO: Conexión a base de datos exitosa
[15-Oct-2025 16:55:37 UTC] ATRAPABONO: Conexión a base de datos exitosa
[15-Oct-2025 16:55:37 UTC] ATRAPABONO: Conexión a base de datos exitosa
[15-Oct-2025 16:55:37 UTC] ATRAPABONO: Conexión a base de datos exitosa
[15-Oct-2025 16:55:37 UTC] ATRAPABONO: Conexión a base de datos exitosa
[15-Oct-2025 16:55:37 UTC] ATRAPABONO: Conexión a base de datos exitosa
[15-Oct-2025 16:55:37 UTC] ATRAPABONO: Conexión a base de datos exitosa
[15-Oct-2025 16:55:37 UTC] ATRAPABONO: Conexión a base de datos exitosa
[15-Oct-2025 16:55:37 UTC] ATRAPABONO: Conexión a base de datos exitosa
[15-Oct-2025 16:55:37 UTC] ATRAPABONO: Conexión a base de datos exitosa
[15-Oct-2025 16:55:37 UTC] ATRAPABONO: Conexión a base de datos exitosa
[15-Oct-2025 16:55:37 UTC] ATRAPABONO: Conexión a base de datos exitosa
[15-Oct-2025 16:55:38 UTC] ATRAPABONO: Conexión a base de datos exitosa
[15-Oct-2025 16:55:38 UTC] ATRAPABONO: Conexión a base de datos exitosa
[15-Oct-2025 16:55:38 UTC] ATRAPABONO: Conexión a base de datos exitosa
[15-Oct-2025 16:55:38 UTC] ATRAPABONO: Conexión a base de datos exitosa
[15-Oct-2025 16:55:38 UTC] ATRAPABONO: Conexión a base de datos exitosa
[15-Oct-2025 16:55:38 UTC] ATRAPABONO: Conexión a base de datos exitosa
[15-Oct-2025 16:55:38 UTC] ATRAPABONO: Conexión a base de datos exitosa
[15-Oct-2025 16:55:38 UTC] ATRAPABONO: Conexión a base de datos exitosa
[15-Oct-2025 16:55:38 UTC] ATRAPABONO: Conexión a base de datos exitosa
[15-Oct-2025 16:55:38 UTC] ATRAPABONO: Conexión a base de datos exitosa
[15-Oct-2025 16:55:38 UTC] ATRAPABONO: Conexión a base de datos exitosa
[15-Oct-2025 16:55:38 UTC] ATRAPABONO: Conexión a base de datos exitosa
[15-Oct-2025 16:55:38 UTC] ATRAPABONO: Conexión a base de datos exitosa
                                                                          [15-Oct-2025 23:12:40 UTC] ATRAPABONO: Conexión a base de datos exitosa
[15-Oct-2025 23:12:45 UTC] ATRAPABONO: Conexión a base de datos exitosa
[15-Oct-2025 23:13:22 UTC] ATRAPABONO: Conexión a base de datos exitosa
[15-Oct-2025 23:13:55 UTC] ATRAPABONO: Conexión a base de datos exitosa
[15-Oct-2025 23:13:55 UTC] ATRAPABONO: Conexión a base de datos exitosa
[15-Oct-2025 23:13:55 UTC] ATRAPABONO: Conexión a base de datos exitosa
[15-Oct-2025 23:13:55 UTC] ATRAPABONO: Conexión a base de datos exitosa
[15-Oct-2025 23:13:55 UTC] ATRAPABONO: Conexión a base de datos exitosa
[15-Oct-2025 23:13:55 UTC] ATRAPABONO: Conexión a base de datos exitosa
[15-Oct-2025 23:13:55 UTC] ATRAPABONO: Conexión a base de datos exitosa
[15-Oct-2025 23:13:55 UTC] ATRAPABONO: Conexión a base de datos exitosa
[15-Oct-2025 23:13:55 UTC] ATRAPABONO: Conexión a base de datos exitosa
[15-Oct-2025 23:13:55 UTC] ATRAPABONO: Conexión a base de datos exitosa
[15-Oct-2025 23:13:55 UTC] ATRAPABONO: Conexión a base de datos exitosa
[15-Oct-2025 23:13:55 UTC] ATRAPABONO: Conexión a base de datos exitosa
[15-Oct-2025 23:13:55 UTC] ATRAPABONO: Conexión a base de datos exitosa
[15-Oct-2025 23:13:55 UTC] ATRAPABONO: Conexión a base de datos exitosa
[15-Oct-2025 23:13:55 UTC] ATRAPABONO: Conexión a base de datos exitosa
[15-Oct-2025 23:13:55 UTC] ATRAPABONO: Conexión a base de datos exitosa
[15-Oct-2025 23:13:55 UTC] ATRAPABONO: Conexión a base de datos exitosa
[15-Oct-2025 23:13:55 UTC] ATRAPABONO: Conexión a base de datos exitosa
[15-Oct-2025 23:13:55 UTC] ATRAPABONO: Conexión a base de datos exitosa
[15-Oct-2025 23:13:55 UTC] ATRAPABONO: Conexión a base de datos exitosa
[15-Oct-2025 23:13:55 UTC] ATRAPABONO: Conexión a base de datos exitosa
[15-Oct-2025 23:13:55 UTC] ATRAPABONO: Conexión a base de datos exitosa
[15-Oct-2025 23:13:55 UTC] ATRAPABONO: Conexión a base de datos exitosa
[16-Oct-2025 16:27:34 UTC] ATRAPABONO: Conexión a base de datos exitosa
[16-Oct-2025 16:27:34 UTC] ATRAPABONO: Conexión a base de datos exitosa
[16-Oct-2025 16:27:34 UTC] ATRAPABONO: Conexión a base de datos exitosa
[16-Oct-2025 16:27:34 UTC] ATRAPABONO: Conexión a base de datos exitosa
[16-Oct-2025 16:27:34 UTC] ATRAPABONO: Conexión a base de datos exitosa
[16-Oct-2025 16:27:34 UTC] ATRAPABONO: Conexión a base de datos exitosa
[16-Oct-2025 16:27:34 UTC] ATRAPABONO: Conexión a base de datos exitosa
[16-Oct-2025 16:27:34 UTC] ATRAPABONO: Conexión a base de datos exitosa
[16-Oct-2025 16:27:34 UTC] ATRAPABONO: Conexión a base de datos exitosa
[16-Oct-2025 16:27:34 UTC] ATRAPABONO: Conexión a base de datos exitosa
[16-Oct-2025 16:27:34 UTC] ATRAPABONO: Conexión a base de datos exitosa
[16-Oct-2025 16:27:34 UTC] ATRAPABONO: Conexión a base de datos exitosa
[16-Oct-2025 16:27:34 UTC] ATRAPABONO: Conexión a base de datos exitosa
[16-Oct-2025 16:27:34 UTC] ATRAPABONO: Conexión a base de datos exitosa
[16-Oct-2025 16:27:34 UTC] ATRAPABONO: Conexión a base de datos exitosa
[16-Oct-2025 16:27:34 UTC] ATRAPABONO: Conexión a base de datos exitosa
[16-Oct-2025 16:27:34 UTC] ATRAPABONO: Conexión a base de datos exitosa
[16-Oct-2025 16:27:34 UTC] ATRAPABONO: Conexión a base de datos exitosa
[16-Oct-2025 16:27:34 UTC] ATRAPABONO: Conexión a base de datos exitosa
[16-Oct-2025 16:27:34 UTC] ATRAPABONO: Conexión a base de datos exitosa
[16-Oct-2025 16:27:34 UTC] ATRAPABONO: Conexión a base de datos exitosa
[16-Oct-2025 16:27:34 UTC] ATRAPABONO: Conexión a base de datos exitosa
[16-Oct-2025 16:27:34 UTC] ATRAPABONO: Conexión a base de datos exitosa
[16-Oct-2025 16:27:37 UTC] ATRAPABONO: Conexión a base de datos exitosa
[16-Oct-2025 16:27:37 UTC] ATRAPABONO: Conexión a base de datos exitosa
[16-Oct-2025 16:27:37 UTC] ATRAPABONO: Conexión a base de datos exitosa
[16-Oct-2025 16:27:37 UTC] ATRAPABONO: Conexión a base de datos exitosa
[16-Oct-2025 16:27:37 UTC] ATRAPABONO: Conexión a base de datos exitosa
[16-Oct-2025 16:27:37 UTC] ATRAPABONO: Conexión a base de datos exitosa
[16-Oct-2025 16:27:37 UTC] ATRAPABONO: Conexión a base de datos exitosa
[16-Oct-2025 16:27:37 UTC] ATRAPABONO: Conexión a base de datos exitosa
[16-Oct-2025 16:27:37 UTC] ATRAPABONO: Conexión a base de datos exitosa
[16-Oct-2025 16:27:37 UTC] ATRAPABONO: Conexión a base de datos exitosa
[16-Oct-2025 16:27:37 UTC] ATRAPABONO: Conexión a base de datos exitosa
[16-Oct-2025 16:27:37 UTC] ATRAPABONO: Conexión a base de datos exitosa
[16-Oct-2025 16:27:37 UTC] ATRAPABONO: Conexión a base de datos exitosa
[16-Oct-2025 16:27:37 UTC] ATRAPABONO: Conexión a base de datos exitosa
[16-Oct-2025 16:27:37 UTC] ATRAPABONO: Conexión a base de datos exitosa
[16-Oct-2025 16:27:37 UTC] ATRAPABONO: Conexión a base de datos exitosa
[16-Oct-2025 16:27:37 UTC] ATRAPABONO: Conexión a base de datos exitosa
[16-Oct-2025 16:27:37 UTC] ATRAPABONO: Conexión a base de datos exitosa
[16-Oct-2025 16:27:37 UTC] ATRAPABONO: Conexión a base de datos exitosa
[16-Oct-2025 16:27:37 UTC] ATRAPABONO: Conexión a base de datos exitosa
[16-Oct-2025 16:27:37 UTC] ATRAPABONO: Conexión a base de datos exitosa
[16-Oct-2025 16:27:37 UTC] ATRAPABONO: Conexión a base de datos exitosa
[16-Oct-2025 16:27:37 UTC] ATRAPABONO: Conexión a base de datos exitosa
[16-Oct-2025 16:27:37 UTC] ATRAPABONO: Conexión a base de datos exitosa
[16-Oct-2025 16:27:37 UTC] ATRAPABONO: Conexión a base de datos exitosa
[16-Oct-2025 16:27:37 UTC] ATRAPABONO: Conexión a base de datos exitosa
[17-Oct-2025 20:29:27 UTC] ATRAPABONO: Conexión a base de datos exitosa
[17-Oct-2025 20:29:27 UTC] ATRAPABONO: Conexión a base de datos exitosa
[17-Oct-2025 20:29:37 UTC] ATRAPABONO: Conexión a base de datos exitosa
[17-Oct-2025 20:29:37 UTC] ATRAPABONO: Conexión a base de datos exitosa
[17-Oct-2025 20:29:43 UTC] ATRAPABONO: Conexión a base de datos exitosa
[18-Oct-2025 02:56:30 UTC] ATRAPABONO: Conexión a base de datos exitosa
[18-Oct-2025 02:56:55 UTC] ATRAPABONO: Conexión a base de datos exitosa
[18-Oct-2025 02:56:55 UTC] ATRAPABONO: Conexión a base de datos exitosa
[18-Oct-2025 02:57:02 UTC] ATRAPABONO: Conexión a base de datos exitosa
[18-Oct-2025 02:57:05 UTC] ATRAPABONO: Conexión a base de datos exitosa
[18-Oct-2025 02:57:07 UTC] ATRAPABONO: Conexión a base de datos exitosa
[18-Oct-2025 02:57:07 UTC] ATRAPABONO: Conexión a base de datos exitosa
[18-Oct-2025 02:57:19 UTC] ATRAPABONO: Conexión a base de datos exitosa
[18-Oct-2025 02:59:25 UTC] ATRAPABONO: Conexión a base de datos exitosa
[18-Oct-2025 02:59:25 UTC] ATRAPABONO: Conexión a base de datos exitosa
[18-Oct-2025 03:03:22 UTC] ATRAPABONO: Conexión a base de datos exitosa
[18-Oct-2025 03:03:25 UTC] ATRAPABONO: Conexión a base de datos exitosa
[18-Oct-2025 03:03:28 UTC] ATRAPABONO: Conexión a base de datos exitosa
[18-Oct-2025 03:03:38 UTC] ATRAPABONO: Conexión a base de datos exitosa
[18-Oct-2025 03:03:44 UTC] ATRAPABONO: Conexión a base de datos exitosa
[18-Oct-2025 03:03:50 UTC] ATRAPABONO: Conexión a base de datos exitosa
[18-Oct-2025 03:03:52 UTC] ATRAPABONO: Conexión a base de datos exitosa
[18-Oct-2025 03:03:52 UTC] ATRAPABONO: Conexión a base de datos exitosa
[18-Oct-2025 03:03:52 UTC] ATRAPABONO: Conexión a base de datos exitosa
[18-Oct-2025 03:03:52 UTC] ATRAPABONO: Conexión a base de datos exitosa
[18-Oct-2025 03:03:52 UTC] ATRAPABONO: Conexión a base de datos exitosa
[18-Oct-2025 03:03:53 UTC] ATRAPABONO: Conexión a base de datos exitosa
[18-Oct-2025 03:03:53 UTC] ATRAPABONO: Conexión a base de datos exitosa
[18-Oct-2025 03:03:53 UTC] ATRAPABONO: Conexión a base de datos exitosa
[18-Oct-2025 03:03:53 UTC] ATRAPABONO: Conexión a base de datos exitosa
[18-Oct-2025 03:03:53 UTC] ATRAPABONO: Conexión a base de datos exitosa
[18-Oct-2025 03:04:26 UTC] ATRAPABONO: Conexión a base de datos exitosa
[18-Oct-2025 03:04:27 UTC] ATRAPABONO: Conexión a base de datos exitosa
[18-Oct-2025 03:04:27 UTC] ATRAPABONO: Conexión a base de datos exitosa
[18-Oct-2025 03:04:42 UTC] ATRAPABONO: Conexión a base de datos exitosa
[18-Oct-2025 03:04:42 UTC] ATRAPABONO: Conexión a base de datos exitosa
[18-Oct-2025 03:05:18 UTC] ATRAPABONO: Conexión a base de datos exitosa
[18-Oct-2025 03:08:03 UTC] ATRAPABONO: Conexión a base de datos exitosa
[18-Oct-2025 03:08:03 UTC] ATRAPABONO: Conexión a base de datos exitosa
[18-Oct-2025 03:08:23 UTC] ATRAPABONO: Conexión a base de datos exitosa
[18-Oct-2025 03:08:24 UTC] ATRAPABONO: Conexión a base de datos exitosa
[18-Oct-2025 03:08:25 UTC] ATRAPABONO: Conexión a base de datos exitosa
[18-Oct-2025 03:08:29 UTC] ATRAPABONO: Conexión a base de datos exitosa
[18-Oct-2025 03:08:34 UTC] ATRAPABONO: Conexión a base de datos exitosa
[18-Oct-2025 03:08:34 UTC] ATRAPABONO: Conexión a base de datos exitosa
[18-Oct-2025 03:09:45 UTC] ATRAPABONO: Conexión a base de datos exitosa
[18-Oct-2025 03:09:45 UTC] ATRAPABONO: Conexión a base de datos exitosa
[18-Oct-2025 03:09:54 UTC] ATRAPABONO: Conexión a base de datos exitosa
[18-Oct-2025 03:09:55 UTC] ATRAPABONO: Conexión a base de datos exitosa
[18-Oct-2025 03:09:56 UTC] ATRAPABONO: Conexión a base de datos exitosa
[18-Oct-2025 03:10:06 UTC] ATRAPABONO: Conexión a base de datos exitosa
[18-Oct-2025 03:10:10 UTC] ATRAPABONO: Conexión a base de datos exitosa
[18-Oct-2025 03:10:10 UTC] ATRAPABONO: Conexión a base de datos exitosa
[18-Oct-2025 03:10:11 UTC] ATRAPABONO: Conexión a base de datos exitosa
[18-Oct-2025 03:10:11 UTC] ATRAPABONO: Conexión a base de datos exitosa
[18-Oct-2025 03:10:11 UTC] ATRAPABONO: Conexión a base de datos exitosa
[18-Oct-2025 03:11:21 UTC] ATRAPABONO: Conexión a base de datos exitosa
[18-Oct-2025 03:11:24 UTC] ATRAPABONO: Conexión a base de datos exitosa
[18-Oct-2025 03:11:25 UTC] ATRAPABONO: Conexión a base de datos exitosa
[18-Oct-2025 03:11:26 UTC] ATRAPABONO: Conexión a base de datos exitosa
[18-Oct-2025 03:11:29 UTC] ATRAPABONO: Conexión a base de datos exitosa
[18-Oct-2025 03:11:29 UTC] ATRAPABONO: Conexión a base de datos exitosa
[18-Oct-2025 03:19:21 UTC] ATRAPABONO: Conexión a base de datos exitosa
[18-Oct-2025 03:22:27 UTC] ATRAPABONO: Conexión a base de datos exitosa
[18-Oct-2025 03:22:27 UTC] ATRAPABONO: Conexión a base de datos exitosa
[18-Oct-2025 03:22:29 UTC] ATRAPABONO: Conexión a base de datos exitosa
[18-Oct-2025 03:22:33 UTC] ATRAPABONO: Conexión a base de datos exitosa
[18-Oct-2025 03:22:35 UTC] ATRAPABONO: Conexión a base de datos exitosa
[18-Oct-2025 03:22:35 UTC] ATRAPABONO: Conexión a base de datos exitosa
[18-Oct-2025 03:22:37 UTC] ATRAPABONO: Conexión a base de datos exitosa
[18-Oct-2025 03:22:37 UTC] ATRAPABONO: Conexión a base de datos exitosa
[18-Oct-2025 03:23:17 UTC] ATRAPABONO: Conexión a base de datos exitosa
[18-Oct-2025 03:24:55 UTC] ATRAPABONO: Conexión a base de datos exitosa
[18-Oct-2025 03:24:56 UTC] ATRAPABONO: Conexión a base de datos exitosa
[18-Oct-2025 03:24:59 UTC] ATRAPABONO: Conexión a base de datos exitosa
[18-Oct-2025 03:25:13 UTC] ATRAPABONO: Conexión a base de datos exitosa
[18-Oct-2025 03:25:32 UTC] ATRAPABONO: Conexión a base de datos exitosa
[18-Oct-2025 03:25:32 UTC] ATRAPABONO: Conexión a base de datos exitosa
[18-Oct-2025 03:26:11 UTC] ATRAPABONO: Conexión a base de datos exitosa
[18-Oct-2025 03:26:11 UTC] ATRAPABONO: Conexión a base de datos exitosa
[18-Oct-2025 03:26:19 UTC] ATRAPABONO: Conexión a base de datos exitosa
[18-Oct-2025 03:26:19 UTC] ATRAPABONO: Conexión a base de datos exitosa
[18-Oct-2025 03:26:32 UTC] ATRAPABONO: Conexión a base de datos exitosa
[18-Oct-2025 03:26:32 UTC] ATRAPABONO: Conexión a base de datos exitosa
[18-Oct-2025 03:27:03 UTC] ATRAPABONO: Conexión a base de datos exitosa
[18-Oct-2025 03:27:06 UTC] ATRAPABONO: Conexión a base de datos exitosa
[18-Oct-2025 03:27:21 UTC] ATRAPABONO: Conexión a base de datos exitosa
[18-Oct-2025 03:31:04 UTC] ATRAPABONO: Conexión a base de datos exitosa
[18-Oct-2025 03:31:05 UTC] ATRAPABONO: Conexión a base de datos exitosa
[18-Oct-2025 03:31:05 UTC] ATRAPABONO: Conexión a base de datos exitosa
[18-Oct-2025 03:31:06 UTC] ATRAPABONO: Conexión a base de datos exitosa
[18-Oct-2025 03:31:23 UTC] ATRAPABONO: Conexión a base de datos exitosa
[18-Oct-2025 03:31:23 UTC] ATRAPABONO: Conexión a base de datos exitosa
[18-Oct-2025 03:31:26 UTC] ATRAPABONO: Conexión a base de datos exitosa
[18-Oct-2025 03:31:27 UTC] ATRAPABONO: Conexión a base de datos exitosa
[18-Oct-2025 03:31:29 UTC] ATRAPABONO: Conexión a base de datos exitosa
[18-Oct-2025 03:31:42 UTC] ATRAPABONO: Conexión a base de datos exitosa
[18-Oct-2025 03:32:05 UTC] ATRAPABONO: Conexión a base de datos exitosa
[18-Oct-2025 03:32:06 UTC] ATRAPABONO: Conexión a base de datos exitosa
[18-Oct-2025 03:32:06 UTC] ATRAPABONO: Conexión a base de datos exitosa
[18-Oct-2025 03:32:09 UTC] ATRAPABONO: Conexión a base de datos exitosa
[18-Oct-2025 03:32:09 UTC] ATRAPABONO: Conexión a base de datos exitosa
[18-Oct-2025 03:32:10 UTC] ATRAPABONO: Conexión a base de datos exitosa
[18-Oct-2025 03:32:10 UTC] ATRAPABONO: Conexión a base de datos exitosa
[18-Oct-2025 03:32:10 UTC] ATRAPABONO: Conexión a base de datos exitosa
[18-Oct-2025 03:32:10 UTC] ATRAPABONO: Conexión a base de datos exitosa
[18-Oct-2025 03:32:11 UTC] ATRAPABONO: Conexión a base de datos exitosa
[18-Oct-2025 03:32:12 UTC] ATRAPABONO: Conexión a base de datos exitosa
[18-Oct-2025 03:32:12 UTC] ATRAPABONO: Conexión a base de datos exitosa
[18-Oct-2025 03:32:12 UTC] ATRAPABONO: Conexión a base de datos exitosa
[18-Oct-2025 03:32:12 UTC] ATRAPABONO: Conexión a base de datos exitosa
[18-Oct-2025 03:32:13 UTC] ATRAPABONO: Conexión a base de datos exitosa
[18-Oct-2025 03:32:13 UTC] ATRAPABONO: Conexión a base de datos exitosa
[18-Oct-2025 03:32:14 UTC] ATRAPABONO: Conexión a base de datos exitosa
[18-Oct-2025 03:32:14 UTC] ATRAPABONO: Conexión a base de datos exitosa
[18-Oct-2025 03:32:14 UTC] ATRAPABONO: Conexión a base de datos exitosa
[18-Oct-2025 03:32:15 UTC] ATRAPABONO: Conexión a base de datos exitosa
[18-Oct-2025 03:32:15 UTC] ATRAPABONO: Conexión a base de datos exitosa
[18-Oct-2025 03:33:38 UTC] ATRAPABONO: Conexión a base de datos exitosa
[18-Oct-2025 03:33:39 UTC] ATRAPABONO: Conexión a base de datos exitosa
[18-Oct-2025 03:33:46 UTC] ATRAPABONO: Conexión a base de datos exitosa
[18-Oct-2025 03:33:47 UTC] ATRAPABONO: Conexión a base de datos exitosa
[18-Oct-2025 03:33:47 UTC] ATRAPABONO: Conexión a base de datos exitosa
[18-Oct-2025 03:35:42 UTC] ATRAPABONO: Conexión a base de datos exitosa
[18-Oct-2025 03:35:42 UTC] ATRAPABONO: Conexión a base de datos exitosa
[18-Oct-2025 03:35:44 UTC] ATRAPABONO: Conexión a base de datos exitosa
[18-Oct-2025 03:36:50 UTC] ATRAPABONO: Conexión a base de datos exitosa
[18-Oct-2025 03:36:51 UTC] ATRAPABONO: Conexión a base de datos exitosa
[18-Oct-2025 03:36:52 UTC] ATRAPABONO: Conexión a base de datos exitosa
[18-Oct-2025 03:36:52 UTC] ATRAPABONO: Conexión a base de datos exitosa
[18-Oct-2025 03:36:54 UTC] ATRAPABONO: Conexión a base de datos exitosa
[18-Oct-2025 03:36:54 UTC] ATRAPABONO: Conexión a base de datos exitosa
[18-Oct-2025 03:36:54 UTC] ATRAPABONO: Conexión a base de datos exitosa
[18-Oct-2025 03:36:55 UTC] ATRAPABONO: Conexión a base de datos exitosa
[18-Oct-2025 03:36:55 UTC] ATRAPABONO: Conexión a base de datos exitosa
[18-Oct-2025 03:36:55 UTC] ATRAPABONO: Conexión a base de datos exitosa
[18-Oct-2025 03:36:57 UTC] ATRAPABONO: Conexión a base de datos exitosa
[18-Oct-2025 03:36:57 UTC] ATRAPABONO: Conexión a base de datos exitosa
[18-Oct-2025 03:36:57 UTC] ATRAPABONO: Conexión a base de datos exitosa
[18-Oct-2025 03:36:59 UTC] ATRAPABONO: Conexión a base de datos exitosa
[18-Oct-2025 03:37:00 UTC] ATRAPABONO: Conexión a base de datos exitosa
[18-Oct-2025 03:37:00 UTC] ATRAPABONO: Conexión a base de datos exitosa
[18-Oct-2025 03:38:10 UTC] ATRAPABONO: Conexión a base de datos exitosa
[18-Oct-2025 03:38:10 UTC] ATRAPABONO: Conexión a base de datos exitosa
[18-Oct-2025 03:38:13 UTC] ATRAPABONO: Conexión a base de datos exitosa
[18-Oct-2025 03:38:13 UTC] ATRAPABONO: Conexión a base de datos exitosa
[18-Oct-2025 03:38:14 UTC] ATRAPABONO: Conexión a base de datos exitosa
[18-Oct-2025 03:38:17 UTC] ATRAPABONO: Conexión a base de datos exitosa
[18-Oct-2025 03:38:17 UTC] ATRAPABONO: Conexión a base de datos exitosa
[18-Oct-2025 03:38:17 UTC] ATRAPABONO: Conexión a base de datos exitosa
[18-Oct-2025 03:38:20 UTC] ATRAPABONO: Conexión a base de datos exitosa
[18-Oct-2025 03:38:20 UTC] ATRAPABONO: Conexión a base de datos exitosa
[18-Oct-2025 03:38:21 UTC] ATRAPABONO: Conexión a base de datos exitosa
[18-Oct-2025 03:38:21 UTC] ATRAPABONO: Conexión a base de datos exitosa
[18-Oct-2025 03:38:22 UTC] ATRAPABONO: Conexión a base de datos exitosa
[18-Oct-2025 03:38:22 UTC] ATRAPABONO: Conexión a base de datos exitosa
[18-Oct-2025 03:38:22 UTC] ATRAPABONO: Conexión a base de datos exitosa
[18-Oct-2025 03:38:22 UTC] ATRAPABONO: Conexión a base de datos exitosa
[18-Oct-2025 03:38:22 UTC] ATRAPABONO: Conexión a base de datos exitosa
[18-Oct-2025 03:38:23 UTC] ATRAPABONO: Conexión a base de datos exitosa
[18-Oct-2025 03:38:38 UTC] ATRAPABONO: Conexión a base de datos exitosa
[18-Oct-2025 03:38:52 UTC] ATRAPABONO: Conexión a base de datos exitosa
[18-Oct-2025 03:38:56 UTC] ATRAPABONO: Conexión a base de datos exitosa
[18-Oct-2025 03:38:56 UTC] ATRAPABONO: Conexión a base de datos exitosa
[18-Oct-2025 03:38:56 UTC] ATRAPABONO: Conexión a base de datos exitosa
[18-Oct-2025 03:39:15 UTC] ATRAPABONO: Conexión a base de datos exitosa
[18-Oct-2025 03:39:15 UTC] ATRAPABONO: Conexión a base de datos exitosa
[18-Oct-2025 03:39:17 UTC] ATRAPABONO: Conexión a base de datos exitosa
[18-Oct-2025 03:39:47 UTC] ATRAPABONO: Conexión a base de datos exitosa
[18-Oct-2025 03:39:48 UTC] ATRAPABONO: Conexión a base de datos exitosa
[18-Oct-2025 03:39:48 UTC] ATRAPABONO: Conexión a base de datos exitosa
[18-Oct-2025 03:39:48 UTC] ATRAPABONO: Conexión a base de datos exitosa
[18-Oct-2025 03:39:50 UTC] ATRAPABONO: Conexión a base de datos exitosa
[18-Oct-2025 03:39:50 UTC] ATRAPABONO: Conexión a base de datos exitosa
[18-Oct-2025 03:39:50 UTC] ATRAPABONO: Conexión a base de datos exitosa
[18-Oct-2025 03:39:50 UTC] ATRAPABONO: Conexión a base de datos exitosa
[18-Oct-2025 03:39:50 UTC] ATRAPABONO: Conexión a base de datos exitosa
[18-Oct-2025 03:39:50 UTC] ATRAPABONO: Conexión a base de datos exitosa
[18-Oct-2025 03:39:52 UTC] ATRAPABONO: Conexión a base de datos exitosa
[18-Oct-2025 03:39:52 UTC] ATRAPABONO: Conexión a base de datos exitosa
[18-Oct-2025 03:39:53 UTC] ATRAPABONO: Conexión a base de datos exitosa
[18-Oct-2025 03:39:53 UTC] ATRAPABONO: Conexión a base de datos exitosa
[18-Oct-2025 03:39:53 UTC] ATRAPABONO: Conexión a base de datos exitosa
[18-Oct-2025 03:39:53 UTC] ATRAPABONO: Conexión a base de datos exitosa
[18-Oct-2025 03:39:57 UTC] ATRAPABONO: Conexión a base de datos exitosa
[18-Oct-2025 03:39:57 UTC] ATRAPABONO: Conexión a base de datos exitosa
[18-Oct-2025 03:39:57 UTC] ATRAPABONO: Conexión a base de datos exitosa
[18-Oct-2025 03:39:57 UTC] ATRAPABONO: Conexión a base de datos exitosa
[18-Oct-2025 03:39:57 UTC] ATRAPABONO: Conexión a base de datos exitosa
[18-Oct-2025 03:39:57 UTC] ATRAPABONO: Conexión a base de datos exitosa
[18-Oct-2025 03:39:58 UTC] ATRAPABONO: Conexión a base de datos exitosa
[18-Oct-2025 03:39:58 UTC] ATRAPABONO: Conexión a base de datos exitosa
[18-Oct-2025 03:39:58 UTC] ATRAPABONO: Conexión a base de datos exitosa
[18-Oct-2025 03:39:58 UTC] ATRAPABONO: Conexión a base de datos exitosa
[18-Oct-2025 03:39:58 UTC] ATRAPABONO: Conexión a base de datos exitosa
[18-Oct-2025 03:39:58 UTC] ATRAPABONO: Conexión a base de datos exitosa
[18-Oct-2025 03:39:59 UTC] ATRAPABONO: Conexión a base de datos exitosa
[18-Oct-2025 03:39:59 UTC] ATRAPABONO: Conexión a base de datos exitosa
[18-Oct-2025 03:39:59 UTC] ATRAPABONO: Conexión a base de datos exitosa
[18-Oct-2025 03:39:59 UTC] ATRAPABONO: Conexión a base de datos exitosa
[18-Oct-2025 03:40:05 UTC] ATRAPABONO: Conexión a base de datos exitosa
[18-Oct-2025 03:40:08 UTC] ATRAPABONO: Conexión a base de datos exitosa
[18-Oct-2025 03:40:09 UTC] ATRAPABONO: Conexión a base de datos exitosa
[18-Oct-2025 03:40:11 UTC] ATRAPABONO: Conexión a base de datos exitosa
[18-Oct-2025 03:40:23 UTC] ATRAPABONO: Conexión a base de datos exitosa
[18-Oct-2025 03:40:27 UTC] ATRAPABONO: Conexión a base de datos exitosa
[18-Oct-2025 03:40:30 UTC] ATRAPABONO: Conexión a base de datos exitosa
[18-Oct-2025 03:40:30 UTC] ATRAPABONO: Conexión a base de datos exitosa
[18-Oct-2025 03:40:30 UTC] ATRAPABONO: Conexión a base de datos exitosa
[18-Oct-2025 03:44:00 UTC] ATRAPABONO: Conexión a base de datos exitosa
[18-Oct-2025 03:44:01 UTC] ATRAPABONO: Conexión a base de datos exitosa
[18-Oct-2025 03:44:01 UTC] ATRAPABONO: Conexión a base de datos exitosa
[18-Oct-2025 03:44:02 UTC] ATRAPABONO: Conexión a base de datos exitosa
[18-Oct-2025 03:44:21 UTC] ATRAPABONO: Conexión a base de datos exitosa
[18-Oct-2025 03:44:21 UTC] ATRAPABONO: Conexión a base de datos exitosa
[18-Oct-2025 03:44:22 UTC] ATRAPABONO: Conexión a base de datos exitosa
[18-Oct-2025 03:44:22 UTC] ATRAPABONO: Conexión a base de datos exitosa
[18-Oct-2025 03:44:26 UTC] ATRAPABONO: Conexión a base de datos exitosa
[18-Oct-2025 03:44:26 UTC] ATRAPABONO: Conexión a base de datos exitosa
[18-Oct-2025 03:45:08 UTC] ATRAPABONO: Conexión a base de datos exitosa
[18-Oct-2025 03:45:08 UTC] ATRAPABONO: Conexión a base de datos exitosa
[18-Oct-2025 03:45:09 UTC] ATRAPABONO: Conexión a base de datos exitosa
[18-Oct-2025 03:45:09 UTC] ATRAPABONO: Conexión a base de datos exitosa
[18-Oct-2025 03:45:09 UTC] ATRAPABONO: Conexión a base de datos exitosa
[18-Oct-2025 03:45:09 UTC] ATRAPABONO: Conexión a base de datos exitosa
[18-Oct-2025 03:45:14 UTC] ATRAPABONO: Conexión a base de datos exitosa
[18-Oct-2025 03:45:14 UTC] ATRAPABONO: Conexión a base de datos exitosa
[18-Oct-2025 03:45:49 UTC] ATRAPABONO: Conexión a base de datos exitosa
[18-Oct-2025 03:46:18 UTC] ATRAPABONO: Conexión a base de datos exitosa
[18-Oct-2025 03:46:18 UTC] ATRAPABONO: Conexión a base de datos exitosa
[18-Oct-2025 03:46:18 UTC] ATRAPABONO: Conexión a base de datos exitosa
[18-Oct-2025 03:46:41 UTC] ATRAPABONO: Conexión a base de datos exitosa
[18-Oct-2025 03:46:50 UTC] ATRAPABONO: Conexión a base de datos exitosa
[18-Oct-2025 03:46:50 UTC] ATRAPABONO: Conexión a base de datos exitosa
[18-Oct-2025 03:46:50 UTC] ATRAPABONO: Conexión a base de datos exitosa
[18-Oct-2025 03:52:00 UTC] ATRAPABONO: Conexión a base de datos exitosa
[18-Oct-2025 03:52:00 UTC] ATRAPABONO: Conexión a base de datos exitosa
[18-Oct-2025 03:52:17 UTC] ATRAPABONO: Conexión a base de datos exitosa
[18-Oct-2025 03:52:17 UTC] ATRAPABONO: Conexión a base de datos exitosa
[18-Oct-2025 03:53:46 UTC] ATRAPABONO: Conexión a base de datos exitosa
[18-Oct-2025 03:53:46 UTC] ATRAPABONO: Conexión a base de datos exitosa
[18-Oct-2025 04:00:03 UTC] ATRAPABONO: Conexión a base de datos exitosa
[18-Oct-2025 04:00:03 UTC] ATRAPABONO: Conexión a base de datos exitosa
[18-Oct-2025 04:12:33 UTC] ATRAPABONO: Conexión a base de datos exitosa
[18-Oct-2025 04:21:30 UTC] ATRAPABONO: Conexión a base de datos exitosa
[18-Oct-2025 04:21:31 UTC] ATRAPABONO: Conexión a base de datos exitosa
[18-Oct-2025 04:21:32 UTC] ATRAPABONO: Conexión a base de datos exitosa
[18-Oct-2025 04:21:32 UTC] ATRAPABONO: Conexión a base de datos exitosa
[18-Oct-2025 04:21:38 UTC] ATRAPABONO: Conexión a base de datos exitosa
[18-Oct-2025 04:21:38 UTC] ATRAPABONO: Conexión a base de datos exitosa
[18-Oct-2025 04:21:41 UTC] ATRAPABONO: Conexión a base de datos exitosa
[18-Oct-2025 04:21:41 UTC] ATRAPABONO: Conexión a base de datos exitosa
[18-Oct-2025 04:21:44 UTC] ATRAPABONO: Conexión a base de datos exitosa
[18-Oct-2025 04:21:46 UTC] ATRAPABONO: Conexión a base de datos exitosa
[18-Oct-2025 15:27:36 UTC] ATRAPABONO: Conexión a base de datos exitosa
[18-Oct-2025 15:27:36 UTC] ATRAPABONO: Conexión a base de datos exitosa
[18-Oct-2025 15:27:36 UTC] ATRAPABONO: Conexión a base de datos exitosa
[18-Oct-2025 15:27:39 UTC] ATRAPABONO: Conexión a base de datos exitosa
[18-Oct-2025 15:27:40 UTC] ATRAPABONO: Conexión a base de datos exitosa
[18-Oct-2025 15:27:42 UTC] ATRAPABONO: Conexión a base de datos exitosa
[19-Oct-2025 02:00:53 UTC] ATRAPABONO: Conexión a base de datos exitosa
[19-Oct-2025 02:00:53 UTC] ATRAPABONO: Conexión a base de datos exitosa
[19-Oct-2025 02:00:53 UTC] ATRAPABONO: Conexión a base de datos exitosa
[19-Oct-2025 02:01:05 UTC] ATRAPABONO: Conexión a base de datos exitosa
[19-Oct-2025 02:01:09 UTC] ATRAPABONO: Conexión a base de datos exitosa
[19-Oct-2025 02:01:09 UTC] ATRAPABONO: Conexión a base de datos exitosa
[19-Oct-2025 02:04:58 UTC] ATRAPABONO: Conexión a base de datos exitosa
[19-Oct-2025 02:04:58 UTC] ATRAPABONO: Conexión a base de datos exitosa
[19-Oct-2025 02:05:02 UTC] ATRAPABONO: Conexión a base de datos exitosa
[19-Oct-2025 02:05:03 UTC] ATRAPABONO: Conexión a base de datos exitosa
[19-Oct-2025 02:05:03 UTC] ATRAPABONO: Conexión a base de datos exitosa
[19-Oct-2025 02:05:22 UTC] ATRAPABONO: Conexión a base de datos exitosa
[19-Oct-2025 02:05:22 UTC] ATRAPABONO: Conexión a base de datos exitosa
[19-Oct-2025 02:05:26 UTC] ATRAPABONO: Conexión a base de datos exitosa
[19-Oct-2025 02:05:26 UTC] ATRAPABONO: Conexión a base de datos exitosa
[19-Oct-2025 02:08:43 UTC] ATRAPABONO: Conexión a base de datos exitosa
[19-Oct-2025 02:08:43 UTC] ATRAPABONO: Conexión a base de datos exitosa
[19-Oct-2025 03:30:16 UTC] ATRAPABONO: Conexión a base de datos exitosa
[19-Oct-2025 03:30:16 UTC] ATRAPABONO: Conexión a base de datos exitosa
[19-Oct-2025 03:30:16 UTC] ATRAPABONO: Conexión a base de datos exitosa
[19-Oct-2025 03:30:16 UTC] ATRAPABONO: Conexión a base de datos exitosa
[19-Oct-2025 03:30:16 UTC] ATRAPABONO: Conexión a base de datos exitosa
[19-Oct-2025 03:30:16 UTC] ATRAPABONO: Conexión a base de datos exitosa
[19-Oct-2025 03:30:19 UTC] ATRAPABONO: Conexión a base de datos exitosa
[19-Oct-2025 03:30:19 UTC] ATRAPABONO: Conexión a base de datos exitosa
[19-Oct-2025 03:30:41 UTC] ATRAPABONO: Conexión a base de datos exitosa
[19-Oct-2025 03:30:41 UTC] ATRAPABONO: Conexión a base de datos exitosa
[19-Oct-2025 03:30:41 UTC] ATRAPABONO: Conexión a base de datos exitosa
[19-Oct-2025 03:30:41 UTC] ATRAPABONO: Conexión a base de datos exitosa
[19-Oct-2025 03:30:43 UTC] ATRAPABONO: Conexión a base de datos exitosa
[19-Oct-2025 03:42:44 UTC] ATRAPABONO: Conexión a base de datos exitosa
[19-Oct-2025 03:42:44 UTC] ATRAPABONO: Conexión a base de datos exitosa
[19-Oct-2025 03:42:46 UTC] ATRAPABONO: Conexión a base de datos exitosa
[19-Oct-2025 03:42:52 UTC] ATRAPABONO: Conexión a base de datos exitosa
[19-Oct-2025 03:42:52 UTC] ATRAPABONO: Conexión a base de datos exitosa
[19-Oct-2025 03:42:54 UTC] ATRAPABONO: Conexión a base de datos exitosa
[19-Oct-2025 03:42:55 UTC] ATRAPABONO: Conexión a base de datos exitosa
[19-Oct-2025 03:42:55 UTC] ATRAPABONO: Conexión a base de datos exitosa
[19-Oct-2025 03:42:55 UTC] ATRAPABONO: Conexión a base de datos exitosa
[19-Oct-2025 03:42:56 UTC] ATRAPABONO: Conexión a base de datos exitosa
[19-Oct-2025 03:42:57 UTC] ATRAPABONO: Conexión a base de datos exitosa
[20-Oct-2025 18:08:16 UTC] ATRAPABONO: Conexión a base de datos exitosa
[20-Oct-2025 18:44:01 UTC] ATRAPABONO: Conexión a base de datos exitosa
[20-Oct-2025 18:44:02 UTC] ATRAPABONO: Conexión a base de datos exitosa
[20-Oct-2025 18:44:02 UTC] ATRAPABONO: Conexión a base de datos exitosa
[20-Oct-2025 18:44:02 UTC] ATRAPABONO: Conexión a base de datos exitosa
[20-Oct-2025 18:44:05 UTC] ATRAPABONO: Conexión a base de datos exitosa
[20-Oct-2025 18:44:08 UTC] ATRAPABONO: Conexión a base de datos exitosa
[20-Oct-2025 18:44:16 UTC] ATRAPABONO: Conexión a base de datos exitosa
[20-Oct-2025 18:46:09 UTC] ATRAPABONO: Conexión a base de datos exitosa
[20-Oct-2025 18:46:10 UTC] ATRAPABONO: Conexión a base de datos exitosa
[20-Oct-2025 18:46:19 UTC] ATRAPABONO: Conexión a base de datos exitosa
[20-Oct-2025 18:46:19 UTC] ATRAPABONO: Conexión a base de datos exitosa
[20-Oct-2025 18:46:31 UTC] ATRAPABONO: Conexión a base de datos exitosa
[20-Oct-2025 22:39:18 UTC] ATRAPABONO: Conexión a base de datos exitosa
[20-Oct-2025 22:39:18 UTC] ATRAPABONO: Conexión a base de datos exitosa
[20-Oct-2025 22:39:18 UTC] ATRAPABONO: Conexión a base de datos exitosa
[20-Oct-2025 22:39:18 UTC] ATRAPABONO: Conexión a base de datos exitosa
[20-Oct-2025 22:39:21 UTC] ATRAPABONO: Conexión a base de datos exitosa
[20-Oct-2025 22:39:37 UTC] ATRAPABONO: Conexión a base de datos exitosa
[20-Oct-2025 22:39:47 UTC] ATRAPABONO: Conexión a base de datos exitosa
[21-Oct-2025 02:40:08 UTC] ATRAPABONO: Conexión a base de datos exitosa
[22-Oct-2025 06:43:22 UTC] ATRAPABONO: Conexión a base de datos exitosa
[22-Oct-2025 06:43:22 UTC] ATRAPABONO: Conexión a base de datos exitosa
[22-Oct-2025 06:43:22 UTC] ATRAPABONO: Conexión a base de datos exitosa
[22-Oct-2025 06:43:22 UTC] ATRAPABONO: Conexión a base de datos exitosa
[22-Oct-2025 06:43:24 UTC] ATRAPABONO: Conexión a base de datos exitosa
[22-Oct-2025 06:43:28 UTC] ATRAPABONO: Conexión a base de datos exitosa
[25-Oct-2025 16:19:54 UTC] ATRAPABONO: Conexión a base de datos exitosa
[25-Oct-2025 16:19:54 UTC] ATRAPABONO: Conexión a base de datos exitosa
[25-Oct-2025 16:19:54 UTC] ATRAPABONO: Conexión a base de datos exitosa
[25-Oct-2025 16:19:54 UTC] ATRAPABONO: Conexión a base de datos exitosa
[25-Oct-2025 16:19:56 UTC] ATRAPABONO: Conexión a base de datos exitosa
[25-Oct-2025 21:54:20 UTC] ATRAPABONO: Conexión a base de datos exitosa
[25-Oct-2025 21:54:20 UTC] ATRAPABONO: Conexión a base de datos exitosa
[25-Oct-2025 21:54:20 UTC] ATRAPABONO: Conexión a base de datos exitosa
[26-Oct-2025 14:31:08 UTC] ATRAPABONO: Conexión a base de datos exitosa
[26-Oct-2025 14:31:09 UTC] ATRAPABONO: Conexión a base de datos exitosa
[26-Oct-2025 14:31:09 UTC] ATRAPABONO: Conexión a base de datos exitosa
[26-Oct-2025 14:31:13 UTC] ATRAPABONO: Conexión a base de datos exitosa
[26-Oct-2025 14:31:18 UTC] ATRAPABONO: Conexión a base de datos exitosa
[28-Oct-2025 17:14:53 UTC] ATRAPABONO: Conexión a base de datos exitosa
[28-Oct-2025 17:14:53 UTC] ATRAPABONO: Conexión a base de datos exitosa
[28-Oct-2025 17:14:53 UTC] ATRAPABONO: Conexión a base de datos exitosa
[28-Oct-2025 17:14:53 UTC] ATRAPABONO: Conexión a base de datos exitosa
[28-Oct-2025 17:14:56 UTC] ATRAPABONO: Conexión a base de datos exitosa
[28-Oct-2025 17:15:08 UTC] ATRAPABONO: Conexión a base de datos exitosa
[28-Oct-2025 17:26:22 UTC] ATRAPABONO: Conexión a base de datos exitosa
[28-Oct-2025 17:26:23 UTC] ATRAPABONO: Conexión a base de datos exitosa
[28-Oct-2025 17:26:23 UTC] ATRAPABONO: Conexión a base de datos exitosa
[28-Oct-2025 17:26:23 UTC] ATRAPABONO: Conexión a base de datos exitosa
[28-Oct-2025 17:26:24 UTC] ATRAPABONO: Conexión a base de datos exitosa
[28-Oct-2025 17:27:20 UTC] ATRAPABONO: Conexión a base de datos exitosa
[28-Oct-2025 17:31:21 UTC] ATRAPABONO: Conexión a base de datos exitosa
[28-Oct-2025 17:31:21 UTC] ATRAPABONO: Conexión a base de datos exitosa
[28-Oct-2025 17:31:21 UTC] ATRAPABONO: Conexión a base de datos exitosa
[28-Oct-2025 17:31:21 UTC] ATRAPABONO: Conexión a base de datos exitosa
[28-Oct-2025 17:31:22 UTC] ATRAPABONO: Conexión a base de datos exitosa
[28-Oct-2025 17:31:35 UTC] ATRAPABONO: Conexión a base de datos exitosa
[28-Oct-2025 17:31:35 UTC] ATRAPABONO: Conexión a base de datos exitosa
[28-Oct-2025 17:31:36 UTC] ATRAPABONO: Conexión a base de datos exitosa
[28-Oct-2025 18:42:24 UTC] ATRAPABONO: Conexión a base de datos exitosa
[28-Oct-2025 18:42:24 UTC] ATRAPABONO: Conexión a base de datos exitosa
[28-Oct-2025 18:42:24 UTC] ATRAPABONO: Conexión a base de datos exitosa
[28-Oct-2025 18:42:24 UTC] ATRAPABONO: Conexión a base de datos exitosa
[28-Oct-2025 18:42:26 UTC] ATRAPABONO: Conexión a base de datos exitosa
[28-Oct-2025 18:43:04 UTC] ATRAPABONO: Conexión a base de datos exitosa
[28-Oct-2025 18:43:21 UTC] ATRAPABONO: Conexión a base de datos exitosa
[28-Oct-2025 18:43:21 UTC] ATRAPABONO: Conexión a base de datos exitosa
[28-Oct-2025 18:43:21 UTC] ATRAPABONO: Conexión a base de datos exitosa
[28-Oct-2025 18:43:21 UTC] ATRAPABONO: Conexión a base de datos exitosa
[28-Oct-2025 18:43:23 UTC] ATRAPABONO: Conexión a base de datos exitosa
[28-Oct-2025 19:39:49 UTC] ATRAPABONO: Conexión a base de datos exitosa
[28-Oct-2025 19:39:50 UTC] ATRAPABONO: Conexión a base de datos exitosa
[28-Oct-2025 19:39:50 UTC] ATRAPABONO: Conexión a base de datos exitosa
[28-Oct-2025 19:39:50 UTC] ATRAPABONO: Conexión a base de datos exitosa
[28-Oct-2025 19:39:51 UTC] ATRAPABONO: Conexión a base de datos exitosa
[28-Oct-2025 19:41:45 UTC] ATRAPABONO: Conexión a base de datos exitosa
[28-Oct-2025 19:46:33 UTC] ATRAPABONO: Conexión a base de datos exitosa
[28-Oct-2025 19:46:33 UTC] ATRAPABONO: Conexión a base de datos exitosa
[28-Oct-2025 19:46:33 UTC] ATRAPABONO: Conexión a base de datos exitosa
[28-Oct-2025 19:46:33 UTC] ATRAPABONO: Conexión a base de datos exitosa
[28-Oct-2025 19:46:36 UTC] ATRAPABONO: Conexión a base de datos exitosa
[28-Oct-2025 19:46:48 UTC] ATRAPABONO: Conexión a base de datos exitosa
[28-Oct-2025 19:46:48 UTC] ATRAPABONO: Conexión a base de datos exitosa
[28-Oct-2025 19:46:53 UTC] ATRAPABONO: Conexión a base de datos exitosa
[29-Oct-2025 02:47:13 UTC] ATRAPABONO: Conexión a base de datos exitosa
[29-Oct-2025 17:02:44 UTC] ATRAPABONO: Conexión a base de datos exitosa
[29-Oct-2025 17:02:44 UTC] ATRAPABONO: Conexión a base de datos exitosa
[29-Oct-2025 17:02:44 UTC] ATRAPABONO: Conexión a base de datos exitosa
[29-Oct-2025 17:02:44 UTC] ATRAPABONO: Conexión a base de datos exitosa
[29-Oct-2025 17:02:47 UTC] ATRAPABONO: Conexión a base de datos exitosa
[29-Oct-2025 17:02:49 UTC] ATRAPABONO: Conexión a base de datos exitosa
[30-Oct-2025 02:59:54 UTC] ATRAPABONO: Conexión a base de datos exitosa
[30-Oct-2025 02:59:54 UTC] ATRAPABONO: Conexión a base de datos exitosa
[30-Oct-2025 02:59:54 UTC] ATRAPABONO: Conexión a base de datos exitosa
[30-Oct-2025 02:59:54 UTC] ATRAPABONO: Conexión a base de datos exitosa
[30-Oct-2025 02:59:56 UTC] ATRAPABONO: Conexión a base de datos exitosa
[30-Oct-2025 02:59:59 UTC] ATRAPABONO: Conexión a base de datos exitosa
[30-Oct-2025 20:58:14 UTC] ATRAPABONO: Conexión a base de datos exitosa
[31-Oct-2025 01:54:56 UTC] ATRAPABONO: Conexión a base de datos exitosa
[31-Oct-2025 02:03:39 UTC] ATRAPABONO: Conexión a base de datos exitosa
[31-Oct-2025 02:07:48 UTC] ATRAPABONO: Conexión a base de datos exitosa
[31-Oct-2025 02:09:44 UTC] ATRAPABONO: Conexión a base de datos exitosa
[31-Oct-2025 02:11:12 UTC] ATRAPABONO: Conexión a base de datos exitosa
[31-Oct-2025 02:13:31 UTC] ATRAPABONO: Conexión a base de datos exitosa
[31-Oct-2025 02:19:16 UTC] ATRAPABONO: Conexión a base de datos exitosa
[31-Oct-2025 03:06:48 UTC] ATRAPABONO: Conexión a base de datos exitosa
[31-Oct-2025 03:06:48 UTC] ATRAPABONO: Conexión a base de datos exitosa
[31-Oct-2025 03:06:48 UTC] ATRAPABONO: Conexión a base de datos exitosa
[31-Oct-2025 03:06:48 UTC] ATRAPABONO: Conexión a base de datos exitosa
[31-Oct-2025 03:06:52 UTC] ATRAPABONO: Conexión a base de datos exitosa
[31-Oct-2025 03:06:58 UTC] ATRAPABONO: Conexión a base de datos exitosa
[31-Oct-2025 03:06:58 UTC] ATRAPABONO: Conexión a base de datos exitosa
[31-Oct-2025 03:06:59 UTC] ATRAPABONO: Conexión a base de datos exitosa
[31-Oct-2025 03:07:02 UTC] ATRAPABONO: Conexión a base de datos exitosa
[31-Oct-2025 04:27:51 UTC] ATRAPABONO: Conexión a base de datos exitosa
[31-Oct-2025 04:27:58 UTC] ATRAPABONO: Conexión a base de datos exitosa
[31-Oct-2025 04:27:58 UTC] ATRAPABONO: Conexión a base de datos exitosa
[31-Oct-2025 04:27:58 UTC] ATRAPABONO: Conexión a base de datos exitosa
[31-Oct-2025 04:27:58 UTC] ATRAPABONO: Conexión a base de datos exitosa
[31-Oct-2025 04:28:01 UTC] ATRAPABONO: Conexión a base de datos exitosa
[31-Oct-2025 04:28:02 UTC] ATRAPABONO: Conexión a base de datos exitosa
[01-Nov-2025 03:08:49 UTC] ATRAPABONO: Conexión a base de datos exitosa
[01-Nov-2025 03:08:49 UTC] ATRAPABONO: Conexión a base de datos exitosa
[01-Nov-2025 03:08:49 UTC] ATRAPABONO: Conexión a base de datos exitosa
[01-Nov-2025 03:08:49 UTC] ATRAPABONO: Conexión a base de datos exitosa
[01-Nov-2025 03:08:49 UTC] ATRAPABONO: Conexión a base de datos exitosa
[01-Nov-2025 03:08:49 UTC] ATRAPABONO: Conexión a base de datos exitosa
[01-Nov-2025 03:08:50 UTC] ATRAPABONO: Conexión a base de datos exitosa
[01-Nov-2025 03:08:50 UTC] ATRAPABONO: Conexión a base de datos exitosa
[01-Nov-2025 03:08:50 UTC] ATRAPABONO: Conexión a base de datos exitosa
[01-Nov-2025 03:08:50 UTC] ATRAPABONO: Conexión a base de datos exitosa
[01-Nov-2025 03:08:51 UTC] ATRAPABONO: Conexión a base de datos exitosa
[01-Nov-2025 03:09:01 UTC] ATRAPABONO: Conexión a base de datos exitosa
[01-Nov-2025 03:09:01 UTC] ATRAPABONO: Conexión a base de datos exitosa
[01-Nov-2025 03:09:01 UTC] ATRAPABONO: Conexión a base de datos exitosa
[01-Nov-2025 03:09:01 UTC] ATRAPABONO: Conexión a base de datos exitosa
[01-Nov-2025 03:09:01 UTC] ATRAPABONO: Conexión a base de datos exitosa
[01-Nov-2025 03:09:07 UTC] ATRAPABONO: Conexión a base de datos exitosa
[01-Nov-2025 03:09:08 UTC] ATRAPABONO: Conexión a base de datos exitosa
[01-Nov-2025 03:09:08 UTC] ATRAPABONO: Conexión a base de datos exitosa
[01-Nov-2025 03:09:08 UTC] ATRAPABONO: Conexión a base de datos exitosa
[01-Nov-2025 03:09:08 UTC] ATRAPABONO: Conexión a base de datos exitosa
[01-Nov-2025 03:09:08 UTC] ATRAPABONO: Conexión a base de datos exitosa
[01-Nov-2025 03:09:09 UTC] ATRAPABONO: Conexión a base de datos exitosa
[01-Nov-2025 03:09:09 UTC] ATRAPABONO: Conexión a base de datos exitosa
[01-Nov-2025 03:09:09 UTC] ATRAPABONO: Conexión a base de datos exitosa
[01-Nov-2025 03:09:09 UTC] ATRAPABONO: Conexión a base de datos exitosa
[01-Nov-2025 03:09:14 UTC] ATRAPABONO: Conexión a base de datos exitosa
[01-Nov-2025 03:09:15 UTC] ATRAPABONO: Conexión a base de datos exitosa
[01-Nov-2025 03:09:16 UTC] ATRAPABONO: Conexión a base de datos exitosa
[01-Nov-2025 03:09:17 UTC] ATRAPABONO: Conexión a base de datos exitosa
[01-Nov-2025 03:09:18 UTC] ATRAPABONO: Conexión a base de datos exitosa
[01-Nov-2025 03:09:33 UTC] ATRAPABONO: Conexión a base de datos exitosa
[01-Nov-2025 03:09:52 UTC] ATRAPABONO: Conexión a base de datos exitosa
[01-Nov-2025 03:09:52 UTC] ATRAPABONO: Conexión a base de datos exitosa
[01-Nov-2025 03:09:53 UTC] ATRAPABONO: Conexión a base de datos exitosa
[01-Nov-2025 03:09:53 UTC] ATRAPABONO: Conexión a base de datos exitosa
[01-Nov-2025 03:09:53 UTC] ATRAPABONO: Conexión a base de datos exitosa
[01-Nov-2025 03:10:08 UTC] ATRAPABONO: Conexión a base de datos exitosa
[01-Nov-2025 03:12:39 UTC] ATRAPABONO: Conexión a base de datos exitosa
[01-Nov-2025 03:12:40 UTC] ATRAPABONO: Conexión a base de datos exitosa
[01-Nov-2025 03:12:40 UTC] ATRAPABONO: Conexión a base de datos exitosa
[01-Nov-2025 03:12:41 UTC] ATRAPABONO: Conexión a base de datos exitosa
[01-Nov-2025 03:12:41 UTC] ATRAPABONO: Conexión a base de datos exitosa
[01-Nov-2025 03:12:53 UTC] ATRAPABONO: Conexión a base de datos exitosa
[01-Nov-2025 03:19:34 UTC] ATRAPABONO: Conexión a base de datos exitosa
[01-Nov-2025 03:19:34 UTC] ATRAPABONO: Conexión a base de datos exitosa
[01-Nov-2025 03:19:34 UTC] ATRAPABONO: Conexión a base de datos exitosa
[01-Nov-2025 03:19:34 UTC] ATRAPABONO: Conexión a base de datos exitosa
[01-Nov-2025 03:19:35 UTC] ATRAPABONO: Conexión a base de datos exitosa
[01-Nov-2025 03:19:42 UTC] ATRAPABONO: Conexión a base de datos exitosa
[01-Nov-2025 03:19:43 UTC] ATRAPABONO: Conexión a base de datos exitosa
[01-Nov-2025 03:19:55 UTC] ATRAPABONO: Conexión a base de datos exitosa
[01-Nov-2025 03:19:59 UTC] ATRAPABONO: Conexión a base de datos exitosa
[01-Nov-2025 03:21:55 UTC] ATRAPABONO: Conexión a base de datos exitosa
[01-Nov-2025 03:21:55 UTC] ATRAPABONO: Conexión a base de datos exitosa
[01-Nov-2025 03:21:55 UTC] ATRAPABONO: Conexión a base de datos exitosa
[01-Nov-2025 03:21:55 UTC] ATRAPABONO: Conexión a base de datos exitosa
[01-Nov-2025 03:21:56 UTC] ATRAPABONO: Conexión a base de datos exitosa
[01-Nov-2025 03:21:58 UTC] ATRAPABONO: Conexión a base de datos exitosa
[01-Nov-2025 03:41:25 UTC] ATRAPABONO: Conexión a base de datos exitosa
[01-Nov-2025 03:41:25 UTC] ATRAPABONO: Conexión a base de datos exitosa
[01-Nov-2025 03:41:25 UTC] ATRAPABONO: Conexión a base de datos exitosa
[01-Nov-2025 03:41:25 UTC] ATRAPABONO: Conexión a base de datos exitosa
[01-Nov-2025 03:41:26 UTC] ATRAPABONO: Conexión a base de datos exitosa
[01-Nov-2025 03:41:32 UTC] ATRAPABONO: Conexión a base de datos exitosa
[01-Nov-2025 03:47:39 UTC] ATRAPABONO: Conexión a base de datos exitosa
[01-Nov-2025 03:47:39 UTC] ATRAPABONO: Conexión a base de datos exitosa
[01-Nov-2025 03:47:39 UTC] ATRAPABONO: Conexión a base de datos exitosa
[01-Nov-2025 03:47:39 UTC] ATRAPABONO: Conexión a base de datos exitosa
[01-Nov-2025 03:47:40 UTC] ATRAPABONO: Conexión a base de datos exitosa
[01-Nov-2025 03:48:23 UTC] ATRAPABONO: Conexión a base de datos exitosa
[01-Nov-2025 03:48:23 UTC] ATRAPABONO: Conexión a base de datos exitosa
[01-Nov-2025 03:48:24 UTC] ATRAPABONO: Conexión a base de datos exitosa
[01-Nov-2025 03:49:47 UTC] ATRAPABONO: Conexión a base de datos exitosa
[01-Nov-2025 03:49:48 UTC] ATRAPABONO: Conexión a base de datos exitosa
[01-Nov-2025 03:49:48 UTC] ATRAPABONO: Conexión a base de datos exitosa
[01-Nov-2025 03:49:49 UTC] ATRAPABONO: Conexión a base de datos exitosa
[01-Nov-2025 03:49:49 UTC] ATRAPABONO: Conexión a base de datos exitosa
[01-Nov-2025 03:49:53 UTC] ATRAPABONO: Conexión a base de datos exitosa
[01-Nov-2025 03:50:09 UTC] ATRAPABONO: Conexión a base de datos exitosa
[01-Nov-2025 03:50:14 UTC] ATRAPABONO: Conexión a base de datos exitosa
[01-Nov-2025 03:50:14 UTC] ATRAPABONO: Conexión a base de datos exitosa
[01-Nov-2025 03:50:14 UTC] ATRAPABONO: Conexión a base de datos exitosa
[01-Nov-2025 03:50:14 UTC] ATRAPABONO: Conexión a base de datos exitosa
[01-Nov-2025 03:50:15 UTC] ATRAPABONO: Conexión a base de datos exitosa
[01-Nov-2025 03:50:17 UTC] ATRAPABONO: Conexión a base de datos exitosa
[01-Nov-2025 03:50:17 UTC] ATRAPABONO: Conexión a base de datos exitosa
[01-Nov-2025 03:50:20 UTC] ATRAPABONO: Conexión a base de datos exitosa
[01-Nov-2025 03:50:26 UTC] ATRAPABONO: Conexión a base de datos exitosa
[01-Nov-2025 03:51:40 UTC] ATRAPABONO: Conexión a base de datos exitosa
[01-Nov-2025 03:51:41 UTC] ATRAPABONO: Conexión a base de datos exitosa
[01-Nov-2025 03:51:43 UTC] ATRAPABONO: Conexión a base de datos exitosa
[01-Nov-2025 03:53:50 UTC] ATRAPABONO: Conexión a base de datos exitosa
[01-Nov-2025 03:53:50 UTC] Error creando usuario admin: Unknown column 'password' in 'field list'
[01-Nov-2025 03:54:15 UTC] ATRAPABONO: Conexión a base de datos exitosa
[01-Nov-2025 04:05:06 UTC] ATRAPABONO: Conexión a base de datos exitosa
[01-Nov-2025 04:05:10 UTC] ATRAPABONO: Conexión a base de datos exitosa
[01-Nov-2025 04:05:10 UTC] ATRAPABONO: Conexión a base de datos exitosa
[01-Nov-2025 04:05:10 UTC] ATRAPABONO: Conexión a base de datos exitosa
[01-Nov-2025 04:05:10 UTC] ATRAPABONO: Conexión a base de datos exitosa
[01-Nov-2025 04:05:11 UTC] ATRAPABONO: Conexión a base de datos exitosa
[01-Nov-2025 04:05:32 UTC] ATRAPABONO: Conexión a base de datos exitosa
[01-Nov-2025 04:11:41 UTC] ATRAPABONO: Conexión a base de datos exitosa
[01-Nov-2025 04:11:41 UTC] Error creando usuario admin: Unknown column 'password' in 'field list'
[01-Nov-2025 04:17:07 UTC] ATRAPABONO: Conexión a base de datos exitosa
[01-Nov-2025 04:17:13 UTC] ATRAPABONO: Conexión a base de datos exitosa
[01-Nov-2025 04:17:18 UTC] ATRAPABONO: Conexión a base de datos exitosa
[01-Nov-2025 04:17:18 UTC] ATRAPABONO: Conexión a base de datos exitosa
[01-Nov-2025 04:17:19 UTC] ATRAPABONO: Conexión a base de datos exitosa
[01-Nov-2025 04:17:19 UTC] ATRAPABONO: Conexión a base de datos exitosa
[01-Nov-2025 04:17:20 UTC] ATRAPABONO: Conexión a base de datos exitosa
[01-Nov-2025 04:17:22 UTC] ATRAPABONO: Conexión a base de datos exitosa
[01-Nov-2025 04:18:18 UTC] ATRAPABONO: Conexión a base de datos exitosa
[01-Nov-2025 04:18:18 UTC] ATRAPABONO: Conexión a base de datos exitosa
[01-Nov-2025 04:18:19 UTC] ATRAPABONO: Conexión a base de datos exitosa
[01-Nov-2025 04:18:19 UTC] ATRAPABONO: Conexión a base de datos exitosa
[01-Nov-2025 04:20:18 UTC] ATRAPABONO: Conexión a base de datos exitosa
[01-Nov-2025 04:20:19 UTC] ATRAPABONO: Conexión a base de datos exitosa
[01-Nov-2025 04:20:19 UTC] ATRAPABONO: Conexión a base de datos exitosa
[01-Nov-2025 04:20:19 UTC] ATRAPABONO: Conexión a base de datos exitosa
[01-Nov-2025 04:20:20 UTC] ATRAPABONO: Conexión a base de datos exitosa
[01-Nov-2025 04:21:08 UTC] ATRAPABONO: Conexión a base de datos exitosa
[01-Nov-2025 04:21:13 UTC] ATRAPABONO: Conexión a base de datos exitosa
[01-Nov-2025 04:21:13 UTC] ATRAPABONO: Conexión a base de datos exitosa
[01-Nov-2025 04:21:14 UTC] ATRAPABONO: Conexión a base de datos exitosa
[01-Nov-2025 04:21:14 UTC] ATRAPABONO: Conexión a base de datos exitosa
[01-Nov-2025 04:21:14 UTC] ATRAPABONO: Conexión a base de datos exitosa
[01-Nov-2025 04:21:15 UTC] ATRAPABONO: Conexión a base de datos exitosa
[01-Nov-2025 04:21:18 UTC] ATRAPABONO: Conexión a base de datos exitosa
[01-Nov-2025 04:21:22 UTC] ATRAPABONO: Conexión a base de datos exitosa
[01-Nov-2025 04:21:22 UTC] ATRAPABONO: Conexión a base de datos exitosa
[01-Nov-2025 04:21:22 UTC] ATRAPABONO: Conexión a base de datos exitosa
[01-Nov-2025 04:21:22 UTC] ATRAPABONO: Conexión a base de datos exitosa
[01-Nov-2025 04:21:23 UTC] ATRAPABONO: Conexión a base de datos exitosa
[01-Nov-2025 04:21:24 UTC] ATRAPABONO: Conexión a base de datos exitosa
[01-Nov-2025 04:21:58 UTC] ATRAPABONO: Conexión a base de datos exitosa
[01-Nov-2025 04:21:58 UTC] ATRAPABONO: Conexión a base de datos exitosa
[01-Nov-2025 04:22:02 UTC] ATRAPABONO: Conexión a base de datos exitosa
[01-Nov-2025 04:22:03 UTC] ATRAPABONO: Conexión a base de datos exitosa
[01-Nov-2025 04:22:03 UTC] ATRAPABONO: Conexión a base de datos exitosa
[01-Nov-2025 04:22:03 UTC] ATRAPABONO: Conexión a base de datos exitosa
[01-Nov-2025 04:22:06 UTC] ATRAPABONO: Conexión a base de datos exitosa
[01-Nov-2025 04:22:06 UTC] ATRAPABONO: Conexión a base de datos exitosa
[01-Nov-2025 04:22:09 UTC] ATRAPABONO: Conexión a base de datos exitosa
[01-Nov-2025 04:22:09 UTC] ATRAPABONO: Conexión a base de datos exitosa
[01-Nov-2025 04:23:22 UTC] ATRAPABONO: Conexión a base de datos exitosa
[01-Nov-2025 04:23:22 UTC] ATRAPABONO: Conexión a base de datos exitosa
[01-Nov-2025 04:23:42 UTC] ATRAPABONO: Conexión a base de datos exitosa
[01-Nov-2025 04:23:42 UTC] ATRAPABONO: Conexión a base de datos exitosa
[01-Nov-2025 04:23:43 UTC] ATRAPABONO: Conexión a base de datos exitosa
[01-Nov-2025 04:23:58 UTC] ATRAPABONO: Conexión a base de datos exitosa
[01-Nov-2025 04:23:58 UTC] ATRAPABONO: Conexión a base de datos exitosa
[01-Nov-2025 04:23:58 UTC] ATRAPABONO: Conexión a base de datos exitosa
[01-Nov-2025 04:23:58 UTC] ATRAPABONO: Conexión a base de datos exitosa
[01-Nov-2025 04:24:01 UTC] ATRAPABONO: Conexión a base de datos exitosa
[01-Nov-2025 04:24:01 UTC] ATRAPABONO: Conexión a base de datos exitosa
[01-Nov-2025 04:24:01 UTC] ATRAPABONO: Conexión a base de datos exitosa
[01-Nov-2025 04:24:02 UTC] ATRAPABONO: Conexión a base de datos exitosa
[01-Nov-2025 04:24:07 UTC] ATRAPABONO: Conexión a base de datos exitosa
[01-Nov-2025 04:24:08 UTC] ATRAPABONO: Conexión a base de datos exitosa
[01-Nov-2025 04:24:10 UTC] ATRAPABONO: Conexión a base de datos exitosa
[01-Nov-2025 04:24:10 UTC] ATRAPABONO: Conexión a base de datos exitosa
[01-Nov-2025 04:24:10 UTC] ATRAPABONO: Conexión a base de datos exitosa
[01-Nov-2025 04:24:11 UTC] ATRAPABONO: Conexión a base de datos exitosa
[01-Nov-2025 04:24:12 UTC] ATRAPABONO: Conexión a base de datos exitosa
[01-Nov-2025 04:24:16 UTC] ATRAPABONO: Conexión a base de datos exitosa
[01-Nov-2025 04:24:16 UTC] ATRAPABONO: Conexión a base de datos exitosa
[01-Nov-2025 04:24:41 UTC] ATRAPABONO: Conexión a base de datos exitosa
[01-Nov-2025 04:24:46 UTC] ATRAPABONO: Conexión a base de datos exitosa
[01-Nov-2025 04:24:46 UTC] ATRAPABONO: Conexión a base de datos exitosa
[01-Nov-2025 04:24:46 UTC] ATRAPABONO: Conexión a base de datos exitosa
[01-Nov-2025 04:24:46 UTC] ATRAPABONO: Conexión a base de datos exitosa
[01-Nov-2025 04:24:47 UTC] ATRAPABONO: Conexión a base de datos exitosa
[01-Nov-2025 04:24:49 UTC] ATRAPABONO: Conexión a base de datos exitosa
[01-Nov-2025 04:24:52 UTC] ATRAPABONO: Conexión a base de datos exitosa
[01-Nov-2025 04:24:57 UTC] ATRAPABONO: Conexión a base de datos exitosa
[01-Nov-2025 04:24:58 UTC] ATRAPABONO: Conexión a base de datos exitosa
[01-Nov-2025 04:24:58 UTC] ATRAPABONO: Conexión a base de datos exitosa
[01-Nov-2025 04:24:58 UTC] ATRAPABONO: Conexión a base de datos exitosa
[01-Nov-2025 04:24:58 UTC] ATRAPABONO: Conexión a base de datos exitosa
[01-Nov-2025 04:24:59 UTC] ATRAPABONO: Conexión a base de datos exitosa
[01-Nov-2025 04:25:02 UTC] ATRAPABONO: Conexión a base de datos exitosa
[01-Nov-2025 04:25:02 UTC] ATRAPABONO: Conexión a base de datos exitosa
[01-Nov-2025 04:25:03 UTC] ATRAPABONO: Conexión a base de datos exitosa
[01-Nov-2025 04:25:03 UTC] ATRAPABONO: Conexión a base de datos exitosa
[01-Nov-2025 04:25:03 UTC] ATRAPABONO: Conexión a base de datos exitosa
[01-Nov-2025 04:25:05 UTC] ATRAPABONO: Conexión a base de datos exitosa
[01-Nov-2025 04:25:09 UTC] ATRAPABONO: Conexión a base de datos exitosa
[01-Nov-2025 04:25:09 UTC] ATRAPABONO: Conexión a base de datos exitosa
[01-Nov-2025 04:25:18 UTC] ATRAPABONO: Conexión a base de datos exitosa
[01-Nov-2025 04:25:18 UTC] ATRAPABONO: Conexión a base de datos exitosa
[01-Nov-2025 04:25:19 UTC] ATRAPABONO: Conexión a base de datos exitosa
[01-Nov-2025 04:25:19 UTC] ATRAPABONO: Conexión a base de datos exitosa
[01-Nov-2025 04:25:20 UTC] ATRAPABONO: Conexión a base de datos exitosa
[01-Nov-2025 04:25:21 UTC] ATRAPABONO: Conexión a base de datos exitosa
[01-Nov-2025 04:25:23 UTC] ATRAPABONO: Conexión a base de datos exitosa
[01-Nov-2025 04:25:23 UTC] ATRAPABONO: Conexión a base de datos exitosa
[01-Nov-2025 04:25:49 UTC] ATRAPABONO: Conexión a base de datos exitosa
[01-Nov-2025 04:25:50 UTC] ATRAPABONO: Conexión a base de datos exitosa
[01-Nov-2025 04:25:55 UTC] ATRAPABONO: Conexión a base de datos exitosa
[01-Nov-2025 04:25:55 UTC] ATRAPABONO: Conexión a base de datos exitosa
[01-Nov-2025 04:25:56 UTC] ATRAPABONO: Conexión a base de datos exitosa
[01-Nov-2025 04:25:57 UTC] ATRAPABONO: Conexión a base de datos exitosa
[01-Nov-2025 04:25:58 UTC] ATRAPABONO: Conexión a base de datos exitosa
[01-Nov-2025 04:25:58 UTC] ATRAPABONO: Conexión a base de datos exitosa
[01-Nov-2025 04:26:33 UTC] ATRAPABONO: Conexión a base de datos exitosa
[01-Nov-2025 04:26:34 UTC] ATRAPABONO: Conexión a base de datos exitosa
[01-Nov-2025 04:26:44 UTC] ATRAPABONO: Conexión a base de datos exitosa
[01-Nov-2025 04:26:44 UTC] ATRAPABONO: Conexión a base de datos exitosa
[01-Nov-2025 04:27:33 UTC] ATRAPABONO: Conexión a base de datos exitosa
[01-Nov-2025 04:27:33 UTC] ATRAPABONO: Conexión a base de datos exitosa
[01-Nov-2025 04:27:34 UTC] ATRAPABONO: Conexión a base de datos exitosa
[01-Nov-2025 04:27:34 UTC] ATRAPABONO: Conexión a base de datos exitosa
[01-Nov-2025 04:27:51 UTC] ATRAPABONO: Conexión a base de datos exitosa
[01-Nov-2025 04:27:51 UTC] ATRAPABONO: Conexión a base de datos exitosa
[01-Nov-2025 04:28:15 UTC] ATRAPABONO: Conexión a base de datos exitosa
[01-Nov-2025 04:28:15 UTC] ATRAPABONO: Conexión a base de datos exitosa
[01-Nov-2025 04:28:20 UTC] ATRAPABONO: Conexión a base de datos exitosa
[01-Nov-2025 04:28:20 UTC] ATRAPABONO: Conexión a base de datos exitosa
[01-Nov-2025 04:28:21 UTC] ATRAPABONO: Conexión a base de datos exitosa
[01-Nov-2025 04:28:23 UTC] ATRAPABONO: Conexión a base de datos exitosa
[01-Nov-2025 04:28:24 UTC] ATRAPABONO: Conexión a base de datos exitosa
[01-Nov-2025 04:28:24 UTC] ATRAPABONO: Conexión a base de datos exitosa
[01-Nov-2025 04:28:24 UTC] ATRAPABONO: Conexión a base de datos exitosa
[01-Nov-2025 04:28:25 UTC] ATRAPABONO: Conexión a base de datos exitosa
[01-Nov-2025 04:28:28 UTC] ATRAPABONO: Conexión a base de datos exitosa
[01-Nov-2025 04:28:30 UTC] ATRAPABONO: Conexión a base de datos exitosa
[01-Nov-2025 04:28:30 UTC] ATRAPABONO: Conexión a base de datos exitosa
[01-Nov-2025 04:28:31 UTC] ATRAPABONO: Conexión a base de datos exitosa
[01-Nov-2025 04:28:31 UTC] ATRAPABONO: Conexión a base de datos exitosa
[01-Nov-2025 04:28:32 UTC] ATRAPABONO: Conexión a base de datos exitosa
[01-Nov-2025 04:30:45 UTC] ATRAPABONO: Conexión a base de datos exitosa
[01-Nov-2025 04:30:45 UTC] ATRAPABONO: Conexión a base de datos exitosa
[01-Nov-2025 04:30:45 UTC] ATRAPABONO: Conexión a base de datos exitosa
[01-Nov-2025 04:30:47 UTC] ATRAPABONO: Conexión a base de datos exitosa
[01-Nov-2025 04:37:31 UTC] ATRAPABONO: Conexión a base de datos exitosa
[01-Nov-2025 04:37:32 UTC] ATRAPABONO: Conexión a base de datos exitosa
[01-Nov-2025 04:37:32 UTC] ATRAPABONO: Conexión a base de datos exitosa
[01-Nov-2025 04:37:33 UTC] ATRAPABONO: Conexión a base de datos exitosa
[01-Nov-2025 04:37:33 UTC] ATRAPABONO: Conexión a base de datos exitosa
[01-Nov-2025 04:37:33 UTC] ATRAPABONO: Conexión a base de datos exitosa
[01-Nov-2025 04:37:34 UTC] ATRAPABONO: Conexión a base de datos exitosa
[01-Nov-2025 04:37:40 UTC] ATRAPABONO: Conexión a base de datos exitosa
[01-Nov-2025 04:37:41 UTC] ATRAPABONO: Conexión a base de datos exitosa
[01-Nov-2025 04:37:41 UTC] ATRAPABONO: Conexión a base de datos exitosa
[01-Nov-2025 04:37:41 UTC] ATRAPABONO: Conexión a base de datos exitosa
[01-Nov-2025 04:37:42 UTC] ATRAPABONO: Conexión a base de datos exitosa
[01-Nov-2025 04:38:29 UTC] ATRAPABONO: Conexión a base de datos exitosa
[01-Nov-2025 04:38:32 UTC] ATRAPABONO: Conexión a base de datos exitosa
[01-Nov-2025 04:38:32 UTC] ATRAPABONO: Conexión a base de datos exitosa
[01-Nov-2025 04:38:33 UTC] ATRAPABONO: Conexión a base de datos exitosa
[01-Nov-2025 04:39:14 UTC] ATRAPABONO: Conexión a base de datos exitosa
[01-Nov-2025 04:39:14 UTC] ATRAPABONO: Conexión a base de datos exitosa
[01-Nov-2025 04:39:14 UTC] ATRAPABONO: Conexión a base de datos exitosa
[01-Nov-2025 04:39:15 UTC] ATRAPABONO: Conexión a base de datos exitosa
[01-Nov-2025 04:40:04 UTC] ATRAPABONO: Conexión a base de datos exitosa
[01-Nov-2025 04:40:04 UTC] ATRAPABONO: Conexión a base de datos exitosa
[01-Nov-2025 04:40:04 UTC] ATRAPABONO: Conexión a base de datos exitosa
[01-Nov-2025 04:40:05 UTC] ATRAPABONO: Conexión a base de datos exitosa
[01-Nov-2025 04:40:34 UTC] ATRAPABONO: Conexión a base de datos exitosa
[01-Nov-2025 04:40:34 UTC] ATRAPABONO: Conexión a base de datos exitosa
[01-Nov-2025 04:40:34 UTC] ATRAPABONO: Conexión a base de datos exitosa
[01-Nov-2025 04:40:35 UTC] ATRAPABONO: Conexión a base de datos exitosa
[01-Nov-2025 04:40:35 UTC] ATRAPABONO: Conexión a base de datos exitosa
[01-Nov-2025 04:40:35 UTC] ATRAPABONO: Conexión a base de datos exitosa
[01-Nov-2025 04:40:36 UTC] ATRAPABONO: Conexión a base de datos exitosa
[01-Nov-2025 04:40:37 UTC] ATRAPABONO: Conexión a base de datos exitosa
[01-Nov-2025 04:40:37 UTC] ATRAPABONO: Conexión a base de datos exitosa
[01-Nov-2025 04:40:38 UTC] ATRAPABONO: Conexión a base de datos exitosa
[01-Nov-2025 04:41:26 UTC] ATRAPABONO: Conexión a base de datos exitosa
[01-Nov-2025 04:41:26 UTC] ATRAPABONO: Conexión a base de datos exitosa
[01-Nov-2025 04:41:26 UTC] ATRAPABONO: Conexión a base de datos exitosa
[01-Nov-2025 04:41:27 UTC] ATRAPABONO: Conexión a base de datos exitosa
[01-Nov-2025 04:42:29 UTC] ATRAPABONO: Conexión a base de datos exitosa
[01-Nov-2025 04:42:29 UTC] ATRAPABONO: Conexión a base de datos exitosa
[01-Nov-2025 04:42:29 UTC] ATRAPABONO: Conexión a base de datos exitosa
[01-Nov-2025 04:42:30 UTC] ATRAPABONO: Conexión a base de datos exitosa
[01-Nov-2025 04:42:36 UTC] ATRAPABONO: Conexión a base de datos exitosa
[04-Nov-2025 03:26:39 UTC] ATRAPABONO: Conexión a base de datos exitosa
[04-Nov-2025 03:28:34 UTC] ATRAPABONO: Conexión a base de datos exitosa
[04-Nov-2025 03:28:51 UTC] ATRAPABONO: Conexión a base de datos exitosa
[04-Nov-2025 03:29:00 UTC] ATRAPABONO: Conexión a base de datos exitosa
[04-Nov-2025 03:29:13 UTC] ATRAPABONO: Conexión a base de datos exitosa
[04-Nov-2025 03:29:13 UTC] ATRAPABONO: Conexión a base de datos exitosa
[04-Nov-2025 03:29:13 UTC] ATRAPABONO: Conexión a base de datos exitosa
[04-Nov-2025 03:29:13 UTC] ATRAPABONO: Conexión a base de datos exitosa
[04-Nov-2025 03:29:15 UTC] ATRAPABONO: Conexión a base de datos exitosa
[04-Nov-2025 03:29:23 UTC] ATRAPABONO: Conexión a base de datos exitosa
[04-Nov-2025 03:29:23 UTC] ATRAPABONO: Conexión a base de datos exitosa
[04-Nov-2025 03:29:32 UTC] ATRAPABONO: Conexión a base de datos exitosa
[04-Nov-2025 03:29:37 UTC] ATRAPABONO: Conexión a base de datos exitosa
[04-Nov-2025 03:29:37 UTC] ATRAPABONO: Conexión a base de datos exitosa
[04-Nov-2025 03:29:38 UTC] ATRAPABONO: Conexión a base de datos exitosa
[04-Nov-2025 03:29:39 UTC] ATRAPABONO: Conexión a base de datos exitosa
[04-Nov-2025 03:30:04 UTC] ATRAPABONO: Conexión a base de datos exitosa
[04-Nov-2025 04:00:15 UTC] ATRAPABONO: Conexión a base de datos exitosa
[04-Nov-2025 04:00:15 UTC] ATRAPABONO: Conexión a base de datos exitosa
[04-Nov-2025 04:00:15 UTC] ATRAPABONO: Conexión a base de datos exitosa
[04-Nov-2025 04:00:15 UTC] ATRAPABONO: Conexión a base de datos exitosa
[04-Nov-2025 04:00:17 UTC] ATRAPABONO: Conexión a base de datos exitosa
[04-Nov-2025 04:10:50 UTC] ATRAPABONO: Conexión a base de datos exitosa
[04-Nov-2025 04:10:50 UTC] ATRAPABONO: Conexión a base de datos exitosa
[04-Nov-2025 04:10:50 UTC] ATRAPABONO: Conexión a base de datos exitosa
[04-Nov-2025 04:10:51 UTC] ATRAPABONO: Conexión a base de datos exitosa
[04-Nov-2025 04:10:59 UTC] ATRAPABONO: Conexión a base de datos exitosa
[04-Nov-2025 04:10:59 UTC] ATRAPABONO: Conexión a base de datos exitosa
[04-Nov-2025 04:11:01 UTC] ATRAPABONO: Conexión a base de datos exitosa
[04-Nov-2025 04:12:33 UTC] ATRAPABONO: Conexión a base de datos exitosa
[04-Nov-2025 04:12:36 UTC] ATRAPABONO: Conexión a base de datos exitosa
[04-Nov-2025 04:12:37 UTC] ATRAPABONO: Conexión a base de datos exitosa
[04-Nov-2025 04:13:25 UTC] ATRAPABONO: Conexión a base de datos exitosa
[04-Nov-2025 04:17:43 UTC] ATRAPABONO: Conexión a base de datos exitosa
[04-Nov-2025 04:17:43 UTC] ATRAPABONO: Conexión a base de datos exitosa
[04-Nov-2025 04:17:43 UTC] ATRAPABONO: Conexión a base de datos exitosa
[04-Nov-2025 04:17:44 UTC] ATRAPABONO: Conexión a base de datos exitosa
[04-Nov-2025 04:17:47 UTC] ATRAPABONO: Conexión a base de datos exitosa
[04-Nov-2025 04:21:47 UTC] ATRAPABONO: Conexión a base de datos exitosa
[04-Nov-2025 04:21:47 UTC] ATRAPABONO: Conexión a base de datos exitosa
[04-Nov-2025 04:21:47 UTC] ATRAPABONO: Conexión a base de datos exitosa
[04-Nov-2025 04:21:48 UTC] ATRAPABONO: Conexión a base de datos exitosa
[04-Nov-2025 04:35:49 UTC] ATRAPABONO: Conexión a base de datos exitosa
[04-Nov-2025 04:35:49 UTC] ATRAPABONO: Conexión a base de datos exitosa
[04-Nov-2025 04:35:49 UTC] ATRAPABONO: Conexión a base de datos exitosa
[04-Nov-2025 04:35:52 UTC] ATRAPABONO: Conexión a base de datos exitosa
[04-Nov-2025 04:36:29 UTC] ATRAPABONO: Conexión a base de datos exitosa
[04-Nov-2025 04:36:29 UTC] ATRAPABONO: Conexión a base de datos exitosa
[04-Nov-2025 04:36:29 UTC] ATRAPABONO: Conexión a base de datos exitosa
[04-Nov-2025 04:36:31 UTC] ATRAPABONO: Conexión a base de datos exitosa
[04-Nov-2025 04:36:40 UTC] ATRAPABONO: Conexión a base de datos exitosa
[04-Nov-2025 04:36:40 UTC] ATRAPABONO: Conexión a base de datos exitosa
[04-Nov-2025 04:36:40 UTC] ATRAPABONO: Conexión a base de datos exitosa
[04-Nov-2025 04:36:41 UTC] ATRAPABONO: Conexión a base de datos exitosa
[04-Nov-2025 04:36:43 UTC] ATRAPABONO: Conexión a base de datos exitosa
[04-Nov-2025 04:39:12 UTC] ATRAPABONO: Conexión a base de datos exitosa
[04-Nov-2025 04:39:12 UTC] ATRAPABONO: Conexión a base de datos exitosa
[04-Nov-2025 04:39:12 UTC] ATRAPABONO: Conexión a base de datos exitosa
[04-Nov-2025 04:39:13 UTC] ATRAPABONO: Conexión a base de datos exitosa
[04-Nov-2025 04:41:30 UTC] ATRAPABONO: Conexión a base de datos exitosa
[04-Nov-2025 04:41:30 UTC] ATRAPABONO: Conexión a base de datos exitosa
[04-Nov-2025 04:41:30 UTC] ATRAPABONO: Conexión a base de datos exitosa
[04-Nov-2025 04:41:31 UTC] ATRAPABONO: Conexión a base de datos exitosa
[04-Nov-2025 04:41:38 UTC] ATRAPABONO: Conexión a base de datos exitosa
[04-Nov-2025 04:41:39 UTC] ATRAPABONO: Conexión a base de datos exitosa
[04-Nov-2025 04:41:40 UTC] ATRAPABONO: Conexión a base de datos exitosa
[04-Nov-2025 04:41:46 UTC] ATRAPABONO: Conexión a base de datos exitosa
[04-Nov-2025 04:42:16 UTC] ATRAPABONO: Conexión a base de datos exitosa
[04-Nov-2025 04:45:11 UTC] ATRAPABONO: Conexión a base de datos exitosa
[04-Nov-2025 04:45:11 UTC] ATRAPABONO: Conexión a base de datos exitosa
[04-Nov-2025 04:45:11 UTC] ATRAPABONO: Conexión a base de datos exitosa
[04-Nov-2025 04:45:12 UTC] ATRAPABONO: Conexión a base de datos exitosa
[04-Nov-2025 04:45:14 UTC] ATRAPABONO: Conexión a base de datos exitosa
[04-Nov-2025 04:45:15 UTC] ATRAPABONO: Conexión a base de datos exitosa
[04-Nov-2025 04:45:17 UTC] ATRAPABONO: Conexión a base de datos exitosa
[04-Nov-2025 04:45:17 UTC] ATRAPABONO: Conexión a base de datos exitosa
[04-Nov-2025 04:45:17 UTC] ATRAPABONO: Conexión a base de datos exitosa
[04-Nov-2025 04:45:19 UTC] ATRAPABONO: Conexión a base de datos exitosa
[04-Nov-2025 04:45:19 UTC] ATRAPABONO: Conexión a base de datos exitosa
[04-Nov-2025 04:45:20 UTC] ATRAPABONO: Conexión a base de datos exitosa
[04-Nov-2025 04:45:21 UTC] ATRAPABONO: Conexión a base de datos exitosa
[04-Nov-2025 04:45:31 UTC] ATRAPABONO: Conexión a base de datos exitosa
[04-Nov-2025 04:45:31 UTC] ATRAPABONO: Conexión a base de datos exitosa
[04-Nov-2025 04:45:31 UTC] ATRAPABONO: Conexión a base de datos exitosa
[04-Nov-2025 04:45:32 UTC] ATRAPABONO: Conexión a base de datos exitosa
[04-Nov-2025 04:45:34 UTC] ATRAPABONO: Conexión a base de datos exitosa
[04-Nov-2025 04:45:35 UTC] ATRAPABONO: Conexión a base de datos exitosa
[04-Nov-2025 04:45:36 UTC] ATRAPABONO: Conexión a base de datos exitosa
[04-Nov-2025 04:45:38 UTC] ATRAPABONO: Conexión a base de datos exitosa
[04-Nov-2025 04:45:42 UTC] ATRAPABONO: Conexión a base de datos exitosa
[04-Nov-2025 04:45:42 UTC] ATRAPABONO: Conexión a base de datos exitosa
[04-Nov-2025 04:45:42 UTC] ATRAPABONO: Conexión a base de datos exitosa
[04-Nov-2025 04:45:42 UTC] ATRAPABONO: Conexión a base de datos exitosa
[04-Nov-2025 04:45:43 UTC] ATRAPABONO: Conexión a base de datos exitosa
[04-Nov-2025 04:45:59 UTC] ATRAPABONO: Conexión a base de datos exitosa
[04-Nov-2025 04:46:00 UTC] ATRAPABONO: Conexión a base de datos exitosa
[04-Nov-2025 04:47:37 UTC] ATRAPABONO: Conexión a base de datos exitosa
[04-Nov-2025 04:47:37 UTC] ATRAPABONO: Conexión a base de datos exitosa
[04-Nov-2025 04:47:37 UTC] ATRAPABONO: Conexión a base de datos exitosa
[04-Nov-2025 04:47:38 UTC] ATRAPABONO: Conexión a base de datos exitosa
[04-Nov-2025 04:48:00 UTC] ATRAPABONO: Conexión a base de datos exitosa
[04-Nov-2025 04:49:50 UTC] ATRAPABONO: Conexión a base de datos exitosa
[04-Nov-2025 04:49:50 UTC] ATRAPABONO: Conexión a base de datos exitosa
[04-Nov-2025 04:49:50 UTC] ATRAPABONO: Conexión a base de datos exitosa
[04-Nov-2025 04:49:51 UTC] ATRAPABONO: Conexión a base de datos exitosa
[04-Nov-2025 04:49:52 UTC] ATRAPABONO: Conexión a base de datos exitosa
[04-Nov-2025 04:50:12 UTC] ATRAPABONO: Conexión a base de datos exitosa
[04-Nov-2025 04:50:29 UTC] ATRAPABONO: Conexión a base de datos exitosa
[04-Nov-2025 04:53:05 UTC] ATRAPABONO: Conexión a base de datos exitosa
[04-Nov-2025 04:53:05 UTC] ATRAPABONO: Conexión a base de datos exitosa
[04-Nov-2025 04:53:05 UTC] ATRAPABONO: Conexión a base de datos exitosa
[04-Nov-2025 04:53:06 UTC] ATRAPABONO: Conexión a base de datos exitosa
[04-Nov-2025 04:53:10 UTC] ATRAPABONO: Conexión a base de datos exitosa
[04-Nov-2025 04:53:12 UTC] ATRAPABONO: Conexión a base de datos exitosa
[04-Nov-2025 04:53:19 UTC] ATRAPABONO: Conexión a base de datos exitosa
[04-Nov-2025 04:55:50 UTC] ATRAPABONO: Conexión a base de datos exitosa
[04-Nov-2025 04:55:51 UTC] ATRAPABONO: Conexión a base de datos exitosa
[04-Nov-2025 04:55:53 UTC] ATRAPABONO: Conexión a base de datos exitosa
[04-Nov-2025 04:59:50 UTC] ATRAPABONO: Conexión a base de datos exitosa
[04-Nov-2025 04:59:50 UTC] ATRAPABONO: Conexión a base de datos exitosa
[04-Nov-2025 04:59:50 UTC] ATRAPABONO: Conexión a base de datos exitosa
[04-Nov-2025 04:59:51 UTC] ATRAPABONO: Conexión a base de datos exitosa
[04-Nov-2025 05:05:01 UTC] ATRAPABONO: Conexión a base de datos exitosa
[04-Nov-2025 05:05:02 UTC] ATRAPABONO: Conexión a base de datos exitosa
[04-Nov-2025 05:05:02 UTC] ATRAPABONO: Conexión a base de datos exitosa
[04-Nov-2025 05:05:03 UTC] ATRAPABONO: Conexión a base de datos exitosa
[04-Nov-2025 05:07:23 UTC] ATRAPABONO: Conexión a base de datos exitosa
[04-Nov-2025 05:07:23 UTC] ATRAPABONO: Conexión a base de datos exitosa
[04-Nov-2025 05:07:23 UTC] ATRAPABONO: Conexión a base de datos exitosa
[04-Nov-2025 05:07:24 UTC] ATRAPABONO: Conexión a base de datos exitosa
[04-Nov-2025 05:09:29 UTC] ATRAPABONO: Conexión a base de datos exitosa
[04-Nov-2025 05:09:29 UTC] ATRAPABONO: Conexión a base de datos exitosa
[04-Nov-2025 05:09:29 UTC] ATRAPABONO: Conexión a base de datos exitosa
[04-Nov-2025 05:09:31 UTC] ATRAPABONO: Conexión a base de datos exitosa
[04-Nov-2025 05:10:38 UTC] ATRAPABONO: Conexión a base de datos exitosa
[04-Nov-2025 05:13:48 UTC] ATRAPABONO: Conexión a base de datos exitosa
[04-Nov-2025 05:13:48 UTC] ATRAPABONO: Conexión a base de datos exitosa
[04-Nov-2025 05:13:48 UTC] ATRAPABONO: Conexión a base de datos exitosa
[04-Nov-2025 05:13:48 UTC] ATRAPABONO: Conexión a base de datos exitosa
[04-Nov-2025 05:13:50 UTC] ATRAPABONO: Conexión a base de datos exitosa
[04-Nov-2025 05:23:20 UTC] ATRAPABONO: Conexión a base de datos exitosa
[04-Nov-2025 05:23:20 UTC] ATRAPABONO: Conexión a base de datos exitosa
[04-Nov-2025 05:23:20 UTC] ATRAPABONO: Conexión a base de datos exitosa
[04-Nov-2025 05:23:21 UTC] ATRAPABONO: Conexión a base de datos exitosa
[04-Nov-2025 05:25:55 UTC] ATRAPABONO: Conexión a base de datos exitosa
[04-Nov-2025 05:25:55 UTC] ATRAPABONO: Conexión a base de datos exitosa
[04-Nov-2025 05:25:55 UTC] ATRAPABONO: Conexión a base de datos exitosa
[04-Nov-2025 05:25:56 UTC] ATRAPABONO: Conexión a base de datos exitosa
[04-Nov-2025 05:28:47 UTC] ATRAPABONO: Conexión a base de datos exitosa
[04-Nov-2025 05:28:47 UTC] ATRAPABONO: Conexión a base de datos exitosa
[04-Nov-2025 05:28:47 UTC] ATRAPABONO: Conexión a base de datos exitosa
[04-Nov-2025 05:28:48 UTC] ATRAPABONO: Conexión a base de datos exitosa
[04-Nov-2025 05:31:44 UTC] ATRAPABONO: Conexión a base de datos exitosa
[04-Nov-2025 05:31:44 UTC] ATRAPABONO: Conexión a base de datos exitosa
[04-Nov-2025 05:31:44 UTC] ATRAPABONO: Conexión a base de datos exitosa
[04-Nov-2025 05:31:46 UTC] ATRAPABONO: Conexión a base de datos exitosa
[04-Nov-2025 05:33:59 UTC] ATRAPABONO: Conexión a base de datos exitosa
[04-Nov-2025 05:33:59 UTC] ATRAPABONO: Conexión a base de datos exitosa
[04-Nov-2025 05:33:59 UTC] ATRAPABONO: Conexión a base de datos exitosa
[04-Nov-2025 05:34:00 UTC] ATRAPABONO: Conexión a base de datos exitosa
[04-Nov-2025 05:34:16 UTC] ATRAPABONO: Conexión a base de datos exitosa
[04-Nov-2025 05:34:16 UTC] ATRAPABONO: Conexión a base de datos exitosa
[04-Nov-2025 05:34:16 UTC] ATRAPABONO: Conexión a base de datos exitosa
[04-Nov-2025 05:34:17 UTC] ATRAPABONO: Conexión a base de datos exitosa
[04-Nov-2025 05:40:13 UTC] ATRAPABONO: Conexión a base de datos exitosa
[04-Nov-2025 05:40:13 UTC] ATRAPABONO: Conexión a base de datos exitosa
[04-Nov-2025 05:40:13 UTC] ATRAPABONO: Conexión a base de datos exitosa
[04-Nov-2025 05:40:16 UTC] ATRAPABONO: Conexión a base de datos exitosa
[04-Nov-2025 05:42:21 UTC] ATRAPABONO: Conexión a base de datos exitosa
[04-Nov-2025 05:42:21 UTC] ATRAPABONO: Conexión a base de datos exitosa
[04-Nov-2025 05:42:21 UTC] ATRAPABONO: Conexión a base de datos exitosa
[04-Nov-2025 05:42:22 UTC] ATRAPABONO: Conexión a base de datos exitosa
[04-Nov-2025 05:42:22 UTC] ATRAPABONO: Conexión a base de datos exitosa
[04-Nov-2025 05:42:22 UTC] ATRAPABONO: Conexión a base de datos exitosa
[04-Nov-2025 05:42:23 UTC] ATRAPABONO: Conexión a base de datos exitosa
[04-Nov-2025 05:57:24 UTC] ATRAPABONO: Conexión a base de datos exitosa
[04-Nov-2025 05:57:24 UTC] ATRAPABONO: Conexión a base de datos exitosa
[04-Nov-2025 05:57:24 UTC] ATRAPABONO: Conexión a base de datos exitosa
[04-Nov-2025 05:57:25 UTC] ATRAPABONO: Conexión a base de datos exitosa
[04-Nov-2025 05:57:29 UTC] ATRAPABONO: Conexión a base de datos exitosa
[04-Nov-2025 05:57:29 UTC] ATRAPABONO: Conexión a base de datos exitosa
[04-Nov-2025 05:57:29 UTC] ATRAPABONO: Conexión a base de datos exitosa
[04-Nov-2025 05:57:31 UTC] ATRAPABONO: Conexión a base de datos exitosa
[04-Nov-2025 05:57:37 UTC] ATRAPABONO: Conexión a base de datos exitosa
[04-Nov-2025 05:57:37 UTC] ATRAPABONO: Conexión a base de datos exitosa
[04-Nov-2025 05:57:37 UTC] ATRAPABONO: Conexión a base de datos exitosa
[04-Nov-2025 05:57:38 UTC] ATRAPABONO: Conexión a base de datos exitosa
[04-Nov-2025 06:00:28 UTC] ATRAPABONO: Conexión a base de datos exitosa
[04-Nov-2025 06:00:28 UTC] ATRAPABONO: Conexión a base de datos exitosa
[04-Nov-2025 06:00:28 UTC] ATRAPABONO: Conexión a base de datos exitosa
[04-Nov-2025 06:00:29 UTC] ATRAPABONO: Conexión a base de datos exitosa
[04-Nov-2025 06:02:00 UTC] ATRAPABONO: Conexión a base de datos exitosa
[04-Nov-2025 06:02:00 UTC] ATRAPABONO: Conexión a base de datos exitosa
[04-Nov-2025 06:02:00 UTC] ATRAPABONO: Conexión a base de datos exitosa
[04-Nov-2025 06:02:02 UTC] ATRAPABONO: Conexión a base de datos exitosa
[04-Nov-2025 06:02:06 UTC] ATRAPABONO: Conexión a base de datos exitosa
[04-Nov-2025 06:02:06 UTC] ATRAPABONO: Conexión a base de datos exitosa
[04-Nov-2025 06:02:06 UTC] ATRAPABONO: Conexión a base de datos exitosa
[04-Nov-2025 06:02:07 UTC] ATRAPABONO: Conexión a base de datos exitosa
[04-Nov-2025 06:03:13 UTC] ATRAPABONO: Conexión a base de datos exitosa
[04-Nov-2025 06:03:13 UTC] ATRAPABONO: Conexión a base de datos exitosa
[04-Nov-2025 06:03:13 UTC] ATRAPABONO: Conexión a base de datos exitosa
[04-Nov-2025 06:03:14 UTC] ATRAPABONO: Conexión a base de datos exitosa
[04-Nov-2025 06:03:20 UTC] ATRAPABONO: Conexión a base de datos exitosa
[04-Nov-2025 06:03:20 UTC] ATRAPABONO: Conexión a base de datos exitosa
[04-Nov-2025 06:03:20 UTC] ATRAPABONO: Conexión a base de datos exitosa
[04-Nov-2025 06:03:21 UTC] ATRAPABONO: Conexión a base de datos exitosa
[04-Nov-2025 06:03:27 UTC] ATRAPABONO: Conexión a base de datos exitosa
[04-Nov-2025 06:03:27 UTC] ATRAPABONO: Conexión a base de datos exitosa
[04-Nov-2025 06:03:27 UTC] ATRAPABONO: Conexión a base de datos exitosa
[04-Nov-2025 06:03:28 UTC] ATRAPABONO: Conexión a base de datos exitosa
[04-Nov-2025 06:05:49 UTC] ATRAPABONO: Conexión a base de datos exitosa
[04-Nov-2025 06:05:50 UTC] ATRAPABONO: Conexión a base de datos exitosa
[04-Nov-2025 06:05:50 UTC] ATRAPABONO: Conexión a base de datos exitosa
[04-Nov-2025 06:05:51 UTC] ATRAPABONO: Conexión a base de datos exitosa
[04-Nov-2025 06:05:57 UTC] ATRAPABONO: Conexión a base de datos exitosa
[04-Nov-2025 06:05:57 UTC] ATRAPABONO: Conexión a base de datos exitosa
[04-Nov-2025 06:05:57 UTC] ATRAPABONO: Conexión a base de datos exitosa
[04-Nov-2025 06:05:58 UTC] ATRAPABONO: Conexión a base de datos exitosa
[04-Nov-2025 06:07:24 UTC] ATRAPABONO: Conexión a base de datos exitosa
[04-Nov-2025 06:07:24 UTC] ATRAPABONO: Conexión a base de datos exitosa
[04-Nov-2025 06:07:24 UTC] ATRAPABONO: Conexión a base de datos exitosa
[04-Nov-2025 06:07:25 UTC] ATRAPABONO: Conexión a base de datos exitosa
[04-Nov-2025 06:07:53 UTC] ATRAPABONO: Conexión a base de datos exitosa
[04-Nov-2025 06:07:53 UTC] ATRAPABONO: Conexión a base de datos exitosa
[04-Nov-2025 06:07:53 UTC] ATRAPABONO: Conexión a base de datos exitosa
[04-Nov-2025 06:07:54 UTC] ATRAPABONO: Conexión a base de datos exitosa
[04-Nov-2025 06:10:30 UTC] ATRAPABONO: Conexión a base de datos exitosa
[04-Nov-2025 06:10:30 UTC] ATRAPABONO: Conexión a base de datos exitosa
[04-Nov-2025 06:10:30 UTC] ATRAPABONO: Conexión a base de datos exitosa
[04-Nov-2025 06:10:32 UTC] ATRAPABONO: Conexión a base de datos exitosa
[04-Nov-2025 06:15:04 UTC] ATRAPABONO: Conexión a base de datos exitosa
[04-Nov-2025 06:15:04 UTC] ATRAPABONO: Conexión a base de datos exitosa
[04-Nov-2025 06:15:04 UTC] ATRAPABONO: Conexión a base de datos exitosa
[04-Nov-2025 06:15:05 UTC] ATRAPABONO: Conexión a base de datos exitosa
[04-Nov-2025 06:16:14 UTC] ATRAPABONO: Conexión a base de datos exitosa
[04-Nov-2025 06:16:14 UTC] ATRAPABONO: Conexión a base de datos exitosa
[04-Nov-2025 06:16:14 UTC] ATRAPABONO: Conexión a base de datos exitosa
[04-Nov-2025 06:16:15 UTC] ATRAPABONO: Conexión a base de datos exitosa
[04-Nov-2025 06:19:01 UTC] ATRAPABONO: Conexión a base de datos exitosa
[04-Nov-2025 06:19:01 UTC] ATRAPABONO: Conexión a base de datos exitosa
[04-Nov-2025 06:19:01 UTC] ATRAPABONO: Conexión a base de datos exitosa
[04-Nov-2025 06:19:03 UTC] ATRAPABONO: Conexión a base de datos exitosa
[04-Nov-2025 06:20:37 UTC] ATRAPABONO: Conexión a base de datos exitosa
[04-Nov-2025 06:20:37 UTC] ATRAPABONO: Conexión a base de datos exitosa
[04-Nov-2025 06:20:37 UTC] ATRAPABONO: Conexión a base de datos exitosa
[04-Nov-2025 06:20:38 UTC] ATRAPABONO: Conexión a base de datos exitosa
[04-Nov-2025 06:23:49 UTC] ATRAPABONO: Conexión a base de datos exitosa
[04-Nov-2025 06:23:49 UTC] ATRAPABONO: Conexión a base de datos exitosa
[04-Nov-2025 06:23:49 UTC] ATRAPABONO: Conexión a base de datos exitosa
[04-Nov-2025 06:23:51 UTC] ATRAPABONO: Conexión a base de datos exitosa
[04-Nov-2025 06:25:22 UTC] ATRAPABONO: Conexión a base de datos exitosa
[04-Nov-2025 06:25:22 UTC] ATRAPABONO: Conexión a base de datos exitosa
[04-Nov-2025 06:25:22 UTC] ATRAPABONO: Conexión a base de datos exitosa
[04-Nov-2025 06:25:24 UTC] ATRAPABONO: Conexión a base de datos exitosa
[04-Nov-2025 06:26:22 UTC] ATRAPABONO: Conexión a base de datos exitosa
[04-Nov-2025 06:26:22 UTC] ATRAPABONO: Conexión a base de datos exitosa
[04-Nov-2025 06:26:22 UTC] ATRAPABONO: Conexión a base de datos exitosa
[04-Nov-2025 06:26:23 UTC] ATRAPABONO: Conexión a base de datos exitosa
[04-Nov-2025 06:27:04 UTC] ATRAPABONO: Conexión a base de datos exitosa
[04-Nov-2025 06:27:04 UTC] ATRAPABONO: Conexión a base de datos exitosa
[04-Nov-2025 06:27:04 UTC] ATRAPABONO: Conexión a base de datos exitosa
[04-Nov-2025 06:27:05 UTC] ATRAPABONO: Conexión a base de datos exitosa
[04-Nov-2025 06:27:09 UTC] ATRAPABONO: Conexión a base de datos exitosa
[04-Nov-2025 06:28:08 UTC] ATRAPABONO: Conexión a base de datos exitosa
[04-Nov-2025 06:28:08 UTC] ATRAPABONO: Conexión a base de datos exitosa
[04-Nov-2025 06:28:08 UTC] ATRAPABONO: Conexión a base de datos exitosa
[04-Nov-2025 06:28:08 UTC] ATRAPABONO: Conexión a base de datos exitosa
[04-Nov-2025 06:28:09 UTC] ATRAPABONO: Conexión a base de datos exitosa
[04-Nov-2025 06:30:03 UTC] ATRAPABONO: Conexión a base de datos exitosa
[04-Nov-2025 06:30:04 UTC] ATRAPABONO: Conexión a base de datos exitosa
[04-Nov-2025 06:30:04 UTC] ATRAPABONO: Conexión a base de datos exitosa
[04-Nov-2025 06:30:05 UTC] ATRAPABONO: Conexión a base de datos exitosa
[04-Nov-2025 06:30:43 UTC] ATRAPABONO: Conexión a base de datos exitosa
[04-Nov-2025 06:30:43 UTC] ATRAPABONO: Conexión a base de datos exitosa
[04-Nov-2025 06:30:43 UTC] ATRAPABONO: Conexión a base de datos exitosa
[04-Nov-2025 06:30:45 UTC] ATRAPABONO: Conexión a base de datos exitosa
[04-Nov-2025 06:31:10 UTC] ATRAPABONO: Conexión a base de datos exitosa
[04-Nov-2025 06:31:10 UTC] ATRAPABONO: Conexión a base de datos exitosa
[04-Nov-2025 06:31:10 UTC] ATRAPABONO: Conexión a base de datos exitosa
[04-Nov-2025 06:31:11 UTC] ATRAPABONO: Conexión a base de datos exitosa
[04-Nov-2025 06:31:29 UTC] ATRAPABONO: Conexión a base de datos exitosa
[04-Nov-2025 06:31:29 UTC] ATRAPABONO: Conexión a base de datos exitosa
[04-Nov-2025 06:31:29 UTC] ATRAPABONO: Conexión a base de datos exitosa
[04-Nov-2025 06:31:30 UTC] ATRAPABONO: Conexión a base de datos exitosa
[04-Nov-2025 06:34:00 UTC] ATRAPABONO: Conexión a base de datos exitosa
[04-Nov-2025 06:34:00 UTC] ATRAPABONO: Conexión a base de datos exitosa
[04-Nov-2025 06:34:00 UTC] ATRAPABONO: Conexión a base de datos exitosa
[04-Nov-2025 06:34:01 UTC] ATRAPABONO: Conexión a base de datos exitosa
[04-Nov-2025 06:35:23 UTC] ATRAPABONO: Conexión a base de datos exitosa
[04-Nov-2025 06:35:23 UTC] ATRAPABONO: Conexión a base de datos exitosa
[04-Nov-2025 06:35:23 UTC] ATRAPABONO: Conexión a base de datos exitosa
[04-Nov-2025 06:35:24 UTC] ATRAPABONO: Conexión a base de datos exitosa
[04-Nov-2025 06:37:13 UTC] ATRAPABONO: Conexión a base de datos exitosa
[04-Nov-2025 06:37:13 UTC] ATRAPABONO: Conexión a base de datos exitosa
[04-Nov-2025 06:37:13 UTC] ATRAPABONO: Conexión a base de datos exitosa
[04-Nov-2025 06:37:14 UTC] ATRAPABONO: Conexión a base de datos exitosa
[04-Nov-2025 06:38:37 UTC] ATRAPABONO: Conexión a base de datos exitosa
[04-Nov-2025 06:38:38 UTC] ATRAPABONO: Conexión a base de datos exitosa
[04-Nov-2025 06:38:38 UTC] ATRAPABONO: Conexión a base de datos exitosa
[04-Nov-2025 06:38:39 UTC] ATRAPABONO: Conexión a base de datos exitosa
[04-Nov-2025 06:40:41 UTC] ATRAPABONO: Conexión a base de datos exitosa
[04-Nov-2025 06:40:41 UTC] ATRAPABONO: Conexión a base de datos exitosa
[04-Nov-2025 06:40:41 UTC] ATRAPABONO: Conexión a base de datos exitosa
[04-Nov-2025 06:40:44 UTC] ATRAPABONO: Conexión a base de datos exitosa
[04-Nov-2025 06:53:05 UTC] ATRAPABONO: Conexión a base de datos exitosa
[04-Nov-2025 06:53:05 UTC] ATRAPABONO: Conexión a base de datos exitosa
[04-Nov-2025 06:53:05 UTC] ATRAPABONO: Conexión a base de datos exitosa
[04-Nov-2025 06:53:07 UTC] ATRAPABONO: Conexión a base de datos exitosa
[04-Nov-2025 06:53:27 UTC] ATRAPABONO: Conexión a base de datos exitosa
[04-Nov-2025 06:53:32 UTC] ATRAPABONO: Conexión a base de datos exitosa
[04-Nov-2025 06:53:32 UTC] ATRAPABONO: Conexión a base de datos exitosa
[04-Nov-2025 06:53:32 UTC] ATRAPABONO: Conexión a base de datos exitosa
[04-Nov-2025 06:53:32 UTC] ATRAPABONO: Conexión a base de datos exitosa
[04-Nov-2025 06:53:33 UTC] ATRAPABONO: Conexión a base de datos exitosa
[04-Nov-2025 06:57:43 UTC] ATRAPABONO: Conexión a base de datos exitosa
[04-Nov-2025 06:58:13 UTC] ATRAPABONO: Conexión a base de datos exitosa
[04-Nov-2025 06:58:15 UTC] ATRAPABONO: Conexión a base de datos exitosa
[04-Nov-2025 06:58:18 UTC] ATRAPABONO: Conexión a base de datos exitosa
[04-Nov-2025 06:58:18 UTC] ATRAPABONO: Conexión a base de datos exitosa
[04-Nov-2025 06:58:19 UTC] ATRAPABONO: Conexión a base de datos exitosa
[04-Nov-2025 06:59:59 UTC] ATRAPABONO: Conexión a base de datos exitosa
[04-Nov-2025 07:03:21 UTC] ATRAPABONO: Conexión a base de datos exitosa
[04-Nov-2025 07:03:29 UTC] ATRAPABONO: Conexión a base de datos exitosa
[04-Nov-2025 07:05:23 UTC] ATRAPABONO: Conexión a base de datos exitosa
[04-Nov-2025 07:07:10 UTC] ATRAPABONO: Conexión a base de datos exitosa
[04-Nov-2025 07:09:18 UTC] ATRAPABONO: Conexión a base de datos exitosa
[04-Nov-2025 07:11:45 UTC] ATRAPABONO: Conexión a base de datos exitosa
[04-Nov-2025 07:11:54 UTC] ATRAPABONO: Conexión a base de datos exitosa
[04-Nov-2025 07:13:57 UTC] ATRAPABONO: Conexión a base de datos exitosa
[04-Nov-2025 07:13:57 UTC] ATRAPABONO: Conexión a base de datos exitosa
[04-Nov-2025 07:13:57 UTC] ATRAPABONO: Conexión a base de datos exitosa
[04-Nov-2025 07:13:58 UTC] ATRAPABONO: Conexión a base de datos exitosa
[04-Nov-2025 07:13:59 UTC] ATRAPABONO: Conexión a base de datos exitosa
[04-Nov-2025 07:13:59 UTC] ATRAPABONO: Conexión a base de datos exitosa
[04-Nov-2025 07:14:00 UTC] ATRAPABONO: Conexión a base de datos exitosa
[04-Nov-2025 07:17:39 UTC] ATRAPABONO: Conexión a base de datos exitosa
[04-Nov-2025 07:18:08 UTC] ATRAPABONO: Conexión a base de datos exitosa
[04-Nov-2025 07:18:08 UTC] ATRAPABONO: Conexión a base de datos exitosa
[04-Nov-2025 07:18:09 UTC] ATRAPABONO: Conexión a base de datos exitosa
[04-Nov-2025 07:18:10 UTC] ATRAPABONO: Conexión a base de datos exitosa
[04-Nov-2025 07:18:15 UTC] ATRAPABONO: Conexión a base de datos exitosa
[04-Nov-2025 07:18:15 UTC] ATRAPABONO: Conexión a base de datos exitosa
[04-Nov-2025 07:18:17 UTC] ATRAPABONO: Conexión a base de datos exitosa
[04-Nov-2025 07:18:29 UTC] ATRAPABONO: Conexión a base de datos exitosa
[04-Nov-2025 07:18:29 UTC] ATRAPABONO: Conexión a base de datos exitosa
[04-Nov-2025 07:18:29 UTC] ATRAPABONO: Conexión a base de datos exitosa
[04-Nov-2025 07:18:30 UTC] ATRAPABONO: Conexión a base de datos exitosa
[04-Nov-2025 07:18:30 UTC] ATRAPABONO: Conexión a base de datos exitosa
[04-Nov-2025 07:18:30 UTC] ATRAPABONO: Conexión a base de datos exitosa
[04-Nov-2025 07:18:32 UTC] ATRAPABONO: Conexión a base de datos exitosa
[04-Nov-2025 07:18:52 UTC] ATRAPABONO: Conexión a base de datos exitosa
[04-Nov-2025 07:18:54 UTC] ATRAPABONO: Conexión a base de datos exitosa
[04-Nov-2025 07:20:07 UTC] ATRAPABONO: Conexión a base de datos exitosa
[04-Nov-2025 07:27:32 UTC] ATRAPABONO: Conexión a base de datos exitosa
[04-Nov-2025 07:27:38 UTC] ATRAPABONO: Conexión a base de datos exitosa
[04-Nov-2025 07:27:38 UTC] ATRAPABONO: Conexión a base de datos exitosa
[04-Nov-2025 07:27:38 UTC] ATRAPABONO: Conexión a base de datos exitosa
[04-Nov-2025 07:27:38 UTC] ATRAPABONO: Conexión a base de datos exitosa
[04-Nov-2025 07:27:39 UTC] ATRAPABONO: Conexión a base de datos exitosa
[04-Nov-2025 07:27:45 UTC] ATRAPABONO: Conexión a base de datos exitosa
[04-Nov-2025 07:27:45 UTC] ATRAPABONO: Conexión a base de datos exitosa
[04-Nov-2025 07:27:45 UTC] ATRAPABONO: Conexión a base de datos exitosa
[04-Nov-2025 07:27:45 UTC] ATRAPABONO: Conexión a base de datos exitosa
[04-Nov-2025 07:27:46 UTC] ATRAPABONO: Conexión a base de datos exitosa
[04-Nov-2025 07:27:54 UTC] ATRAPABONO: Conexión a base de datos exitosa
[04-Nov-2025 07:27:54 UTC] ATRAPABONO: Conexión a base de datos exitosa
[04-Nov-2025 07:27:54 UTC] ATRAPABONO: Conexión a base de datos exitosa
[04-Nov-2025 07:27:54 UTC] ATRAPABONO: Conexión a base de datos exitosa
[04-Nov-2025 07:27:55 UTC] ATRAPABONO: Conexión a base de datos exitosa
[04-Nov-2025 07:27:56 UTC] ATRAPABONO: Conexión a base de datos exitosa
[04-Nov-2025 07:28:00 UTC] ATRAPABONO: Conexión a base de datos exitosa
[04-Nov-2025 07:28:01 UTC] ATRAPABONO: Conexión a base de datos exitosa
[04-Nov-2025 07:28:01 UTC] ATRAPABONO: Conexión a base de datos exitosa
[04-Nov-2025 07:28:01 UTC] ATRAPABONO: Conexión a base de datos exitosa
[04-Nov-2025 07:28:02 UTC] ATRAPABONO: Conexión a base de datos exitosa
[04-Nov-2025 07:31:01 UTC] ATRAPABONO: Conexión a base de datos exitosa
[04-Nov-2025 07:31:52 UTC] ATRAPABONO: Conexión a base de datos exitosa
[04-Nov-2025 07:31:52 UTC] ATRAPABONO: Conexión a base de datos exitosa
[04-Nov-2025 07:31:52 UTC] ATRAPABONO: Conexión a base de datos exitosa
[04-Nov-2025 07:31:53 UTC] ATRAPABONO: Conexión a base de datos exitosa
[04-Nov-2025 07:33:13 UTC] ATRAPABONO: Conexión a base de datos exitosa
[04-Nov-2025 07:33:15 UTC] ATRAPABONO: Conexión a base de datos exitosa
[04-Nov-2025 07:33:15 UTC] ATRAPABONO: Conexión a base de datos exitosa
[04-Nov-2025 07:33:15 UTC] ATRAPABONO: Conexión a base de datos exitosa
[04-Nov-2025 07:33:16 UTC] ATRAPABONO: Conexión a base de datos exitosa
[04-Nov-2025 07:34:33 UTC] ATRAPABONO: Conexión a base de datos exitosa
[04-Nov-2025 07:34:33 UTC] ATRAPABONO: Conexión a base de datos exitosa
[04-Nov-2025 07:34:34 UTC] ATRAPABONO: Conexión a base de datos exitosa
[04-Nov-2025 07:34:35 UTC] ATRAPABONO: Conexión a base de datos exitosa
[04-Nov-2025 07:34:35 UTC] ATRAPABONO: Conexión a base de datos exitosa
[04-Nov-2025 07:34:35 UTC] ATRAPABONO: Conexión a base de datos exitosa
[04-Nov-2025 07:34:36 UTC] ATRAPABONO: Conexión a base de datos exitosa
[04-Nov-2025 07:34:37 UTC] ATRAPABONO: Conexión a base de datos exitosa
[04-Nov-2025 07:34:43 UTC] ATRAPABONO: Conexión a base de datos exitosa
[04-Nov-2025 07:34:44 UTC] ATRAPABONO: Conexión a base de datos exitosa
[04-Nov-2025 07:34:44 UTC] ATRAPABONO: Conexión a base de datos exitosa
[04-Nov-2025 07:34:45 UTC] ATRAPABONO: Conexión a base de datos exitosa
[04-Nov-2025 07:34:46 UTC] ATRAPABONO: Conexión a base de datos exitosa
[04-Nov-2025 07:38:19 UTC] ATRAPABONO: Conexión a base de datos exitosa
[04-Nov-2025 07:38:19 UTC] ATRAPABONO: Conexión a base de datos exitosa
[04-Nov-2025 07:38:19 UTC] ATRAPABONO: Conexión a base de datos exitosa
[04-Nov-2025 07:38:19 UTC] ATRAPABONO: Conexión a base de datos exitosa
[04-Nov-2025 07:38:20 UTC] ATRAPABONO: Conexión a base de datos exitosa
[04-Nov-2025 07:38:22 UTC] ATRAPABONO: Conexión a base de datos exitosa
[04-Nov-2025 07:38:22 UTC] ATRAPABONO: Conexión a base de datos exitosa
[04-Nov-2025 07:38:23 UTC] ATRAPABONO: Conexión a base de datos exitosa
[04-Nov-2025 07:38:24 UTC] ATRAPABONO: Conexión a base de datos exitosa
[04-Nov-2025 07:38:24 UTC] ATRAPABONO: Conexión a base de datos exitosa
[04-Nov-2025 07:38:24 UTC] ATRAPABONO: Conexión a base de datos exitosa
[04-Nov-2025 07:38:25 UTC] ATRAPABONO: Conexión a base de datos exitosa
[04-Nov-2025 07:38:25 UTC] ATRAPABONO: Conexión a base de datos exitosa
[04-Nov-2025 07:38:25 UTC] ATRAPABONO: Conexión a base de datos exitosa
[04-Nov-2025 07:38:26 UTC] ATRAPABONO: Conexión a base de datos exitosa
[04-Nov-2025 07:39:19 UTC] ATRAPABONO: Conexión a base de datos exitosa
[04-Nov-2025 07:39:19 UTC] ATRAPABONO: Conexión a base de datos exitosa
[04-Nov-2025 07:39:19 UTC] ATRAPABONO: Conexión a base de datos exitosa
[04-Nov-2025 07:39:21 UTC] ATRAPABONO: Conexión a base de datos exitosa
[04-Nov-2025 07:39:42 UTC] ATRAPABONO: Conexión a base de datos exitosa
[04-Nov-2025 07:39:42 UTC] ATRAPABONO: Conexión a base de datos exitosa
[04-Nov-2025 07:39:42 UTC] ATRAPABONO: Conexión a base de datos exitosa
[04-Nov-2025 07:39:42 UTC] ATRAPABONO: Conexión a base de datos exitosa
[04-Nov-2025 07:39:45 UTC] ATRAPABONO: Conexión a base de datos exitosa
[04-Nov-2025 07:39:46 UTC] ATRAPABONO: Conexión a base de datos exitosa
[04-Nov-2025 07:39:46 UTC] ATRAPABONO: Conexión a base de datos exitosa
[04-Nov-2025 07:39:47 UTC] ATRAPABONO: Conexión a base de datos exitosa
[04-Nov-2025 07:39:47 UTC] ATRAPABONO: Conexión a base de datos exitosa
[04-Nov-2025 07:39:47 UTC] ATRAPABONO: Conexión a base de datos exitosa
[04-Nov-2025 07:39:47 UTC] ATRAPABONO: Conexión a base de datos exitosa
[04-Nov-2025 07:39:48 UTC] ATRAPABONO: Conexión a base de datos exitosa
[04-Nov-2025 07:39:48 UTC] ATRAPABONO: Conexión a base de datos exitosa
[04-Nov-2025 07:39:48 UTC] ATRAPABONO: Conexión a base de datos exitosa
[04-Nov-2025 07:39:50 UTC] ATRAPABONO: Conexión a base de datos exitosa
[04-Nov-2025 07:39:51 UTC] ATRAPABONO: Conexión a base de datos exitosa
[04-Nov-2025 07:39:51 UTC] ATRAPABONO: Conexión a base de datos exitosa
[04-Nov-2025 07:39:51 UTC] ATRAPABONO: Conexión a base de datos exitosa
[04-Nov-2025 07:39:52 UTC] ATRAPABONO: Conexión a base de datos exitosa
[04-Nov-2025 07:39:52 UTC] ATRAPABONO: Conexión a base de datos exitosa
[04-Nov-2025 07:39:52 UTC] ATRAPABONO: Conexión a base de datos exitosa
[04-Nov-2025 07:39:54 UTC] ATRAPABONO: Conexión a base de datos exitosa
[04-Nov-2025 07:54:43 UTC] ATRAPABONO: Conexión a base de datos exitosa
[04-Nov-2025 07:54:43 UTC] ATRAPABONO: Conexión a base de datos exitosa
[04-Nov-2025 07:54:43 UTC] ATRAPABONO: Conexión a base de datos exitosa
[04-Nov-2025 07:54:44 UTC] ATRAPABONO: Conexión a base de datos exitosa
[04-Nov-2025 07:56:57 UTC] ATRAPABONO: Conexión a base de datos exitosa
[04-Nov-2025 07:56:57 UTC] ATRAPABONO: Conexión a base de datos exitosa
[04-Nov-2025 07:56:58 UTC] ATRAPABONO: Conexión a base de datos exitosa
[04-Nov-2025 07:56:58 UTC] ATRAPABONO: Conexión a base de datos exitosa
[04-Nov-2025 07:56:58 UTC] ATRAPABONO: Conexión a base de datos exitosa
[04-Nov-2025 07:56:58 UTC] ATRAPABONO: Conexión a base de datos exitosa
[04-Nov-2025 07:56:59 UTC] ATRAPABONO: Conexión a base de datos exitosa
[04-Nov-2025 07:57:00 UTC] ATRAPABONO: Conexión a base de datos exitosa
[04-Nov-2025 07:57:00 UTC] ATRAPABONO: Conexión a base de datos exitosa
[04-Nov-2025 07:57:01 UTC] ATRAPABONO: Conexión a base de datos exitosa
[04-Nov-2025 07:57:52 UTC] ATRAPABONO: Conexión a base de datos exitosa
[04-Nov-2025 07:57:52 UTC] ATRAPABONO: Conexión a base de datos exitosa
[04-Nov-2025 07:57:52 UTC] ATRAPABONO: Conexión a base de datos exitosa
[04-Nov-2025 07:57:53 UTC] ATRAPABONO: Conexión a base de datos exitosa
[04-Nov-2025 07:58:18 UTC] ATRAPABONO: Conexión a base de datos exitosa
[04-Nov-2025 21:13:42 UTC] ATRAPABONO: Conexión a base de datos exitosa
[04-Nov-2025 21:13:42 UTC] ATRAPABONO: Conexión a base de datos exitosa
[04-Nov-2025 21:13:43 UTC] ATRAPABONO: Conexión a base de datos exitosa
[04-Nov-2025 21:13:43 UTC] ATRAPABONO: Conexión a base de datos exitosa
[04-Nov-2025 21:13:45 UTC] ATRAPABONO: Conexión a base de datos exitosa
[04-Nov-2025 21:14:05 UTC] ATRAPABONO: Conexión a base de datos exitosa
[04-Nov-2025 21:14:05 UTC] ATRAPABONO: Conexión a base de datos exitosa
[04-Nov-2025 21:14:06 UTC] ATRAPABONO: Conexión a base de datos exitosa
[04-Nov-2025 21:14:13 UTC] ATRAPABONO: Conexión a base de datos exitosa
[04-Nov-2025 21:14:13 UTC] ATRAPABONO: Conexión a base de datos exitosa
[04-Nov-2025 21:14:13 UTC] ATRAPABONO: Conexión a base de datos exitosa
[04-Nov-2025 21:14:13 UTC] ATRAPABONO: Conexión a base de datos exitosa
[04-Nov-2025 21:14:14 UTC] ATRAPABONO: Conexión a base de datos exitosa
[04-Nov-2025 21:14:14 UTC] ATRAPABONO: Conexión a base de datos exitosa
[04-Nov-2025 21:14:15 UTC] ATRAPABONO: Conexión a base de datos exitosa
[04-Nov-2025 21:14:16 UTC] ATRAPABONO: Conexión a base de datos exitosa
[04-Nov-2025 21:14:16 UTC] ATRAPABONO: Conexión a base de datos exitosa
[04-Nov-2025 21:14:17 UTC] ATRAPABONO: Conexión a base de datos exitosa
[04-Nov-2025 21:14:19 UTC] ATRAPABONO: Conexión a base de datos exitosa
[04-Nov-2025 21:14:19 UTC] ATRAPABONO: Conexión a base de datos exitosa
[04-Nov-2025 21:14:19 UTC] ATRAPABONO: Conexión a base de datos exitosa
[04-Nov-2025 21:14:20 UTC] ATRAPABONO: Conexión a base de datos exitosa
[04-Nov-2025 21:14:20 UTC] ATRAPABONO: Conexión a base de datos exitosa
[04-Nov-2025 21:14:20 UTC] ATRAPABONO: Conexión a base de datos exitosa
[04-Nov-2025 21:14:21 UTC] ATRAPABONO: Conexión a base de datos exitosa
[04-Nov-2025 21:50:04 UTC] ATRAPABONO: Conexión a base de datos exitosa
[04-Nov-2025 21:50:04 UTC] ATRAPABONO: Conexión a base de datos exitosa
[04-Nov-2025 21:50:04 UTC] ATRAPABONO: Conexión a base de datos exitosa
[04-Nov-2025 21:50:04 UTC] ATRAPABONO: Conexión a base de datos exitosa
[04-Nov-2025 21:50:06 UTC] ATRAPABONO: Conexión a base de datos exitosa
[04-Nov-2025 21:50:11 UTC] ATRAPABONO: Conexión a base de datos exitosa
[04-Nov-2025 21:50:11 UTC] ATRAPABONO: Conexión a base de datos exitosa
[04-Nov-2025 21:50:12 UTC] ATRAPABONO: Conexión a base de datos exitosa
[04-Nov-2025 21:50:13 UTC] ATRAPABONO: Conexión a base de datos exitosa
[04-Nov-2025 21:50:13 UTC] ATRAPABONO: Conexión a base de datos exitosa
[04-Nov-2025 21:50:13 UTC] ATRAPABONO: Conexión a base de datos exitosa
[04-Nov-2025 21:50:14 UTC] ATRAPABONO: Conexión a base de datos exitosa
[04-Nov-2025 21:50:54 UTC] ATRAPABONO: Conexión a base de datos exitosa
[04-Nov-2025 21:50:54 UTC] ATRAPABONO: Conexión a base de datos exitosa
[04-Nov-2025 21:50:56 UTC] ATRAPABONO: Conexión a base de datos exitosa
[04-Nov-2025 21:50:56 UTC] ATRAPABONO: Conexión a base de datos exitosa
[04-Nov-2025 21:50:56 UTC] ATRAPABONO: Conexión a base de datos exitosa
[04-Nov-2025 21:50:56 UTC] ATRAPABONO: Conexión a base de datos exitosa
[04-Nov-2025 21:50:57 UTC] ATRAPABONO: Conexión a base de datos exitosa
[04-Nov-2025 21:52:46 UTC] ATRAPABONO: Conexión a base de datos exitosa
[04-Nov-2025 21:52:46 UTC] ATRAPABONO: Conexión a base de datos exitosa
[04-Nov-2025 21:52:46 UTC] ATRAPABONO: Conexión a base de datos exitosa
[04-Nov-2025 21:52:46 UTC] ATRAPABONO: Conexión a base de datos exitosa
[04-Nov-2025 21:52:47 UTC] ATRAPABONO: Conexión a base de datos exitosa
[04-Nov-2025 21:53:21 UTC] ATRAPABONO: Conexión a base de datos exitosa
[04-Nov-2025 21:53:21 UTC] ATRAPABONO: Conexión a base de datos exitosa
[04-Nov-2025 21:53:21 UTC] ATRAPABONO: Conexión a base de datos exitosa
[04-Nov-2025 21:53:21 UTC] ATRAPABONO: Conexión a base de datos exitosa
[04-Nov-2025 21:53:22 UTC] ATRAPABONO: Conexión a base de datos exitosa
[04-Nov-2025 21:54:11 UTC] ATRAPABONO: Conexión a base de datos exitosa
[04-Nov-2025 21:54:11 UTC] ATRAPABONO: Conexión a base de datos exitosa
[04-Nov-2025 21:54:11 UTC] ATRAPABONO: Conexión a base de datos exitosa
[04-Nov-2025 21:54:11 UTC] ATRAPABONO: Conexión a base de datos exitosa
[04-Nov-2025 21:54:12 UTC] ATRAPABONO: Conexión a base de datos exitosa
[04-Nov-2025 21:54:23 UTC] ATRAPABONO: Conexión a base de datos exitosa
[04-Nov-2025 21:54:23 UTC] ATRAPABONO: Conexión a base de datos exitosa
[04-Nov-2025 21:54:23 UTC] ATRAPABONO: Conexión a base de datos exitosa
[04-Nov-2025 21:54:23 UTC] ATRAPABONO: Conexión a base de datos exitosa
[04-Nov-2025 21:54:24 UTC] ATRAPABONO: Conexión a base de datos exitosa
[04-Nov-2025 21:56:12 UTC] ATRAPABONO: Conexión a base de datos exitosa
[04-Nov-2025 21:56:12 UTC] ATRAPABONO: Conexión a base de datos exitosa
[04-Nov-2025 21:56:12 UTC] ATRAPABONO: Conexión a base de datos exitosa
[04-Nov-2025 21:56:13 UTC] ATRAPABONO: Conexión a base de datos exitosa
[04-Nov-2025 21:56:14 UTC] ATRAPABONO: Conexión a base de datos exitosa
[04-Nov-2025 21:56:19 UTC] ATRAPABONO: Conexión a base de datos exitosa
[04-Nov-2025 21:56:19 UTC] ATRAPABONO: Conexión a base de datos exitosa
[04-Nov-2025 21:56:19 UTC] ATRAPABONO: Conexión a base de datos exitosa
[04-Nov-2025 21:56:20 UTC] ATRAPABONO: Conexión a base de datos exitosa
[04-Nov-2025 21:56:21 UTC] ATRAPABONO: Conexión a base de datos exitosa
[04-Nov-2025 21:58:01 UTC] ATRAPABONO: Conexión a base de datos exitosa
[04-Nov-2025 21:58:01 UTC] ATRAPABONO: Conexión a base de datos exitosa
[04-Nov-2025 21:58:01 UTC] ATRAPABONO: Conexión a base de datos exitosa
[04-Nov-2025 21:58:01 UTC] ATRAPABONO: Conexión a base de datos exitosa
[04-Nov-2025 21:58:02 UTC] ATRAPABONO: Conexión a base de datos exitosa
[04-Nov-2025 21:58:14 UTC] ATRAPABONO: Conexión a base de datos exitosa
[04-Nov-2025 21:58:14 UTC] ATRAPABONO: Conexión a base de datos exitosa
[04-Nov-2025 21:58:15 UTC] ATRAPABONO: Conexión a base de datos exitosa
[04-Nov-2025 21:58:28 UTC] ATRAPABONO: Conexión a base de datos exitosa
[04-Nov-2025 21:58:30 UTC] ATRAPABONO: Conexión a base de datos exitosa
[04-Nov-2025 21:58:31 UTC] ATRAPABONO: Conexión a base de datos exitosa
[04-Nov-2025 21:58:31 UTC] ATRAPABONO: Conexión a base de datos exitosa
[04-Nov-2025 21:59:03 UTC] ATRAPABONO: Conexión a base de datos exitosa
[04-Nov-2025 21:59:04 UTC] ATRAPABONO: Conexión a base de datos exitosa
[04-Nov-2025 21:59:04 UTC] ATRAPABONO: Conexión a base de datos exitosa
[04-Nov-2025 22:01:20 UTC] ATRAPABONO: Conexión a base de datos exitosa
[04-Nov-2025 22:01:20 UTC] ATRAPABONO: Conexión a base de datos exitosa
[04-Nov-2025 22:01:20 UTC] ATRAPABONO: Conexión a base de datos exitosa
[04-Nov-2025 22:01:21 UTC] ATRAPABONO: Conexión a base de datos exitosa
[04-Nov-2025 22:01:23 UTC] ATRAPABONO: Conexión a base de datos exitosa
[04-Nov-2025 22:01:24 UTC] ATRAPABONO: Conexión a base de datos exitosa
[04-Nov-2025 22:01:25 UTC] ATRAPABONO: Conexión a base de datos exitosa
[04-Nov-2025 22:05:10 UTC] ATRAPABONO: Conexión a base de datos exitosa
[04-Nov-2025 22:05:10 UTC] ATRAPABONO: Conexión a base de datos exitosa
[04-Nov-2025 22:05:10 UTC] ATRAPABONO: Conexión a base de datos exitosa
[04-Nov-2025 22:05:11 UTC] ATRAPABONO: Conexión a base de datos exitosa
[04-Nov-2025 22:05:22 UTC] ATRAPABONO: Conexión a base de datos exitosa
[04-Nov-2025 22:05:22 UTC] ATRAPABONO: Conexión a base de datos exitosa
[04-Nov-2025 22:05:22 UTC] ATRAPABONO: Conexión a base de datos exitosa
[04-Nov-2025 22:05:23 UTC] ATRAPABONO: Conexión a base de datos exitosa
[04-Nov-2025 22:08:13 UTC] ATRAPABONO: Conexión a base de datos exitosa
[04-Nov-2025 22:08:13 UTC] ATRAPABONO: Conexión a base de datos exitosa
[04-Nov-2025 22:08:13 UTC] ATRAPABONO: Conexión a base de datos exitosa
[04-Nov-2025 22:08:14 UTC] ATRAPABONO: Conexión a base de datos exitosa
[04-Nov-2025 22:08:47 UTC] ATRAPABONO: Conexión a base de datos exitosa
[04-Nov-2025 22:08:47 UTC] ATRAPABONO: Conexión a base de datos exitosa
[04-Nov-2025 22:09:20 UTC] ATRAPABONO: Conexión a base de datos exitosa
[04-Nov-2025 22:09:28 UTC] ATRAPABONO: Conexión a base de datos exitosa
[04-Nov-2025 22:09:32 UTC] ATRAPABONO: Conexión a base de datos exitosa
[04-Nov-2025 22:09:34 UTC] ATRAPABONO: Conexión a base de datos exitosa
[04-Nov-2025 22:09:38 UTC] ATRAPABONO: Conexión a base de datos exitosa
[04-Nov-2025 22:09:38 UTC] ATRAPABONO: Conexión a base de datos exitosa
[04-Nov-2025 22:09:38 UTC] ATRAPABONO: Conexión a base de datos exitosa
[04-Nov-2025 22:09:39 UTC] ATRAPABONO: Conexión a base de datos exitosa
[04-Nov-2025 22:09:51 UTC] ATRAPABONO: Conexión a base de datos exitosa
[04-Nov-2025 22:09:52 UTC] ATRAPABONO: Conexión a base de datos exitosa
[04-Nov-2025 22:09:52 UTC] ATRAPABONO: Conexión a base de datos exitosa
[04-Nov-2025 22:09:52 UTC] ATRAPABONO: Conexión a base de datos exitosa
[04-Nov-2025 22:09:53 UTC] ATRAPABONO: Conexión a base de datos exitosa
[04-Nov-2025 22:09:54 UTC] ATRAPABONO: Conexión a base de datos exitosa
[04-Nov-2025 22:09:56 UTC] ATRAPABONO: Conexión a base de datos exitosa
[04-Nov-2025 22:09:56 UTC] ATRAPABONO: Conexión a base de datos exitosa
[04-Nov-2025 22:09:56 UTC] ATRAPABONO: Conexión a base de datos exitosa
[04-Nov-2025 22:09:57 UTC] ATRAPABONO: Conexión a base de datos exitosa
[04-Nov-2025 22:10:00 UTC] ATRAPABONO: Conexión a base de datos exitosa
[04-Nov-2025 22:10:03 UTC] ATRAPABONO: Conexión a base de datos exitosa
[04-Nov-2025 22:10:03 UTC] ATRAPABONO: Conexión a base de datos exitosa
[04-Nov-2025 22:10:03 UTC] ATRAPABONO: Conexión a base de datos exitosa
[04-Nov-2025 22:10:04 UTC] ATRAPABONO: Conexión a base de datos exitosa
[04-Nov-2025 22:11:31 UTC] ATRAPABONO: Conexión a base de datos exitosa
[04-Nov-2025 22:11:31 UTC] ATRAPABONO: Conexión a base de datos exitosa
[04-Nov-2025 22:11:32 UTC] ATRAPABONO: Conexión a base de datos exitosa
[04-Nov-2025 22:11:35 UTC] ATRAPABONO: Conexión a base de datos exitosa
[04-Nov-2025 22:11:35 UTC] ATRAPABONO: Conexión a base de datos exitosa
[04-Nov-2025 22:11:37 UTC] ATRAPABONO: Conexión a base de datos exitosa
[04-Nov-2025 22:12:43 UTC] ATRAPABONO: Conexión a base de datos exitosa
[04-Nov-2025 22:12:43 UTC] ATRAPABONO: Conexión a base de datos exitosa
[04-Nov-2025 22:12:45 UTC] ATRAPABONO: Conexión a base de datos exitosa
[04-Nov-2025 22:15:09 UTC] ATRAPABONO: Conexión a base de datos exitosa
[04-Nov-2025 22:15:13 UTC] ATRAPABONO: Conexión a base de datos exitosa
[04-Nov-2025 22:15:14 UTC] ATRAPABONO: Conexión a base de datos exitosa
[04-Nov-2025 22:15:14 UTC] ATRAPABONO: Conexión a base de datos exitosa
[04-Nov-2025 22:15:14 UTC] ATRAPABONO: Conexión a base de datos exitosa
[04-Nov-2025 22:15:15 UTC] ATRAPABONO: Conexión a base de datos exitosa
[04-Nov-2025 22:26:34 UTC] ATRAPABONO: Conexión a base de datos exitosa
[04-Nov-2025 22:26:34 UTC] ATRAPABONO: Conexión a base de datos exitosa
[04-Nov-2025 22:26:36 UTC] ATRAPABONO: Conexión a base de datos exitosa
[04-Nov-2025 22:26:49 UTC] ATRAPABONO: Conexión a base de datos exitosa
[04-Nov-2025 22:26:52 UTC] ATRAPABONO: Conexión a base de datos exitosa
[04-Nov-2025 22:26:52 UTC] ATRAPABONO: Conexión a base de datos exitosa
[04-Nov-2025 22:26:52 UTC] ATRAPABONO: Conexión a base de datos exitosa
[04-Nov-2025 22:26:53 UTC] ATRAPABONO: Conexión a base de datos exitosa
[04-Nov-2025 22:26:54 UTC] ATRAPABONO: Conexión a base de datos exitosa
[04-Nov-2025 22:26:55 UTC] ATRAPABONO: Conexión a base de datos exitosa
[04-Nov-2025 22:26:57 UTC] ATRAPABONO: Conexión a base de datos exitosa
[04-Nov-2025 22:26:58 UTC] ATRAPABONO: Conexión a base de datos exitosa
[04-Nov-2025 22:27:01 UTC] ATRAPABONO: Conexión a base de datos exitosa
[04-Nov-2025 22:27:01 UTC] ATRAPABONO: Conexión a base de datos exitosa
[04-Nov-2025 22:27:03 UTC] ATRAPABONO: Conexión a base de datos exitosa
[04-Nov-2025 22:27:04 UTC] ATRAPABONO: Conexión a base de datos exitosa
[04-Nov-2025 22:27:06 UTC] ATRAPABONO: Conexión a base de datos exitosa
[04-Nov-2025 22:27:06 UTC] ATRAPABONO: Conexión a base de datos exitosa
[04-Nov-2025 22:27:06 UTC] ATRAPABONO: Conexión a base de datos exitosa
[04-Nov-2025 22:27:06 UTC] ATRAPABONO: Conexión a base de datos exitosa
[04-Nov-2025 22:27:06 UTC] ATRAPABONO: Conexión a base de datos exitosa
[04-Nov-2025 22:27:06 UTC] Error obteniendo usuarios aprobados: Table 'atrapabono_db.user_points' doesn't exist
[04-Nov-2025 22:27:07 UTC] ATRAPABONO: Conexión a base de datos exitosa
[04-Nov-2025 22:28:48 UTC] ATRAPABONO: Conexión a base de datos exitosa
[04-Nov-2025 22:28:49 UTC] ATRAPABONO: Conexión a base de datos exitosa
[04-Nov-2025 22:28:50 UTC] ATRAPABONO: Conexión a base de datos exitosa
[04-Nov-2025 22:28:50 UTC] ATRAPABONO: Conexión a base de datos exitosa
[04-Nov-2025 22:28:51 UTC] ATRAPABONO: Conexión a base de datos exitosa
[04-Nov-2025 22:28:51 UTC] ATRAPABONO: Conexión a base de datos exitosa
[04-Nov-2025 22:28:52 UTC] ATRAPABONO: Conexión a base de datos exitosa
[04-Nov-2025 22:28:52 UTC] ATRAPABONO: Conexión a base de datos exitosa
[04-Nov-2025 22:28:53 UTC] ATRAPABONO: Conexión a base de datos exitosa
[04-Nov-2025 22:28:55 UTC] ATRAPABONO: Conexión a base de datos exitosa
[04-Nov-2025 22:28:55 UTC] ATRAPABONO: Conexión a base de datos exitosa
[04-Nov-2025 22:28:55 UTC] ATRAPABONO: Conexión a base de datos exitosa
[04-Nov-2025 22:28:55 UTC] Error obteniendo usuarios aprobados: Table 'atrapabono_db.user_points' doesn't exist
[04-Nov-2025 22:31:02 UTC] ATRAPABONO: Conexión a base de datos exitosa
[04-Nov-2025 22:31:02 UTC] ATRAPABONO: Conexión a base de datos exitosa
[04-Nov-2025 22:31:02 UTC] ATRAPABONO: Conexión a base de datos exitosa
[04-Nov-2025 22:31:02 UTC] Error obteniendo usuarios aprobados: Table 'atrapabono_db.user_points' doesn't exist
[04-Nov-2025 22:31:03 UTC] ATRAPABONO: Conexión a base de datos exitosa
[04-Nov-2025 22:31:04 UTC] ATRAPABONO: Conexión a base de datos exitosa
[04-Nov-2025 22:31:22 UTC] ATRAPABONO: Conexión a base de datos exitosa
[04-Nov-2025 22:31:23 UTC] ATRAPABONO: Conexión a base de datos exitosa
[04-Nov-2025 22:31:23 UTC] ATRAPABONO: Conexión a base de datos exitosa
[04-Nov-2025 22:31:23 UTC] ATRAPABONO: Conexión a base de datos exitosa
[04-Nov-2025 22:31:24 UTC] ATRAPABONO: Conexión a base de datos exitosa
[04-Nov-2025 22:31:24 UTC] ATRAPABONO: Conexión a base de datos exitosa
[04-Nov-2025 22:31:25 UTC] ATRAPABONO: Conexión a base de datos exitosa
[04-Nov-2025 22:31:25 UTC] ATRAPABONO: Conexión a base de datos exitosa
[04-Nov-2025 22:31:25 UTC] ATRAPABONO: Conexión a base de datos exitosa
[04-Nov-2025 22:31:26 UTC] ATRAPABONO: Conexión a base de datos exitosa
[04-Nov-2025 22:31:26 UTC] ATRAPABONO: Conexión a base de datos exitosa
[04-Nov-2025 22:31:26 UTC] Error obteniendo usuarios aprobados: Table 'atrapabono_db.user_points' doesn't exist
[04-Nov-2025 22:31:27 UTC] ATRAPABONO: Conexión a base de datos exitosa
[04-Nov-2025 22:31:27 UTC] ATRAPABONO: Conexión a base de datos exitosa
[04-Nov-2025 22:31:28 UTC] ATRAPABONO: Conexión a base de datos exitosa
[04-Nov-2025 22:36:34 UTC] ATRAPABONO: Conexión a base de datos exitosa
[04-Nov-2025 22:36:34 UTC] ATRAPABONO: Conexión a base de datos exitosa
[04-Nov-2025 22:36:34 UTC] ATRAPABONO: Conexión a base de datos exitosa
[04-Nov-2025 22:36:34 UTC] ATRAPABONO: Conexión a base de datos exitosa
[04-Nov-2025 22:36:34 UTC] Error obteniendo usuarios aprobados: Table 'atrapabono_db.user_points' doesn't exist
[04-Nov-2025 22:36:37 UTC] ATRAPABONO: Conexión a base de datos exitosa
[04-Nov-2025 22:36:38 UTC] ATRAPABONO: Conexión a base de datos exitosa
[04-Nov-2025 22:36:44 UTC] ATRAPABONO: Conexión a base de datos exitosa
[04-Nov-2025 22:36:44 UTC] ATRAPABONO: Conexión a base de datos exitosa
[04-Nov-2025 22:36:44 UTC] ATRAPABONO: Conexión a base de datos exitosa
[04-Nov-2025 22:36:44 UTC] Error obteniendo usuarios aprobados: Table 'atrapabono_db.user_points' doesn't exist
[04-Nov-2025 22:36:56 UTC] ATRAPABONO: Conexión a base de datos exitosa
[04-Nov-2025 22:36:58 UTC] ATRAPABONO: Conexión a base de datos exitosa
[04-Nov-2025 22:36:58 UTC] ATRAPABONO: Conexión a base de datos exitosa
[04-Nov-2025 22:36:59 UTC] ATRAPABONO: Conexión a base de datos exitosa
[04-Nov-2025 22:37:00 UTC] ATRAPABONO: Conexión a base de datos exitosa
[04-Nov-2025 22:37:01 UTC] ATRAPABONO: Conexión a base de datos exitosa
[04-Nov-2025 22:37:03 UTC] ATRAPABONO: Conexión a base de datos exitosa
[04-Nov-2025 22:37:03 UTC] ATRAPABONO: Conexión a base de datos exitosa
[04-Nov-2025 22:37:04 UTC] ATRAPABONO: Conexión a base de datos exitosa
[04-Nov-2025 22:37:06 UTC] ATRAPABONO: Conexión a base de datos exitosa
[04-Nov-2025 22:37:07 UTC] ATRAPABONO: Conexión a base de datos exitosa
[04-Nov-2025 22:39:11 UTC] ATRAPABONO: Conexión a base de datos exitosa
[04-Nov-2025 22:39:12 UTC] ATRAPABONO: Conexión a base de datos exitosa
[04-Nov-2025 22:39:13 UTC] ATRAPABONO: Conexión a base de datos exitosa
[04-Nov-2025 22:39:28 UTC] ATRAPABONO: Conexión a base de datos exitosa
[04-Nov-2025 22:39:28 UTC] ATRAPABONO: Conexión a base de datos exitosa
[04-Nov-2025 22:39:28 UTC] ATRAPABONO: Conexión a base de datos exitosa
[04-Nov-2025 22:39:30 UTC] ATRAPABONO: Conexión a base de datos exitosa
[04-Nov-2025 22:39:37 UTC] ATRAPABONO: Conexión a base de datos exitosa
[04-Nov-2025 22:39:47 UTC] ATRAPABONO: Conexión a base de datos exitosa
[04-Nov-2025 22:39:47 UTC] ATRAPABONO: Conexión a base de datos exitosa
[04-Nov-2025 22:39:47 UTC] ATRAPABONO: Conexión a base de datos exitosa
[04-Nov-2025 22:39:48 UTC] ATRAPABONO: Conexión a base de datos exitosa
[04-Nov-2025 22:39:51 UTC] ATRAPABONO: Conexión a base de datos exitosa
[04-Nov-2025 22:39:52 UTC] ATRAPABONO: Conexión a base de datos exitosa
[04-Nov-2025 22:39:53 UTC] ATRAPABONO: Conexión a base de datos exitosa
[04-Nov-2025 22:39:53 UTC] ATRAPABONO: Conexión a base de datos exitosa
[04-Nov-2025 22:39:54 UTC] ATRAPABONO: Conexión a base de datos exitosa
[04-Nov-2025 22:39:54 UTC] ATRAPABONO: Conexión a base de datos exitosa
[04-Nov-2025 22:39:55 UTC] ATRAPABONO: Conexión a base de datos exitosa
[04-Nov-2025 22:39:55 UTC] ATRAPABONO: Conexión a base de datos exitosa
[04-Nov-2025 22:39:55 UTC] ATRAPABONO: Conexión a base de datos exitosa
[04-Nov-2025 22:39:57 UTC] ATRAPABONO: Conexión a base de datos exitosa
[04-Nov-2025 22:39:57 UTC] ATRAPABONO: Conexión a base de datos exitosa
[04-Nov-2025 22:39:58 UTC] ATRAPABONO: Conexión a base de datos exitosa
[04-Nov-2025 22:40:02 UTC] ATRAPABONO: Conexión a base de datos exitosa
[04-Nov-2025 22:40:02 UTC] ATRAPABONO: Conexión a base de datos exitosa
[04-Nov-2025 22:40:02 UTC] ATRAPABONO: Conexión a base de datos exitosa
[04-Nov-2025 22:40:03 UTC] ATRAPABONO: Conexión a base de datos exitosa
[04-Nov-2025 22:41:09 UTC] ATRAPABONO: Conexión a base de datos exitosa
[04-Nov-2025 22:41:10 UTC] ATRAPABONO: Conexión a base de datos exitosa
[04-Nov-2025 22:41:11 UTC] ATRAPABONO: Conexión a base de datos exitosa
[04-Nov-2025 22:41:13 UTC] ATRAPABONO: Conexión a base de datos exitosa
[04-Nov-2025 22:41:13 UTC] ATRAPABONO: Conexión a base de datos exitosa
[04-Nov-2025 22:41:13 UTC] Error obteniendo usuarios aprobados: Table 'atrapabono_db.user_points' doesn't exist
[04-Nov-2025 22:41:13 UTC] ATRAPABONO: Conexión a base de datos exitosa
[04-Nov-2025 22:41:19 UTC] ATRAPABONO: Conexión a base de datos exitosa
[04-Nov-2025 22:41:20 UTC] ATRAPABONO: Conexión a base de datos exitosa
[04-Nov-2025 22:42:22 UTC] ATRAPABONO: Conexión a base de datos exitosa
[04-Nov-2025 22:42:22 UTC] ATRAPABONO: Conexión a base de datos exitosa
[04-Nov-2025 22:42:23 UTC] ATRAPABONO: Conexión a base de datos exitosa
[04-Nov-2025 22:42:42 UTC] ATRAPABONO: Conexión a base de datos exitosa
[04-Nov-2025 22:42:55 UTC] ATRAPABONO: Conexión a base de datos exitosa
[04-Nov-2025 22:42:55 UTC] ATRAPABONO: Conexión a base de datos exitosa
[04-Nov-2025 22:42:55 UTC] ATRAPABONO: Conexión a base de datos exitosa
[04-Nov-2025 22:42:57 UTC] ATRAPABONO: Conexión a base de datos exitosa
[04-Nov-2025 22:42:58 UTC] ATRAPABONO: Conexión a base de datos exitosa
[04-Nov-2025 22:42:58 UTC] ATRAPABONO: Conexión a base de datos exitosa
[04-Nov-2025 22:42:58 UTC] ATRAPABONO: Conexión a base de datos exitosa
[04-Nov-2025 22:42:58 UTC] Error obteniendo usuarios aprobados: Table 'atrapabono_db.user_points' doesn't exist
[04-Nov-2025 22:43:00 UTC] ATRAPABONO: Conexión a base de datos exitosa
[04-Nov-2025 22:43:00 UTC] ATRAPABONO: Conexión a base de datos exitosa
[04-Nov-2025 22:43:01 UTC] ATRAPABONO: Conexión a base de datos exitosa
[04-Nov-2025 22:43:01 UTC] ATRAPABONO: Conexión a base de datos exitosa
[04-Nov-2025 22:43:02 UTC] ATRAPABONO: Conexión a base de datos exitosa
[04-Nov-2025 22:43:03 UTC] ATRAPABONO: Conexión a base de datos exitosa
[04-Nov-2025 22:44:28 UTC] ATRAPABONO: Conexión a base de datos exitosa
[04-Nov-2025 22:44:28 UTC] ATRAPABONO: Conexión a base de datos exitosa
[04-Nov-2025 22:44:28 UTC] ATRAPABONO: Conexión a base de datos exitosa
[04-Nov-2025 22:44:28 UTC] ATRAPABONO: Conexión a base de datos exitosa
[04-Nov-2025 22:44:28 UTC] Error obteniendo usuarios aprobados: Table 'atrapabono_db.user_points' doesn't exist
[04-Nov-2025 22:44:33 UTC] ATRAPABONO: Conexión a base de datos exitosa
[04-Nov-2025 22:44:35 UTC] ATRAPABONO: Conexión a base de datos exitosa
[04-Nov-2025 22:44:37 UTC] ATRAPABONO: Conexión a base de datos exitosa
[04-Nov-2025 22:44:37 UTC] ATRAPABONO: Conexión a base de datos exitosa
[04-Nov-2025 22:44:38 UTC] ATRAPABONO: Conexión a base de datos exitosa
[04-Nov-2025 22:44:39 UTC] ATRAPABONO: Conexión a base de datos exitosa
[04-Nov-2025 22:44:39 UTC] ATRAPABONO: Conexión a base de datos exitosa
[04-Nov-2025 22:44:41 UTC] ATRAPABONO: Conexión a base de datos exitosa
[04-Nov-2025 22:44:45 UTC] ATRAPABONO: Conexión a base de datos exitosa
[04-Nov-2025 22:44:45 UTC] ATRAPABONO: Conexión a base de datos exitosa
[04-Nov-2025 22:44:45 UTC] Error obteniendo usuarios aprobados: Table 'atrapabono_db.user_points' doesn't exist
[04-Nov-2025 22:44:45 UTC] ATRAPABONO: Conexión a base de datos exitosa
[04-Nov-2025 22:46:24 UTC] ATRAPABONO: Conexión a base de datos exitosa
[04-Nov-2025 22:46:24 UTC] ATRAPABONO: Conexión a base de datos exitosa
[04-Nov-2025 22:46:24 UTC] ATRAPABONO: Conexión a base de datos exitosa
[04-Nov-2025 22:46:24 UTC] ATRAPABONO: Conexión a base de datos exitosa
[04-Nov-2025 22:46:24 UTC] Error obteniendo usuarios aprobados: Table 'atrapabono_db.user_points' doesn't exist
[04-Nov-2025 22:46:26 UTC] ATRAPABONO: Conexión a base de datos exitosa
[04-Nov-2025 22:46:27 UTC] ATRAPABONO: Conexión a base de datos exitosa
[04-Nov-2025 22:46:29 UTC] ATRAPABONO: Conexión a base de datos exitosa
[04-Nov-2025 22:46:29 UTC] ATRAPABONO: Conexión a base de datos exitosa
[04-Nov-2025 22:46:30 UTC] ATRAPABONO: Conexión a base de datos exitosa
[04-Nov-2025 22:48:08 UTC] ATRAPABONO: Conexión a base de datos exitosa
[04-Nov-2025 22:48:08 UTC] ATRAPABONO: Conexión a base de datos exitosa
[04-Nov-2025 22:48:08 UTC] ATRAPABONO: Conexión a base de datos exitosa
[04-Nov-2025 22:48:09 UTC] ATRAPABONO: Conexión a base de datos exitosa
[04-Nov-2025 22:48:12 UTC] ATRAPABONO: Conexión a base de datos exitosa
[04-Nov-2025 22:48:13 UTC] ATRAPABONO: Conexión a base de datos exitosa
[04-Nov-2025 22:48:16 UTC] ATRAPABONO: Conexión a base de datos exitosa
[04-Nov-2025 22:48:16 UTC] ATRAPABONO: Conexión a base de datos exitosa
[04-Nov-2025 22:48:16 UTC] ATRAPABONO: Conexión a base de datos exitosa
[04-Nov-2025 22:48:16 UTC] Error obteniendo usuarios aprobados: Table 'atrapabono_db.user_points' doesn't exist
[04-Nov-2025 22:48:25 UTC] ATRAPABONO: Conexión a base de datos exitosa
[04-Nov-2025 22:48:45 UTC] ATRAPABONO: Conexión a base de datos exitosa
[04-Nov-2025 22:48:45 UTC] ATRAPABONO: Conexión a base de datos exitosa
[04-Nov-2025 22:48:45 UTC] ATRAPABONO: Conexión a base de datos exitosa
[04-Nov-2025 22:48:46 UTC] ATRAPABONO: Conexión a base de datos exitosa
[04-Nov-2025 22:49:15 UTC] ATRAPABONO: Conexión a base de datos exitosa
[04-Nov-2025 22:49:15 UTC] ATRAPABONO: Conexión a base de datos exitosa
[04-Nov-2025 22:49:15 UTC] ATRAPABONO: Conexión a base de datos exitosa
[04-Nov-2025 22:49:15 UTC] Error obteniendo usuarios aprobados: Table 'atrapabono_db.user_points' doesn't exist
[04-Nov-2025 22:52:19 UTC] ATRAPABONO: Conexión a base de datos exitosa
[04-Nov-2025 22:52:19 UTC] ATRAPABONO: Conexión a base de datos exitosa
[04-Nov-2025 22:52:20 UTC] ATRAPABONO: Conexión a base de datos exitosa
[04-Nov-2025 22:52:20 UTC] ATRAPABONO: Conexión a base de datos exitosa
[04-Nov-2025 22:52:20 UTC] Error obteniendo usuarios aprobados: Table 'atrapabono_db.user_points' doesn't exist
[04-Nov-2025 22:53:06 UTC] ATRAPABONO: Conexión a base de datos exitosa
[04-Nov-2025 22:53:34 UTC] ATRAPABONO: Conexión a base de datos exitosa
[04-Nov-2025 22:53:34 UTC] ATRAPABONO: Conexión a base de datos exitosa
[04-Nov-2025 22:53:34 UTC] ATRAPABONO: Conexión a base de datos exitosa
[04-Nov-2025 22:53:36 UTC] ATRAPABONO: Conexión a base de datos exitosa
[04-Nov-2025 22:53:37 UTC] ATRAPABONO: Conexión a base de datos exitosa
[04-Nov-2025 22:53:37 UTC] ATRAPABONO: Conexión a base de datos exitosa
[04-Nov-2025 22:53:38 UTC] ATRAPABONO: Conexión a base de datos exitosa
[04-Nov-2025 22:53:49 UTC] ATRAPABONO: Conexión a base de datos exitosa
[04-Nov-2025 22:53:49 UTC] ATRAPABONO: Conexión a base de datos exitosa
[04-Nov-2025 22:53:49 UTC] ATRAPABONO: Conexión a base de datos exitosa
[04-Nov-2025 22:53:49 UTC] Error obteniendo usuarios aprobados: Table 'atrapabono_db.user_points' doesn't exist
[04-Nov-2025 22:53:50 UTC] ATRAPABONO: Conexión a base de datos exitosa
[04-Nov-2025 22:53:51 UTC] ATRAPABONO: Conexión a base de datos exitosa
[04-Nov-2025 22:53:54 UTC] ATRAPABONO: Conexión a base de datos exitosa
[04-Nov-2025 22:53:54 UTC] ATRAPABONO: Conexión a base de datos exitosa
[04-Nov-2025 22:53:54 UTC] ATRAPABONO: Conexión a base de datos exitosa
[04-Nov-2025 22:53:54 UTC] Error obteniendo usuarios aprobados: Table 'atrapabono_db.user_points' doesn't exist
[04-Nov-2025 22:54:02 UTC] ATRAPABONO: Conexión a base de datos exitosa
[04-Nov-2025 22:54:03 UTC] ATRAPABONO: Conexión a base de datos exitosa
[04-Nov-2025 22:54:23 UTC] ATRAPABONO: Conexión a base de datos exitosa
[04-Nov-2025 22:54:23 UTC] ATRAPABONO: Conexión a base de datos exitosa
[04-Nov-2025 22:54:23 UTC] ATRAPABONO: Conexión a base de datos exitosa
[04-Nov-2025 22:54:23 UTC] Error obteniendo usuarios aprobados: Table 'atrapabono_db.user_points' doesn't exist
[04-Nov-2025 22:55:27 UTC] ATRAPABONO: Conexión a base de datos exitosa
[04-Nov-2025 22:55:34 UTC] ATRAPABONO: Conexión a base de datos exitosa
[04-Nov-2025 22:55:34 UTC] ATRAPABONO: Conexión a base de datos exitosa
[04-Nov-2025 22:55:34 UTC] ATRAPABONO: Conexión a base de datos exitosa
[04-Nov-2025 22:55:35 UTC] ATRAPABONO: Conexión a base de datos exitosa
[04-Nov-2025 22:55:45 UTC] ATRAPABONO: Conexión a base de datos exitosa
[04-Nov-2025 22:55:47 UTC] ATRAPABONO: Conexión a base de datos exitosa
[04-Nov-2025 22:55:48 UTC] ATRAPABONO: Conexión a base de datos exitosa
[04-Nov-2025 22:55:49 UTC] ATRAPABONO: Conexión a base de datos exitosa
[04-Nov-2025 22:55:50 UTC] ATRAPABONO: Conexión a base de datos exitosa
[04-Nov-2025 22:55:51 UTC] ATRAPABONO: Conexión a base de datos exitosa
[04-Nov-2025 22:55:51 UTC] ATRAPABONO: Conexión a base de datos exitosa
[04-Nov-2025 22:55:51 UTC] ATRAPABONO: Conexión a base de datos exitosa
[04-Nov-2025 22:55:52 UTC] ATRAPABONO: Conexión a base de datos exitosa
[04-Nov-2025 22:55:55 UTC] ATRAPABONO: Conexión a base de datos exitosa
[04-Nov-2025 22:59:48 UTC] ATRAPABONO: Conexión a base de datos exitosa
[04-Nov-2025 22:59:48 UTC] ATRAPABONO: Conexión a base de datos exitosa
[04-Nov-2025 22:59:48 UTC] ATRAPABONO: Conexión a base de datos exitosa
[04-Nov-2025 22:59:49 UTC] ATRAPABONO: Conexión a base de datos exitosa
[04-Nov-2025 22:59:49 UTC] ATRAPABONO: Conexión a base de datos exitosa
[04-Nov-2025 22:59:54 UTC] ATRAPABONO: Conexión a base de datos exitosa
[04-Nov-2025 22:59:54 UTC] ATRAPABONO: Conexión a base de datos exitosa
[04-Nov-2025 22:59:54 UTC] ATRAPABONO: Conexión a base de datos exitosa
[04-Nov-2025 22:59:55 UTC] ATRAPABONO: Conexión a base de datos exitosa
[04-Nov-2025 22:59:56 UTC] ATRAPABONO: Conexión a base de datos exitosa
[04-Nov-2025 22:59:56 UTC] ATRAPABONO: Conexión a base de datos exitosa
[04-Nov-2025 22:59:56 UTC] ATRAPABONO: Conexión a base de datos exitosa
[04-Nov-2025 22:59:56 UTC] Error obteniendo usuarios aprobados: Table 'atrapabono_db.user_points' doesn't exist
[04-Nov-2025 23:08:11 UTC] ATRAPABONO: Conexión a base de datos exitosa
[04-Nov-2025 23:08:11 UTC] ATRAPABONO: Conexión a base de datos exitosa
[04-Nov-2025 23:08:11 UTC] ATRAPABONO: Conexión a base de datos exitosa
[04-Nov-2025 23:08:13 UTC] ATRAPABONO: Conexión a base de datos exitosa
[04-Nov-2025 23:08:13 UTC] ATRAPABONO: Conexión a base de datos exitosa
[04-Nov-2025 23:08:13 UTC] ATRAPABONO: Conexión a base de datos exitosa
[04-Nov-2025 23:08:13 UTC] ATRAPABONO: Conexión a base de datos exitosa
[04-Nov-2025 23:08:13 UTC] Error obteniendo usuarios aprobados: Table 'atrapabono_db.user_points' doesn't exist
[04-Nov-2025 23:10:08 UTC] ATRAPABONO: Conexión a base de datos exitosa
[04-Nov-2025 23:10:10 UTC] ATRAPABONO: Conexión a base de datos exitosa
[04-Nov-2025 23:10:11 UTC] ATRAPABONO: Conexión a base de datos exitosa
[04-Nov-2025 23:10:16 UTC] ATRAPABONO: Conexión a base de datos exitosa
[04-Nov-2025 23:10:16 UTC] ATRAPABONO: Conexión a base de datos exitosa
[04-Nov-2025 23:10:16 UTC] ATRAPABONO: Conexión a base de datos exitosa
[04-Nov-2025 23:10:17 UTC] ATRAPABONO: Conexión a base de datos exitosa
[04-Nov-2025 23:10:25 UTC] ATRAPABONO: Conexión a base de datos exitosa
[04-Nov-2025 23:10:25 UTC] ATRAPABONO: Conexión a base de datos exitosa
[04-Nov-2025 23:10:26 UTC] ATRAPABONO: Conexión a base de datos exitosa
[04-Nov-2025 23:19:43 UTC] ATRAPABONO: Conexión a base de datos exitosa
[04-Nov-2025 23:19:46 UTC] ATRAPABONO: Conexión a base de datos exitosa
[04-Nov-2025 23:19:46 UTC] ATRAPABONO: Conexión a base de datos exitosa
[04-Nov-2025 23:19:47 UTC] ATRAPABONO: Conexión a base de datos exitosa
[04-Nov-2025 23:19:49 UTC] ATRAPABONO: Conexión a base de datos exitosa
[04-Nov-2025 23:19:49 UTC] ATRAPABONO: Conexión a base de datos exitosa
[04-Nov-2025 23:19:49 UTC] ATRAPABONO: Conexión a base de datos exitosa
[04-Nov-2025 23:19:49 UTC] ATRAPABONO: Conexión a base de datos exitosa
[04-Nov-2025 23:20:11 UTC] ATRAPABONO: Conexión a base de datos exitosa
[04-Nov-2025 23:20:11 UTC] Error en admin_actions: Duplicate entry 'danluis.santana@empresa.com' for key 'users.email'
[04-Nov-2025 23:20:14 UTC] ATRAPABONO: Conexión a base de datos exitosa
[04-Nov-2025 23:20:15 UTC] ATRAPABONO: Conexión a base de datos exitosa
[04-Nov-2025 23:20:15 UTC] Error en admin_actions: Duplicate entry 'danluis.santana@empresa.com' for key 'users.email'
[04-Nov-2025 23:20:16 UTC] ATRAPABONO: Conexión a base de datos exitosa
[04-Nov-2025 23:20:17 UTC] ATRAPABONO: Conexión a base de datos exitosa
[04-Nov-2025 23:20:17 UTC] Error en admin_actions: Duplicate entry 'danluis.santana@empresa.com' for key 'users.email'
[04-Nov-2025 23:20:18 UTC] ATRAPABONO: Conexión a base de datos exitosa
[04-Nov-2025 23:20:21 UTC] ATRAPABONO: Conexión a base de datos exitosa
[04-Nov-2025 23:20:21 UTC] ATRAPABONO: Conexión a base de datos exitosa
[04-Nov-2025 23:21:11 UTC] ATRAPABONO: Conexión a base de datos exitosa
[04-Nov-2025 23:21:13 UTC] ATRAPABONO: Conexión a base de datos exitosa
[04-Nov-2025 23:21:15 UTC] ATRAPABONO: Conexión a base de datos exitosa
[04-Nov-2025 23:21:15 UTC] ATRAPABONO: Conexión a base de datos exitosa
[04-Nov-2025 23:21:17 UTC] ATRAPABONO: Conexión a base de datos exitosa
[04-Nov-2025 23:21:25 UTC] ATRAPABONO: Conexión a base de datos exitosa
[04-Nov-2025 23:22:13 UTC] ATRAPABONO: Conexión a base de datos exitosa
[04-Nov-2025 23:22:13 UTC] ATRAPABONO: Conexión a base de datos exitosa
[04-Nov-2025 23:22:13 UTC] ATRAPABONO: Conexión a base de datos exitosa
[04-Nov-2025 23:22:14 UTC] ATRAPABONO: Conexión a base de datos exitosa
[04-Nov-2025 23:23:31 UTC] ATRAPABONO: Conexión a base de datos exitosa
[04-Nov-2025 23:23:32 UTC] ATRAPABONO: Conexión a base de datos exitosa
[04-Nov-2025 23:35:40 UTC] ATRAPABONO: Conexión a base de datos exitosa
[04-Nov-2025 23:39:14 UTC] ATRAPABONO: Conexión a base de datos exitosa
[04-Nov-2025 23:39:14 UTC] ATRAPABONO: Conexión a base de datos exitosa
[04-Nov-2025 23:39:15 UTC] ATRAPABONO: Conexión a base de datos exitosa
[04-Nov-2025 23:39:17 UTC] ATRAPABONO: Conexión a base de datos exitosa
[04-Nov-2025 23:39:19 UTC] ATRAPABONO: Conexión a base de datos exitosa
[04-Nov-2025 23:39:19 UTC] ATRAPABONO: Conexión a base de datos exitosa
[04-Nov-2025 23:39:20 UTC] ATRAPABONO: Conexión a base de datos exitosa
[04-Nov-2025 23:40:16 UTC] ATRAPABONO: Conexión a base de datos exitosa
[04-Nov-2025 23:42:06 UTC] ATRAPABONO: Conexión a base de datos exitosa
[04-Nov-2025 23:42:12 UTC] ATRAPABONO: Conexión a base de datos exitosa
[04-Nov-2025 23:42:12 UTC] ATRAPABONO: Conexión a base de datos exitosa
[04-Nov-2025 23:42:12 UTC] ATRAPABONO: Conexión a base de datos exitosa
[04-Nov-2025 23:42:13 UTC] ATRAPABONO: Conexión a base de datos exitosa
[04-Nov-2025 23:42:16 UTC] ATRAPABONO: Conexión a base de datos exitosa
[04-Nov-2025 23:42:16 UTC] ATRAPABONO: Conexión a base de datos exitosa
[04-Nov-2025 23:42:16 UTC] ATRAPABONO: Conexión a base de datos exitosa
[04-Nov-2025 23:42:19 UTC] ATRAPABONO: Conexión a base de datos exitosa
[04-Nov-2025 23:42:19 UTC] Error en admin_actions: Duplicate entry 'danhier@empresa.com' for key 'users.email'
[04-Nov-2025 23:42:54 UTC] ATRAPABONO: Conexión a base de datos exitosa
[04-Nov-2025 23:45:38 UTC] ATRAPABONO: Conexión a base de datos exitosa
[04-Nov-2025 23:45:38 UTC] ATRAPABONO: Conexión a base de datos exitosa
[04-Nov-2025 23:45:38 UTC] ATRAPABONO: Conexión a base de datos exitosa
[04-Nov-2025 23:45:38 UTC] ATRAPABONO: Conexión a base de datos exitosa
[04-Nov-2025 23:45:40 UTC] ATRAPABONO: Conexión a base de datos exitosa
[04-Nov-2025 23:45:40 UTC] Error en admin_actions: Column 'password_hash' cannot be null
[04-Nov-2025 23:46:29 UTC] ATRAPABONO: Conexión a base de datos exitosa
[04-Nov-2025 23:46:30 UTC] ATRAPABONO: Conexión a base de datos exitosa
[04-Nov-2025 23:46:30 UTC] ATRAPABONO: Conexión a base de datos exitosa
[04-Nov-2025 23:46:30 UTC] ATRAPABONO: Conexión a base de datos exitosa
[04-Nov-2025 23:46:30 UTC] ATRAPABONO: Conexión a base de datos exitosa
[04-Nov-2025 23:46:32 UTC] ATRAPABONO: Conexión a base de datos exitosa
[04-Nov-2025 23:46:32 UTC] ATRAPABONO: Conexión a base de datos exitosa
[04-Nov-2025 23:46:33 UTC] ATRAPABONO: Conexión a base de datos exitosa
[04-Nov-2025 23:51:02 UTC] ATRAPABONO: Conexión a base de datos exitosa
[04-Nov-2025 23:51:03 UTC] ATRAPABONO: Conexión a base de datos exitosa
[04-Nov-2025 23:51:03 UTC] ATRAPABONO: Conexión a base de datos exitosa
[04-Nov-2025 23:51:23 UTC] ATRAPABONO: Conexión a base de datos exitosa
[04-Nov-2025 23:51:25 UTC] ATRAPABONO: Conexión a base de datos exitosa
[04-Nov-2025 23:51:42 UTC] ATRAPABONO: Conexión a base de datos exitosa
[04-Nov-2025 23:51:42 UTC] ATRAPABONO: Conexión a base de datos exitosa
[04-Nov-2025 23:51:42 UTC] ATRAPABONO: Conexión a base de datos exitosa
[04-Nov-2025 23:51:45 UTC] ATRAPABONO: Conexión a base de datos exitosa
[04-Nov-2025 23:51:46 UTC] ATRAPABONO: Conexión a base de datos exitosa
[04-Nov-2025 23:52:34 UTC] ATRAPABONO: Conexión a base de datos exitosa
[04-Nov-2025 23:52:34 UTC] ATRAPABONO: Conexión a base de datos exitosa
[04-Nov-2025 23:52:34 UTC] ATRAPABONO: Conexión a base de datos exitosa
[04-Nov-2025 23:52:46 UTC] ATRAPABONO: Conexión a base de datos exitosa
[05-Nov-2025 00:04:15 UTC] ATRAPABONO: Conexión a base de datos exitosa
[05-Nov-2025 00:04:15 UTC] ATRAPABONO: Conexión a base de datos exitosa
[05-Nov-2025 00:04:20 UTC] ATRAPABONO: Conexión a base de datos exitosa
[05-Nov-2025 00:04:20 UTC] ATRAPABONO: Conexión a base de datos exitosa
[05-Nov-2025 00:04:21 UTC] ATRAPABONO: Conexión a base de datos exitosa
[05-Nov-2025 00:09:49 UTC] ATRAPABONO: Conexión a base de datos exitosa
[05-Nov-2025 00:09:49 UTC] ATRAPABONO: Conexión a base de datos exitosa
[05-Nov-2025 00:09:51 UTC] ATRAPABONO: Conexión a base de datos exitosa
[05-Nov-2025 00:19:16 UTC] ATRAPABONO: Conexión a base de datos exitosa
[05-Nov-2025 00:19:21 UTC] ATRAPABONO: Conexión a base de datos exitosa
[05-Nov-2025 00:19:43 UTC] ATRAPABONO: Conexión a base de datos exitosa
[05-Nov-2025 00:19:43 UTC] ATRAPABONO: Conexión a base de datos exitosa
[05-Nov-2025 00:19:43 UTC] ATRAPABONO: Conexión a base de datos exitosa
[05-Nov-2025 00:19:47 UTC] ATRAPABONO: Conexión a base de datos exitosa
[05-Nov-2025 00:19:54 UTC] ATRAPABONO: Conexión a base de datos exitosa
[05-Nov-2025 00:19:54 UTC] ATRAPABONO: Conexión a base de datos exitosa
[05-Nov-2025 00:19:54 UTC] ATRAPABONO: Conexión a base de datos exitosa
[05-Nov-2025 00:20:08 UTC] ATRAPABONO: Conexión a base de datos exitosa
[05-Nov-2025 00:20:08 UTC] ATRAPABONO: Conexión a base de datos exitosa
[05-Nov-2025 00:24:10 UTC] ATRAPABONO: Conexión a base de datos exitosa
[05-Nov-2025 00:24:10 UTC] ATRAPABONO: Conexión a base de datos exitosa
[05-Nov-2025 00:24:10 UTC] ATRAPABONO: Conexión a base de datos exitosa
[05-Nov-2025 00:24:10 UTC] ATRAPABONO: Conexión a base de datos exitosa
[05-Nov-2025 00:24:47 UTC] ATRAPABONO: Conexión a base de datos exitosa
[05-Nov-2025 00:24:48 UTC] ATRAPABONO: Conexión a base de datos exitosa
[05-Nov-2025 00:24:48 UTC] ATRAPABONO: Conexión a base de datos exitosa
[05-Nov-2025 00:24:48 UTC] ATRAPABONO: Conexión a base de datos exitosa
[05-Nov-2025 00:24:48 UTC] ATRAPABONO: Conexión a base de datos exitosa
[05-Nov-2025 00:24:49 UTC] ATRAPABONO: Conexión a base de datos exitosa
[05-Nov-2025 00:24:49 UTC] ATRAPABONO: Conexión a base de datos exitosa
[05-Nov-2025 00:24:49 UTC] ATRAPABONO: Conexión a base de datos exitosa
[05-Nov-2025 00:24:49 UTC] ATRAPABONO: Conexión a base de datos exitosa
[05-Nov-2025 00:24:51 UTC] ATRAPABONO: Conexión a base de datos exitosa
[05-Nov-2025 00:24:57 UTC] ATRAPABONO: Conexión a base de datos exitosa
[05-Nov-2025 00:24:57 UTC] ATRAPABONO: Conexión a base de datos exitosa
[05-Nov-2025 00:24:57 UTC] ATRAPABONO: Conexión a base de datos exitosa
[05-Nov-2025 00:24:57 UTC] ATRAPABONO: Conexión a base de datos exitosa
[05-Nov-2025 00:25:03 UTC] ATRAPABONO: Conexión a base de datos exitosa
[05-Nov-2025 00:25:03 UTC] ATRAPABONO: Conexión a base de datos exitosa
[05-Nov-2025 00:25:03 UTC] ATRAPABONO: Conexión a base de datos exitosa
[05-Nov-2025 00:25:03 UTC] ATRAPABONO: Conexión a base de datos exitosa
[05-Nov-2025 00:25:06 UTC] ATRAPABONO: Conexión a base de datos exitosa
[05-Nov-2025 00:25:06 UTC] ATRAPABONO: Conexión a base de datos exitosa
[05-Nov-2025 00:25:06 UTC] ATRAPABONO: Conexión a base de datos exitosa
[05-Nov-2025 00:25:06 UTC] ATRAPABONO: Conexión a base de datos exitosa
[05-Nov-2025 00:25:17 UTC] ATRAPABONO: Conexión a base de datos exitosa
[05-Nov-2025 00:25:17 UTC] ATRAPABONO: Conexión a base de datos exitosa
[05-Nov-2025 00:25:17 UTC] ATRAPABONO: Conexión a base de datos exitosa
[05-Nov-2025 00:25:17 UTC] ATRAPABONO: Conexión a base de datos exitosa
[05-Nov-2025 00:25:20 UTC] ATRAPABONO: Conexión a base de datos exitosa
[05-Nov-2025 00:25:20 UTC] ATRAPABONO: Conexión a base de datos exitosa
[05-Nov-2025 00:25:20 UTC] ATRAPABONO: Conexión a base de datos exitosa
[05-Nov-2025 00:25:20 UTC] ATRAPABONO: Conexión a base de datos exitosa
[05-Nov-2025 00:25:27 UTC] ATRAPABONO: Conexión a base de datos exitosa
[05-Nov-2025 00:25:27 UTC] ATRAPABONO: Conexión a base de datos exitosa
[05-Nov-2025 00:25:27 UTC] ATRAPABONO: Conexión a base de datos exitosa
[05-Nov-2025 00:25:27 UTC] ATRAPABONO: Conexión a base de datos exitosa
[05-Nov-2025 00:28:54 UTC] ATRAPABONO: Conexión a base de datos exitosa
[05-Nov-2025 00:28:54 UTC] ATRAPABONO: Conexión a base de datos exitosa
[05-Nov-2025 00:28:54 UTC] ATRAPABONO: Conexión a base de datos exitosa
[05-Nov-2025 00:28:54 UTC] ATRAPABONO: Conexión a base de datos exitosa
[05-Nov-2025 00:28:57 UTC] ATRAPABONO: Conexión a base de datos exitosa
[05-Nov-2025 00:28:57 UTC] ATRAPABONO: Conexión a base de datos exitosa
[05-Nov-2025 00:28:58 UTC] ATRAPABONO: Conexión a base de datos exitosa
[05-Nov-2025 00:28:59 UTC] ATRAPABONO: Conexión a base de datos exitosa
[05-Nov-2025 00:29:01 UTC] ATRAPABONO: Conexión a base de datos exitosa
[05-Nov-2025 00:31:57 UTC] ATRAPABONO: Conexión a base de datos exitosa
[05-Nov-2025 00:31:57 UTC] ATRAPABONO: Conexión a base de datos exitosa
[05-Nov-2025 00:31:58 UTC] ATRAPABONO: Conexión a base de datos exitosa
[05-Nov-2025 00:32:00 UTC] ATRAPABONO: Conexión a base de datos exitosa
[05-Nov-2025 00:32:01 UTC] ATRAPABONO: Conexión a base de datos exitosa
[05-Nov-2025 00:32:01 UTC] ATRAPABONO: Conexión a base de datos exitosa
[05-Nov-2025 00:32:02 UTC] ATRAPABONO: Conexión a base de datos exitosa
[05-Nov-2025 00:32:02 UTC] ATRAPABONO: Conexión a base de datos exitosa
[05-Nov-2025 00:32:03 UTC] ATRAPABONO: Conexión a base de datos exitosa
[05-Nov-2025 00:32:03 UTC] ATRAPABONO: Conexión a base de datos exitosa
[05-Nov-2025 00:32:05 UTC] ATRAPABONO: Conexión a base de datos exitosa
[05-Nov-2025 00:32:08 UTC] ATRAPABONO: Conexión a base de datos exitosa
[05-Nov-2025 00:32:08 UTC] ATRAPABONO: Conexión a base de datos exitosa
[05-Nov-2025 00:32:10 UTC] ATRAPABONO: Conexión a base de datos exitosa
[05-Nov-2025 00:32:10 UTC] ATRAPABONO: Conexión a base de datos exitosa
[05-Nov-2025 00:32:12 UTC] ATRAPABONO: Conexión a base de datos exitosa
[05-Nov-2025 00:32:13 UTC] ATRAPABONO: Conexión a base de datos exitosa
[05-Nov-2025 00:32:13 UTC] ATRAPABONO: Conexión a base de datos exitosa
[05-Nov-2025 00:32:13 UTC] ATRAPABONO: Conexión a base de datos exitosa
[05-Nov-2025 00:32:16 UTC] ATRAPABONO: Conexión a base de datos exitosa
[05-Nov-2025 00:32:16 UTC] ATRAPABONO: Conexión a base de datos exitosa
[05-Nov-2025 00:32:18 UTC] ATRAPABONO: Conexión a base de datos exitosa
[05-Nov-2025 00:38:13 UTC] ATRAPABONO: Conexión a base de datos exitosa
[05-Nov-2025 00:38:13 UTC] ATRAPABONO: Conexión a base de datos exitosa
[05-Nov-2025 00:38:13 UTC] ATRAPABONO: Conexión a base de datos exitosa
[05-Nov-2025 00:38:14 UTC] ATRAPABONO: Conexión a base de datos exitosa
[05-Nov-2025 00:38:15 UTC] ATRAPABONO: Conexión a base de datos exitosa
[05-Nov-2025 00:38:15 UTC] ATRAPABONO: Conexión a base de datos exitosa
[05-Nov-2025 00:38:16 UTC] ATRAPABONO: Conexión a base de datos exitosa
[05-Nov-2025 00:38:17 UTC] ATRAPABONO: Conexión a base de datos exitosa
[05-Nov-2025 00:38:19 UTC] ATRAPABONO: Conexión a base de datos exitosa
[05-Nov-2025 00:38:20 UTC] ATRAPABONO: Conexión a base de datos exitosa
[05-Nov-2025 00:38:20 UTC] ATRAPABONO: Conexión a base de datos exitosa
[05-Nov-2025 00:38:21 UTC] ATRAPABONO: Conexión a base de datos exitosa
[05-Nov-2025 00:38:26 UTC] ATRAPABONO: Conexión a base de datos exitosa
[05-Nov-2025 00:38:27 UTC] ATRAPABONO: Conexión a base de datos exitosa
[05-Nov-2025 00:38:45 UTC] ATRAPABONO: Conexión a base de datos exitosa
[05-Nov-2025 00:38:45 UTC] ATRAPABONO: Conexión a base de datos exitosa
[05-Nov-2025 00:38:48 UTC] ATRAPABONO: Conexión a base de datos exitosa
[05-Nov-2025 00:38:58 UTC] ATRAPABONO: Conexión a base de datos exitosa
[05-Nov-2025 00:38:59 UTC] ATRAPABONO: Conexión a base de datos exitosa
[05-Nov-2025 00:39:00 UTC] ATRAPABONO: Conexión a base de datos exitosa
[05-Nov-2025 00:39:01 UTC] ATRAPABONO: Conexión a base de datos exitosa
[05-Nov-2025 00:39:04 UTC] ATRAPABONO: Conexión a base de datos exitosa
[05-Nov-2025 00:39:04 UTC] ATRAPABONO: Conexión a base de datos exitosa
[05-Nov-2025 00:39:04 UTC] ATRAPABONO: Conexión a base de datos exitosa
[05-Nov-2025 00:39:13 UTC] ATRAPABONO: Conexión a base de datos exitosa
[05-Nov-2025 00:39:13 UTC] ATRAPABONO: Conexión a base de datos exitosa
[05-Nov-2025 00:39:19 UTC] ATRAPABONO: Conexión a base de datos exitosa
[05-Nov-2025 00:39:23 UTC] ATRAPABONO: Conexión a base de datos exitosa
[05-Nov-2025 00:39:27 UTC] ATRAPABONO: Conexión a base de datos exitosa
[05-Nov-2025 00:39:28 UTC] ATRAPABONO: Conexión a base de datos exitosa
[05-Nov-2025 00:39:28 UTC] ATRAPABONO: Conexión a base de datos exitosa
[05-Nov-2025 00:39:43 UTC] ATRAPABONO: Conexión a base de datos exitosa
[05-Nov-2025 00:39:45 UTC] ATRAPABONO: Conexión a base de datos exitosa
[05-Nov-2025 00:39:52 UTC] ATRAPABONO: Conexión a base de datos exitosa
[05-Nov-2025 00:39:52 UTC] ATRAPABONO: Conexión a base de datos exitosa
[05-Nov-2025 00:39:53 UTC] ATRAPABONO: Conexión a base de datos exitosa
[05-Nov-2025 00:39:54 UTC] ATRAPABONO: Conexión a base de datos exitosa
[05-Nov-2025 00:39:58 UTC] ATRAPABONO: Conexión a base de datos exitosa
[05-Nov-2025 00:45:55 UTC] ATRAPABONO: Conexión a base de datos exitosa
[05-Nov-2025 00:45:55 UTC] ATRAPABONO: Conexión a base de datos exitosa
[05-Nov-2025 00:45:55 UTC] ATRAPABONO: Conexión a base de datos exitosa
[05-Nov-2025 00:45:57 UTC] ATRAPABONO: Conexión a base de datos exitosa
[05-Nov-2025 01:04:37 UTC] ATRAPABONO: Conexión a base de datos exitosa
[06-Nov-2025 15:14:58 UTC] ATRAPABONO: Conexión a base de datos exitosa
[06-Nov-2025 15:16:39 UTC] ATRAPABONO: Conexión a base de datos exitosa
[06-Nov-2025 15:16:42 UTC] ATRAPABONO: Conexión a base de datos exitosa
[06-Nov-2025 15:16:42 UTC] ATRAPABONO: Conexión a base de datos exitosa
[06-Nov-2025 15:16:43 UTC] ATRAPABONO: Conexión a base de datos exitosa
[06-Nov-2025 15:16:45 UTC] ATRAPABONO: Conexión a base de datos exitosa
[06-Nov-2025 15:17:08 UTC] ATRAPABONO: Conexión a base de datos exitosa
[06-Nov-2025 15:17:11 UTC] ATRAPABONO: Conexión a base de datos exitosa
[06-Nov-2025 15:17:11 UTC] ATRAPABONO: Conexión a base de datos exitosa
[06-Nov-2025 15:17:11 UTC] ATRAPABONO: Conexión a base de datos exitosa
[06-Nov-2025 15:17:12 UTC] ATRAPABONO: Conexión a base de datos exitosa
[06-Nov-2025 15:17:15 UTC] ATRAPABONO: Conexión a base de datos exitosa
[06-Nov-2025 15:17:15 UTC] ATRAPABONO: Conexión a base de datos exitosa
[06-Nov-2025 15:17:16 UTC] ATRAPABONO: Conexión a base de datos exitosa
[06-Nov-2025 15:17:24 UTC] ATRAPABONO: Conexión a base de datos exitosa
[06-Nov-2025 15:17:44 UTC] ATRAPABONO: Conexión a base de datos exitosa
[06-Nov-2025 15:18:00 UTC] ATRAPABONO: Conexión a base de datos exitosa
[06-Nov-2025 15:18:07 UTC] ATRAPABONO: Conexión a base de datos exitosa
[06-Nov-2025 15:18:07 UTC] ATRAPABONO: Conexión a base de datos exitosa
[06-Nov-2025 15:18:07 UTC] ATRAPABONO: Conexión a base de datos exitosa
[06-Nov-2025 15:18:08 UTC] ATRAPABONO: Conexión a base de datos exitosa
[06-Nov-2025 15:18:11 UTC] ATRAPABONO: Conexión a base de datos exitosa
[06-Nov-2025 15:18:11 UTC] ATRAPABONO: Conexión a base de datos exitosa
[06-Nov-2025 15:18:11 UTC] ATRAPABONO: Conexión a base de datos exitosa
[06-Nov-2025 15:18:24 UTC] ATRAPABONO: Conexión a base de datos exitosa
[06-Nov-2025 15:18:25 UTC] ATRAPABONO: Conexión a base de datos exitosa
[06-Nov-2025 15:18:29 UTC] ATRAPABONO: Conexión a base de datos exitosa
[06-Nov-2025 15:18:29 UTC] ATRAPABONO: Conexión a base de datos exitosa
[06-Nov-2025 15:18:32 UTC] ATRAPABONO: Conexión a base de datos exitosa
[06-Nov-2025 15:18:40 UTC] ATRAPABONO: Conexión a base de datos exitosa
[06-Nov-2025 15:18:40 UTC] ATRAPABONO: Conexión a base de datos exitosa
[06-Nov-2025 15:18:40 UTC] ATRAPABONO: Conexión a base de datos exitosa
[06-Nov-2025 15:19:54 UTC] ATRAPABONO: Conexión a base de datos exitosa
[06-Nov-2025 15:19:54 UTC] ATRAPABONO: Conexión a base de datos exitosa
[06-Nov-2025 15:20:53 UTC] ATRAPABONO: Conexión a base de datos exitosa
[06-Nov-2025 15:20:53 UTC] ATRAPABONO: Conexión a base de datos exitosa
[06-Nov-2025 15:20:53 UTC] ATRAPABONO: Conexión a base de datos exitosa
[06-Nov-2025 15:23:02 UTC] ATRAPABONO: Conexión a base de datos exitosa
[06-Nov-2025 15:23:02 UTC] ATRAPABONO: Conexión a base de datos exitosa
[06-Nov-2025 15:23:02 UTC] ATRAPABONO: Conexión a base de datos exitosa
[06-Nov-2025 15:23:03 UTC] ATRAPABONO: Conexión a base de datos exitosa
[06-Nov-2025 15:23:10 UTC] ATRAPABONO: Conexión a base de datos exitosa
[06-Nov-2025 15:23:10 UTC] ATRAPABONO: Conexión a base de datos exitosa
[06-Nov-2025 15:23:11 UTC] ATRAPABONO: Conexión a base de datos exitosa
[06-Nov-2025 15:29:31 UTC] ATRAPABONO: Conexión a base de datos exitosa
[06-Nov-2025 15:29:47 UTC] ATRAPABONO: Conexión a base de datos exitosa
[06-Nov-2025 15:29:47 UTC] ATRAPABONO: Conexión a base de datos exitosa
[06-Nov-2025 15:29:47 UTC] ATRAPABONO: Conexión a base de datos exitosa
[06-Nov-2025 15:29:48 UTC] ATRAPABONO: Conexión a base de datos exitosa
[06-Nov-2025 15:29:50 UTC] ATRAPABONO: Conexión a base de datos exitosa
[06-Nov-2025 15:29:51 UTC] ATRAPABONO: Conexión a base de datos exitosa
[06-Nov-2025 15:31:41 UTC] ATRAPABONO: Conexión a base de datos exitosa
[06-Nov-2025 15:31:41 UTC] ATRAPABONO: Conexión a base de datos exitosa
[06-Nov-2025 15:31:41 UTC] ATRAPABONO: Conexión a base de datos exitosa
[06-Nov-2025 15:32:13 UTC] ATRAPABONO: Conexión a base de datos exitosa
[06-Nov-2025 15:32:14 UTC] ATRAPABONO: Conexión a base de datos exitosa
[06-Nov-2025 15:34:44 UTC] ATRAPABONO: Conexión a base de datos exitosa
[06-Nov-2025 15:34:44 UTC] ATRAPABONO: Conexión a base de datos exitosa
[06-Nov-2025 15:34:44 UTC] ATRAPABONO: Conexión a base de datos exitosa
[06-Nov-2025 15:35:23 UTC] ATRAPABONO: Conexión a base de datos exitosa
[06-Nov-2025 15:35:47 UTC] ATRAPABONO: Conexión a base de datos exitosa
[06-Nov-2025 15:35:47 UTC] ATRAPABONO: Conexión a base de datos exitosa
[06-Nov-2025 15:35:47 UTC] ATRAPABONO: Conexión a base de datos exitosa
[06-Nov-2025 15:41:48 UTC] ATRAPABONO: Conexión a base de datos exitosa
[06-Nov-2025 15:41:52 UTC] ATRAPABONO: Conexión a base de datos exitosa
[06-Nov-2025 15:42:11 UTC] ATRAPABONO: Conexión a base de datos exitosa
[06-Nov-2025 15:42:12 UTC] ATRAPABONO: Conexión a base de datos exitosa
[06-Nov-2025 15:42:16 UTC] ATRAPABONO: Conexión a base de datos exitosa
[06-Nov-2025 15:42:16 UTC] ATRAPABONO: Conexión a base de datos exitosa
[06-Nov-2025 15:55:29 UTC] ATRAPABONO: Conexión a base de datos exitosa
[06-Nov-2025 15:57:24 UTC] ATRAPABONO: Conexión a base de datos exitosa
[06-Nov-2025 15:59:49 UTC] ATRAPABONO: Conexión a base de datos exitosa
[06-Nov-2025 15:59:53 UTC] ATRAPABONO: Conexión a base de datos exitosa
[06-Nov-2025 15:59:54 UTC] ATRAPABONO: Conexión a base de datos exitosa
[06-Nov-2025 15:59:54 UTC] ATRAPABONO: Conexión a base de datos exitosa
[06-Nov-2025 15:59:55 UTC] ATRAPABONO: Conexión a base de datos exitosa
[06-Nov-2025 16:11:29 UTC] ATRAPABONO: Conexión a base de datos exitosa
[06-Nov-2025 16:11:34 UTC] ATRAPABONO: Conexión a base de datos exitosa
[06-Nov-2025 16:11:34 UTC] ATRAPABONO: Conexión a base de datos exitosa
[06-Nov-2025 16:11:34 UTC] ATRAPABONO: Conexión a base de datos exitosa
[06-Nov-2025 16:11:35 UTC] ATRAPABONO: Conexión a base de datos exitosa
[06-Nov-2025 16:11:37 UTC] ATRAPABONO: Conexión a base de datos exitosa
[06-Nov-2025 16:11:37 UTC] ATRAPABONO: Conexión a base de datos exitosa
[06-Nov-2025 16:11:37 UTC] ATRAPABONO: Conexión a base de datos exitosa
[06-Nov-2025 16:12:12 UTC] ATRAPABONO: Conexión a base de datos exitosa
[06-Nov-2025 16:12:16 UTC] ATRAPABONO: Conexión a base de datos exitosa
[06-Nov-2025 16:12:16 UTC] ATRAPABONO: Conexión a base de datos exitosa
[06-Nov-2025 16:12:16 UTC] ATRAPABONO: Conexión a base de datos exitosa
[06-Nov-2025 16:12:17 UTC] ATRAPABONO: Conexión a base de datos exitosa
[06-Nov-2025 16:12:27 UTC] ATRAPABONO: Conexión a base de datos exitosa
[06-Nov-2025 16:12:32 UTC] ATRAPABONO: Conexión a base de datos exitosa
[06-Nov-2025 16:12:32 UTC] ATRAPABONO: Conexión a base de datos exitosa
[06-Nov-2025 16:12:32 UTC] ATRAPABONO: Conexión a base de datos exitosa
[06-Nov-2025 16:12:33 UTC] ATRAPABONO: Conexión a base de datos exitosa
[06-Nov-2025 16:12:37 UTC] ATRAPABONO: Conexión a base de datos exitosa
[06-Nov-2025 16:12:37 UTC] ATRAPABONO: Conexión a base de datos exitosa
[06-Nov-2025 16:12:37 UTC] ATRAPABONO: Conexión a base de datos exitosa
[06-Nov-2025 18:27:32 UTC] ATRAPABONO: Conexión a base de datos exitosa
[06-Nov-2025 18:27:32 UTC] ATRAPABONO: Conexión a base de datos exitosa
[06-Nov-2025 18:27:32 UTC] ATRAPABONO: Conexión a base de datos exitosa
[06-Nov-2025 18:27:34 UTC] ATRAPABONO: Conexión a base de datos exitosa
[06-Nov-2025 18:27:35 UTC] ATRAPABONO: Conexión a base de datos exitosa
[06-Nov-2025 18:27:35 UTC] ATRAPABONO: Conexión a base de datos exitosa
[06-Nov-2025 18:27:36 UTC] ATRAPABONO: Conexión a base de datos exitosa
[06-Nov-2025 18:27:39 UTC] ATRAPABONO: Conexión a base de datos exitosa
[06-Nov-2025 18:27:40 UTC] ATRAPABONO: Conexión a base de datos exitosa
[06-Nov-2025 18:27:40 UTC] ATRAPABONO: Conexión a base de datos exitosa
[06-Nov-2025 18:27:40 UTC] ATRAPABONO: Conexión a base de datos exitosa
[06-Nov-2025 18:27:40 UTC] ATRAPABONO: Conexión a base de datos exitosa
[06-Nov-2025 18:27:44 UTC] ATRAPABONO: Conexión a base de datos exitosa
[06-Nov-2025 18:27:45 UTC] ATRAPABONO: Conexión a base de datos exitosa
[06-Nov-2025 18:28:41 UTC] ATRAPABONO: Conexión a base de datos exitosa
[06-Nov-2025 18:28:41 UTC] ATRAPABONO: Conexión a base de datos exitosa
[06-Nov-2025 18:28:41 UTC] ATRAPABONO: Conexión a base de datos exitosa
[06-Nov-2025 18:28:41 UTC] ATRAPABONO: Conexión a base de datos exitosa
[06-Nov-2025 18:30:49 UTC] ATRAPABONO: Conexión a base de datos exitosa
[06-Nov-2025 18:30:50 UTC] ATRAPABONO: Conexión a base de datos exitosa
[06-Nov-2025 18:30:50 UTC] ATRAPABONO: Conexión a base de datos exitosa
[06-Nov-2025 18:30:50 UTC] ATRAPABONO: Conexión a base de datos exitosa
[06-Nov-2025 18:31:01 UTC] ATRAPABONO: Conexión a base de datos exitosa
[06-Nov-2025 18:31:01 UTC] ATRAPABONO: Conexión a base de datos exitosa
[06-Nov-2025 18:31:02 UTC] ATRAPABONO: Conexión a base de datos exitosa
[06-Nov-2025 18:31:02 UTC] ATRAPABONO: Conexión a base de datos exitosa
[06-Nov-2025 18:31:02 UTC] ATRAPABONO: Conexión a base de datos exitosa
[06-Nov-2025 18:31:06 UTC] ATRAPABONO: Conexión a base de datos exitosa
[06-Nov-2025 18:31:06 UTC] ATRAPABONO: Conexión a base de datos exitosa
[06-Nov-2025 18:31:06 UTC] ATRAPABONO: Conexión a base de datos exitosa
[06-Nov-2025 18:31:06 UTC] ATRAPABONO: Conexión a base de datos exitosa
[06-Nov-2025 18:31:06 UTC] ATRAPABONO: Conexión a base de datos exitosa
[06-Nov-2025 18:31:51 UTC] ATRAPABONO: Conexión a base de datos exitosa
[06-Nov-2025 18:32:01 UTC] ATRAPABONO: Conexión a base de datos exitosa
[06-Nov-2025 18:32:04 UTC] ATRAPABONO: Conexión a base de datos exitosa
[06-Nov-2025 18:32:04 UTC] ATRAPABONO: Conexión a base de datos exitosa
[06-Nov-2025 18:32:05 UTC] ATRAPABONO: Conexión a base de datos exitosa
[06-Nov-2025 18:32:05 UTC] ATRAPABONO: Conexión a base de datos exitosa
[06-Nov-2025 18:32:07 UTC] ATRAPABONO: Conexión a base de datos exitosa
[06-Nov-2025 18:32:08 UTC] ATRAPABONO: Conexión a base de datos exitosa
[06-Nov-2025 18:32:08 UTC] ATRAPABONO: Conexión a base de datos exitosa
[06-Nov-2025 18:32:09 UTC] ATRAPABONO: Conexión a base de datos exitosa
[06-Nov-2025 18:32:17 UTC] ATRAPABONO: Conexión a base de datos exitosa
[06-Nov-2025 18:32:22 UTC] ATRAPABONO: Conexión a base de datos exitosa
[06-Nov-2025 18:32:22 UTC] ATRAPABONO: Conexión a base de datos exitosa
[06-Nov-2025 18:32:22 UTC] ATRAPABONO: Conexión a base de datos exitosa
[06-Nov-2025 18:32:22 UTC] ATRAPABONO: Conexión a base de datos exitosa
[06-Nov-2025 18:32:22 UTC] ATRAPABONO: Conexión a base de datos exitosa
[06-Nov-2025 18:32:32 UTC] ATRAPABONO: Conexión a base de datos exitosa
[06-Nov-2025 18:32:32 UTC] ATRAPABONO: Conexión a base de datos exitosa
[06-Nov-2025 18:32:32 UTC] ATRAPABONO: Conexión a base de datos exitosa
[06-Nov-2025 18:32:32 UTC] ATRAPABONO: Conexión a base de datos exitosa
[06-Nov-2025 18:32:32 UTC] ATRAPABONO: Conexión a base de datos exitosa
[06-Nov-2025 18:32:36 UTC] ATRAPABONO: Conexión a base de datos exitosa
[06-Nov-2025 18:32:36 UTC] ATRAPABONO: Conexión a base de datos exitosa
[06-Nov-2025 18:32:36 UTC] ATRAPABONO: Conexión a base de datos exitosa
[06-Nov-2025 18:32:36 UTC] ATRAPABONO: Conexión a base de datos exitosa
[06-Nov-2025 18:32:36 UTC] ATRAPABONO: Conexión a base de datos exitosa
[06-Nov-2025 18:32:38 UTC] ATRAPABONO: Conexión a base de datos exitosa
[06-Nov-2025 18:32:38 UTC] ATRAPABONO: Conexión a base de datos exitosa
[06-Nov-2025 18:32:38 UTC] ATRAPABONO: Conexión a base de datos exitosa
[06-Nov-2025 18:32:38 UTC] ATRAPABONO: Conexión a base de datos exitosa
[06-Nov-2025 18:32:41 UTC] ATRAPABONO: Conexión a base de datos exitosa
[06-Nov-2025 18:32:41 UTC] ATRAPABONO: Conexión a base de datos exitosa
[06-Nov-2025 18:32:41 UTC] ATRAPABONO: Conexión a base de datos exitosa
[06-Nov-2025 18:32:41 UTC] ATRAPABONO: Conexión a base de datos exitosa
[06-Nov-2025 18:32:56 UTC] ATRAPABONO: Conexión a base de datos exitosa
[06-Nov-2025 18:32:56 UTC] ATRAPABONO: Conexión a base de datos exitosa
[06-Nov-2025 18:32:56 UTC] ATRAPABONO: Conexión a base de datos exitosa
[06-Nov-2025 18:32:56 UTC] ATRAPABONO: Conexión a base de datos exitosa
[06-Nov-2025 18:32:56 UTC] ATRAPABONO: Conexión a base de datos exitosa
[06-Nov-2025 18:32:57 UTC] ATRAPABONO: Conexión a base de datos exitosa
[06-Nov-2025 18:32:57 UTC] ATRAPABONO: Conexión a base de datos exitosa
[06-Nov-2025 18:32:57 UTC] ATRAPABONO: Conexión a base de datos exitosa
[06-Nov-2025 18:33:22 UTC] ATRAPABONO: Conexión a base de datos exitosa
[06-Nov-2025 18:33:22 UTC] ATRAPABONO: Conexión a base de datos exitosa
[06-Nov-2025 18:33:22 UTC] ATRAPABONO: Conexión a base de datos exitosa
[06-Nov-2025 18:33:22 UTC] ATRAPABONO: Conexión a base de datos exitosa
[06-Nov-2025 18:33:22 UTC] ATRAPABONO: Conexión a base de datos exitosa
[06-Nov-2025 18:33:23 UTC] ATRAPABONO: Conexión a base de datos exitosa
[06-Nov-2025 18:33:23 UTC] ATRAPABONO: Conexión a base de datos exitosa
[06-Nov-2025 18:33:23 UTC] ATRAPABONO: Conexión a base de datos exitosa
[06-Nov-2025 18:33:23 UTC] ATRAPABONO: Conexión a base de datos exitosa
[06-Nov-2025 18:33:24 UTC] ATRAPABONO: Conexión a base de datos exitosa
[06-Nov-2025 18:33:24 UTC] ATRAPABONO: Conexión a base de datos exitosa
[06-Nov-2025 18:33:24 UTC] ATRAPABONO: Conexión a base de datos exitosa
[06-Nov-2025 18:33:25 UTC] ATRAPABONO: Conexión a base de datos exitosa
[06-Nov-2025 18:33:25 UTC] ATRAPABONO: Conexión a base de datos exitosa
[06-Nov-2025 18:33:25 UTC] ATRAPABONO: Conexión a base de datos exitosa
[06-Nov-2025 18:33:25 UTC] ATRAPABONO: Conexión a base de datos exitosa
[06-Nov-2025 18:33:36 UTC] ATRAPABONO: Conexión a base de datos exitosa
[06-Nov-2025 18:33:36 UTC] ATRAPABONO: Conexión a base de datos exitosa
[06-Nov-2025 18:33:36 UTC] ATRAPABONO: Conexión a base de datos exitosa
[06-Nov-2025 18:33:36 UTC] ATRAPABONO: Conexión a base de datos exitosa
[06-Nov-2025 18:33:37 UTC] ATRAPABONO: Conexión a base de datos exitosa
[06-Nov-2025 18:33:37 UTC] ATRAPABONO: Conexión a base de datos exitosa
[06-Nov-2025 18:33:37 UTC] ATRAPABONO: Conexión a base de datos exitosa
[06-Nov-2025 18:33:37 UTC] ATRAPABONO: Conexión a base de datos exitosa
[06-Nov-2025 18:33:38 UTC] ATRAPABONO: Conexión a base de datos exitosa
[06-Nov-2025 18:33:38 UTC] ATRAPABONO: Conexión a base de datos exitosa
[06-Nov-2025 18:33:38 UTC] ATRAPABONO: Conexión a base de datos exitosa
[06-Nov-2025 18:33:38 UTC] ATRAPABONO: Conexión a base de datos exitosa
[06-Nov-2025 18:33:39 UTC] ATRAPABONO: Conexión a base de datos exitosa
[06-Nov-2025 18:33:39 UTC] ATRAPABONO: Conexión a base de datos exitosa
[06-Nov-2025 18:33:39 UTC] ATRAPABONO: Conexión a base de datos exitosa
[06-Nov-2025 18:33:39 UTC] ATRAPABONO: Conexión a base de datos exitosa
[06-Nov-2025 18:34:39 UTC] ATRAPABONO: Conexión a base de datos exitosa
[06-Nov-2025 18:34:52 UTC] ATRAPABONO: Conexión a base de datos exitosa
[06-Nov-2025 18:34:52 UTC] ATRAPABONO: Conexión a base de datos exitosa
[06-Nov-2025 18:34:52 UTC] ATRAPABONO: Conexión a base de datos exitosa
[06-Nov-2025 18:34:53 UTC] ATRAPABONO: Conexión a base de datos exitosa
[06-Nov-2025 18:34:54 UTC] ATRAPABONO: Conexión a base de datos exitosa
[06-Nov-2025 18:34:55 UTC] ATRAPABONO: Conexión a base de datos exitosa
[06-Nov-2025 18:34:55 UTC] ATRAPABONO: Conexión a base de datos exitosa
[06-Nov-2025 18:34:56 UTC] ATRAPABONO: Conexión a base de datos exitosa
[06-Nov-2025 18:34:56 UTC] ATRAPABONO: Conexión a base de datos exitosa
[06-Nov-2025 18:34:56 UTC] ATRAPABONO: Conexión a base de datos exitosa
[06-Nov-2025 18:34:57 UTC] ATRAPABONO: Conexión a base de datos exitosa
[06-Nov-2025 18:34:58 UTC] ATRAPABONO: Conexión a base de datos exitosa
[06-Nov-2025 18:34:58 UTC] ATRAPABONO: Conexión a base de datos exitosa
[06-Nov-2025 18:34:59 UTC] ATRAPABONO: Conexión a base de datos exitosa
[06-Nov-2025 18:35:05 UTC] ATRAPABONO: Conexión a base de datos exitosa
[06-Nov-2025 18:35:32 UTC] ATRAPABONO: Conexión a base de datos exitosa
[06-Nov-2025 18:35:32 UTC] ATRAPABONO: Conexión a base de datos exitosa
[06-Nov-2025 18:35:32 UTC] ATRAPABONO: Conexión a base de datos exitosa
[06-Nov-2025 18:35:32 UTC] ATRAPABONO: Conexión a base de datos exitosa
[06-Nov-2025 18:35:32 UTC] ATRAPABONO: Conexión a base de datos exitosa
[06-Nov-2025 18:35:35 UTC] ATRAPABONO: Conexión a base de datos exitosa
[06-Nov-2025 18:35:35 UTC] ATRAPABONO: Conexión a base de datos exitosa
[06-Nov-2025 18:35:35 UTC] ATRAPABONO: Conexión a base de datos exitosa
[06-Nov-2025 18:35:35 UTC] ATRAPABONO: Conexión a base de datos exitosa
[06-Nov-2025 18:35:37 UTC] ATRAPABONO: Conexión a base de datos exitosa
[06-Nov-2025 18:35:38 UTC] ATRAPABONO: Conexión a base de datos exitosa
[06-Nov-2025 18:35:38 UTC] ATRAPABONO: Conexión a base de datos exitosa
[06-Nov-2025 18:35:38 UTC] ATRAPABONO: Conexión a base de datos exitosa
[06-Nov-2025 18:35:38 UTC] ATRAPABONO: Conexión a base de datos exitosa
[06-Nov-2025 18:35:39 UTC] ATRAPABONO: Conexión a base de datos exitosa
[06-Nov-2025 18:35:40 UTC] ATRAPABONO: Conexión a base de datos exitosa
[06-Nov-2025 18:35:41 UTC] ATRAPABONO: Conexión a base de datos exitosa
[06-Nov-2025 18:35:41 UTC] ATRAPABONO: Conexión a base de datos exitosa
[06-Nov-2025 18:35:41 UTC] ATRAPABONO: Conexión a base de datos exitosa
[06-Nov-2025 18:36:13 UTC] ATRAPABONO: Conexión a base de datos exitosa
[06-Nov-2025 18:36:14 UTC] ATRAPABONO: Conexión a base de datos exitosa
[06-Nov-2025 18:36:14 UTC] ATRAPABONO: Conexión a base de datos exitosa
[06-Nov-2025 18:36:14 UTC] ATRAPABONO: Conexión a base de datos exitosa
[06-Nov-2025 18:36:15 UTC] ATRAPABONO: Conexión a base de datos exitosa
[06-Nov-2025 18:36:18 UTC] ATRAPABONO: Conexión a base de datos exitosa
[06-Nov-2025 18:36:18 UTC] ATRAPABONO: Conexión a base de datos exitosa
[06-Nov-2025 18:36:19 UTC] ATRAPABONO: Conexión a base de datos exitosa
[06-Nov-2025 18:36:21 UTC] ATRAPABONO: Conexión a base de datos exitosa
[06-Nov-2025 18:36:21 UTC] ATRAPABONO: Conexión a base de datos exitosa
[06-Nov-2025 18:36:21 UTC] ATRAPABONO: Conexión a base de datos exitosa
[06-Nov-2025 18:36:36 UTC] ATRAPABONO: Conexión a base de datos exitosa
[06-Nov-2025 18:36:37 UTC] ATRAPABONO: Conexión a base de datos exitosa
[06-Nov-2025 18:36:37 UTC] ATRAPABONO: Conexión a base de datos exitosa
[06-Nov-2025 18:36:37 UTC] ATRAPABONO: Conexión a base de datos exitosa
[06-Nov-2025 18:36:38 UTC] ATRAPABONO: Conexión a base de datos exitosa
[06-Nov-2025 18:36:38 UTC] ATRAPABONO: Conexión a base de datos exitosa
[06-Nov-2025 18:36:38 UTC] ATRAPABONO: Conexión a base de datos exitosa
[06-Nov-2025 18:36:39 UTC] ATRAPABONO: Conexión a base de datos exitosa
[06-Nov-2025 18:36:39 UTC] ATRAPABONO: Conexión a base de datos exitosa
[06-Nov-2025 18:36:39 UTC] ATRAPABONO: Conexión a base de datos exitosa
[06-Nov-2025 18:36:39 UTC] ATRAPABONO: Conexión a base de datos exitosa
[06-Nov-2025 18:36:39 UTC] ATRAPABONO: Conexión a base de datos exitosa
[06-Nov-2025 18:36:39 UTC] ATRAPABONO: Conexión a base de datos exitosa
[06-Nov-2025 18:36:40 UTC] ATRAPABONO: Conexión a base de datos exitosa
[06-Nov-2025 18:36:40 UTC] ATRAPABONO: Conexión a base de datos exitosa
[06-Nov-2025 18:36:40 UTC] ATRAPABONO: Conexión a base de datos exitosa
[06-Nov-2025 18:36:40 UTC] ATRAPABONO: Conexión a base de datos exitosa
[06-Nov-2025 18:36:40 UTC] ATRAPABONO: Conexión a base de datos exitosa
[06-Nov-2025 18:36:40 UTC] ATRAPABONO: Conexión a base de datos exitosa
[06-Nov-2025 18:36:40 UTC] ATRAPABONO: Conexión a base de datos exitosa
[06-Nov-2025 18:36:40 UTC] ATRAPABONO: Conexión a base de datos exitosa
[06-Nov-2025 18:36:40 UTC] ATRAPABONO: Conexión a base de datos exitosa
[06-Nov-2025 18:36:48 UTC] ATRAPABONO: Conexión a base de datos exitosa
[06-Nov-2025 18:36:48 UTC] ATRAPABONO: Conexión a base de datos exitosa
[06-Nov-2025 18:36:48 UTC] ATRAPABONO: Conexión a base de datos exitosa
[06-Nov-2025 18:36:49 UTC] ATRAPABONO: Conexión a base de datos exitosa
[06-Nov-2025 18:36:49 UTC] ATRAPABONO: Conexión a base de datos exitosa
[06-Nov-2025 18:36:49 UTC] ATRAPABONO: Conexión a base de datos exitosa
[06-Nov-2025 18:36:56 UTC] ATRAPABONO: Conexión a base de datos exitosa
[06-Nov-2025 18:36:56 UTC] ATRAPABONO: Conexión a base de datos exitosa
[06-Nov-2025 18:36:56 UTC] ATRAPABONO: Conexión a base de datos exitosa
[06-Nov-2025 18:36:56 UTC] ATRAPABONO: Conexión a base de datos exitosa
[06-Nov-2025 18:36:57 UTC] ATRAPABONO: Conexión a base de datos exitosa
[06-Nov-2025 18:37:03 UTC] ATRAPABONO: Conexión a base de datos exitosa
[06-Nov-2025 18:37:03 UTC] ATRAPABONO: Conexión a base de datos exitosa
[06-Nov-2025 18:37:03 UTC] ATRAPABONO: Conexión a base de datos exitosa
[06-Nov-2025 18:37:04 UTC] ATRAPABONO: Conexión a base de datos exitosa
[06-Nov-2025 18:37:04 UTC] ATRAPABONO: Conexión a base de datos exitosa
[06-Nov-2025 18:37:04 UTC] ATRAPABONO: Conexión a base de datos exitosa
[06-Nov-2025 18:37:05 UTC] ATRAPABONO: Conexión a base de datos exitosa
[06-Nov-2025 18:37:06 UTC] ATRAPABONO: Conexión a base de datos exitosa
[06-Nov-2025 18:37:06 UTC] ATRAPABONO: Conexión a base de datos exitosa
[06-Nov-2025 18:37:06 UTC] ATRAPABONO: Conexión a base de datos exitosa
[06-Nov-2025 18:37:07 UTC] ATRAPABONO: Conexión a base de datos exitosa
[06-Nov-2025 18:37:11 UTC] ATRAPABONO: Conexión a base de datos exitosa
[06-Nov-2025 18:37:11 UTC] ATRAPABONO: Conexión a base de datos exitosa
[06-Nov-2025 18:37:12 UTC] ATRAPABONO: Conexión a base de datos exitosa
[06-Nov-2025 18:37:13 UTC] ATRAPABONO: Conexión a base de datos exitosa
[06-Nov-2025 18:37:18 UTC] ATRAPABONO: Conexión a base de datos exitosa
[06-Nov-2025 18:37:18 UTC] ATRAPABONO: Conexión a base de datos exitosa
[06-Nov-2025 18:37:18 UTC] ATRAPABONO: Conexión a base de datos exitosa
[06-Nov-2025 18:37:18 UTC] ATRAPABONO: Conexión a base de datos exitosa
[06-Nov-2025 18:37:18 UTC] ATRAPABONO: Conexión a base de datos exitosa
[06-Nov-2025 18:37:24 UTC] ATRAPABONO: Conexión a base de datos exitosa
[06-Nov-2025 18:37:24 UTC] ATRAPABONO: Conexión a base de datos exitosa
[06-Nov-2025 18:37:24 UTC] ATRAPABONO: Conexión a base de datos exitosa
[06-Nov-2025 18:37:24 UTC] ATRAPABONO: Conexión a base de datos exitosa
[06-Nov-2025 18:37:25 UTC] ATRAPABONO: Conexión a base de datos exitosa
[06-Nov-2025 18:37:25 UTC] ATRAPABONO: Conexión a base de datos exitosa
[06-Nov-2025 18:37:25 UTC] ATRAPABONO: Conexión a base de datos exitosa
[06-Nov-2025 18:37:26 UTC] ATRAPABONO: Conexión a base de datos exitosa
[06-Nov-2025 18:37:26 UTC] ATRAPABONO: Conexión a base de datos exitosa
[06-Nov-2025 18:37:26 UTC] ATRAPABONO: Conexión a base de datos exitosa
[06-Nov-2025 18:37:26 UTC] ATRAPABONO: Conexión a base de datos exitosa
[06-Nov-2025 18:37:26 UTC] ATRAPABONO: Conexión a base de datos exitosa
[06-Nov-2025 18:37:26 UTC] ATRAPABONO: Conexión a base de datos exitosa
[06-Nov-2025 18:37:27 UTC] ATRAPABONO: Conexión a base de datos exitosa
[06-Nov-2025 18:37:27 UTC] ATRAPABONO: Conexión a base de datos exitosa
[06-Nov-2025 18:37:27 UTC] ATRAPABONO: Conexión a base de datos exitosa
[06-Nov-2025 18:37:46 UTC] ATRAPABONO: Conexión a base de datos exitosa
[06-Nov-2025 18:47:43 UTC] ATRAPABONO: Conexión a base de datos exitosa
[06-Nov-2025 18:47:43 UTC] PHP Fatal error:  Uncaught Error: Call to undefined function get_db_connection() in C:\laragon\www\landing_atrapabono\services\forgot_password.php:33
Stack trace:
#0 {main}
  thrown in C:\laragon\www\landing_atrapabono\services\forgot_password.php on line 33
[06-Nov-2025 18:48:07 UTC] ATRAPABONO: Conexión a base de datos exitosa
[06-Nov-2025 18:48:07 UTC] ATRAPABONO: Conexión a base de datos exitosa
[06-Nov-2025 18:48:07 UTC] ATRAPABONO: Conexión a base de datos exitosa
[06-Nov-2025 18:48:07 UTC] ATRAPABONO: Conexión a base de datos exitosa
[06-Nov-2025 18:48:07 UTC] ATRAPABONO: Conexión a base de datos exitosa
[06-Nov-2025 18:48:09 UTC] ATRAPABONO: Conexión a base de datos exitosa
[06-Nov-2025 18:48:13 UTC] ATRAPABONO: Conexión a base de datos exitosa
[06-Nov-2025 18:48:13 UTC] ATRAPABONO: Conexión a base de datos exitosa
[06-Nov-2025 18:48:13 UTC] ATRAPABONO: Conexión a base de datos exitosa
[06-Nov-2025 18:48:14 UTC] ATRAPABONO: Conexión a base de datos exitosa
[06-Nov-2025 18:48:20 UTC] ATRAPABONO: Conexión a base de datos exitosa
[06-Nov-2025 18:48:20 UTC] ATRAPABONO: Conexión a base de datos exitosa
[06-Nov-2025 18:48:21 UTC] ATRAPABONO: Conexión a base de datos exitosa
[06-Nov-2025 18:48:21 UTC] ATRAPABONO: Conexión a base de datos exitosa
[06-Nov-2025 18:48:22 UTC] ATRAPABONO: Conexión a base de datos exitosa
[06-Nov-2025 18:48:22 UTC] ATRAPABONO: Conexión a base de datos exitosa
[06-Nov-2025 18:48:23 UTC] ATRAPABONO: Conexión a base de datos exitosa
[06-Nov-2025 18:48:23 UTC] ATRAPABONO: Conexión a base de datos exitosa
[06-Nov-2025 18:48:24 UTC] ATRAPABONO: Conexión a base de datos exitosa
[06-Nov-2025 18:48:24 UTC] ATRAPABONO: Conexión a base de datos exitosa
[06-Nov-2025 18:48:26 UTC] ATRAPABONO: Conexión a base de datos exitosa
[06-Nov-2025 18:48:32 UTC] ATRAPABONO: Conexión a base de datos exitosa
[06-Nov-2025 18:48:32 UTC] ATRAPABONO: Conexión a base de datos exitosa
[06-Nov-2025 18:48:33 UTC] ATRAPABONO: Conexión a base de datos exitosa
[06-Nov-2025 18:48:37 UTC] ATRAPABONO: Conexión a base de datos exitosa
[06-Nov-2025 18:48:42 UTC] ATRAPABONO: Conexión a base de datos exitosa
[06-Nov-2025 18:48:42 UTC] ATRAPABONO: Conexión a base de datos exitosa
[06-Nov-2025 18:48:42 UTC] ATRAPABONO: Conexión a base de datos exitosa
[06-Nov-2025 18:48:42 UTC] ATRAPABONO: Conexión a base de datos exitosa
[06-Nov-2025 18:48:42 UTC] ATRAPABONO: Conexión a base de datos exitosa
[06-Nov-2025 18:48:58 UTC] ATRAPABONO: Conexión a base de datos exitosa
[06-Nov-2025 18:49:03 UTC] ATRAPABONO: Conexión a base de datos exitosa
[06-Nov-2025 18:49:03 UTC] ATRAPABONO: Conexión a base de datos exitosa
[06-Nov-2025 18:49:03 UTC] ATRAPABONO: Conexión a base de datos exitosa
[06-Nov-2025 18:49:04 UTC] ATRAPABONO: Conexión a base de datos exitosa
[06-Nov-2025 18:49:16 UTC] ATRAPABONO: Conexión a base de datos exitosa
[06-Nov-2025 18:49:16 UTC] ATRAPABONO: Conexión a base de datos exitosa
[06-Nov-2025 18:49:17 UTC] ATRAPABONO: Conexión a base de datos exitosa
[06-Nov-2025 18:49:27 UTC] ATRAPABONO: Conexión a base de datos exitosa
[06-Nov-2025 18:49:27 UTC] ATRAPABONO: Conexión a base de datos exitosa
[06-Nov-2025 18:49:28 UTC] ATRAPABONO: Conexión a base de datos exitosa
[06-Nov-2025 18:49:40 UTC] ATRAPABONO: Conexión a base de datos exitosa
[06-Nov-2025 18:49:40 UTC] ATRAPABONO: Conexión a base de datos exitosa
[06-Nov-2025 18:49:41 UTC] ATRAPABONO: Conexión a base de datos exitosa
[06-Nov-2025 18:49:57 UTC] ATRAPABONO: Conexión a base de datos exitosa
[06-Nov-2025 18:49:57 UTC] ATRAPABONO: Conexión a base de datos exitosa
[06-Nov-2025 18:49:58 UTC] ATRAPABONO: Conexión a base de datos exitosa
[06-Nov-2025 18:50:05 UTC] ATRAPABONO: Conexión a base de datos exitosa
[06-Nov-2025 18:50:05 UTC] ATRAPABONO: Conexión a base de datos exitosa
[06-Nov-2025 18:50:06 UTC] ATRAPABONO: Conexión a base de datos exitosa
[06-Nov-2025 18:50:07 UTC] ATRAPABONO: Conexión a base de datos exitosa
[06-Nov-2025 18:50:07 UTC] ATRAPABONO: Conexión a base de datos exitosa
[06-Nov-2025 18:50:08 UTC] ATRAPABONO: Conexión a base de datos exitosa
[06-Nov-2025 18:50:08 UTC] ATRAPABONO: Conexión a base de datos exitosa
[06-Nov-2025 18:50:08 UTC] ATRAPABONO: Conexión a base de datos exitosa
[06-Nov-2025 18:50:09 UTC] ATRAPABONO: Conexión a base de datos exitosa
[06-Nov-2025 18:50:12 UTC] ATRAPABONO: Conexión a base de datos exitosa
[06-Nov-2025 18:50:12 UTC] ATRAPABONO: Conexión a base de datos exitosa
[06-Nov-2025 18:50:12 UTC] ATRAPABONO: Conexión a base de datos exitosa
[06-Nov-2025 18:50:13 UTC] ATRAPABONO: Conexión a base de datos exitosa
[06-Nov-2025 18:50:13 UTC] ATRAPABONO: Conexión a base de datos exitosa
[06-Nov-2025 18:50:14 UTC] ATRAPABONO: Conexión a base de datos exitosa
[06-Nov-2025 18:50:18 UTC] ATRAPABONO: Conexión a base de datos exitosa
[06-Nov-2025 18:50:23 UTC] ATRAPABONO: Conexión a base de datos exitosa
[06-Nov-2025 18:50:23 UTC] ATRAPABONO: Conexión a base de datos exitosa
[06-Nov-2025 18:50:24 UTC] ATRAPABONO: Conexión a base de datos exitosa
[06-Nov-2025 18:50:24 UTC] ATRAPABONO: Conexión a base de datos exitosa
[06-Nov-2025 18:50:24 UTC] ATRAPABONO: Conexión a base de datos exitosa
[06-Nov-2025 18:50:34 UTC] ATRAPABONO: Conexión a base de datos exitosa
[06-Nov-2025 18:50:34 UTC] ATRAPABONO: Conexión a base de datos exitosa
[06-Nov-2025 18:50:35 UTC] ATRAPABONO: Conexión a base de datos exitosa
[06-Nov-2025 18:50:35 UTC] ATRAPABONO: Conexión a base de datos exitosa
[06-Nov-2025 18:50:35 UTC] ATRAPABONO: Conexión a base de datos exitosa
[06-Nov-2025 18:50:42 UTC] ATRAPABONO: Conexión a base de datos exitosa
[06-Nov-2025 18:50:43 UTC] ATRAPABONO: Conexión a base de datos exitosa
[06-Nov-2025 18:50:43 UTC] ATRAPABONO: Conexión a base de datos exitosa
[06-Nov-2025 18:50:44 UTC] ATRAPABONO: Conexión a base de datos exitosa
[06-Nov-2025 18:50:45 UTC] ATRAPABONO: Conexión a base de datos exitosa
[06-Nov-2025 18:50:45 UTC] ATRAPABONO: Conexión a base de datos exitosa
[06-Nov-2025 18:50:46 UTC] ATRAPABONO: Conexión a base de datos exitosa
[06-Nov-2025 18:52:10 UTC] ATRAPABONO: Conexión a base de datos exitosa
[06-Nov-2025 18:52:10 UTC] ATRAPABONO: Conexión a base de datos exitosa
[06-Nov-2025 18:52:11 UTC] ATRAPABONO: Conexión a base de datos exitosa
[06-Nov-2025 18:52:15 UTC] ATRAPABONO: Conexión a base de datos exitosa
[06-Nov-2025 18:52:19 UTC] ATRAPABONO: Conexión a base de datos exitosa
[06-Nov-2025 18:52:19 UTC] ATRAPABONO: Conexión a base de datos exitosa
[06-Nov-2025 18:52:19 UTC] ATRAPABONO: Conexión a base de datos exitosa
[06-Nov-2025 18:52:19 UTC] ATRAPABONO: Conexión a base de datos exitosa
[06-Nov-2025 18:52:19 UTC] ATRAPABONO: Conexión a base de datos exitosa
[06-Nov-2025 18:52:29 UTC] ATRAPABONO: Conexión a base de datos exitosa
[06-Nov-2025 18:52:29 UTC] ATRAPABONO: Conexión a base de datos exitosa
[06-Nov-2025 18:52:29 UTC] ATRAPABONO: Conexión a base de datos exitosa
[06-Nov-2025 18:52:29 UTC] ATRAPABONO: Conexión a base de datos exitosa
[06-Nov-2025 18:52:35 UTC] ATRAPABONO: Conexión a base de datos exitosa
[06-Nov-2025 18:52:35 UTC] ATRAPABONO: Conexión a base de datos exitosa
[06-Nov-2025 18:52:36 UTC] ATRAPABONO: Conexión a base de datos exitosa
[06-Nov-2025 18:52:36 UTC] ATRAPABONO: Conexión a base de datos exitosa
[06-Nov-2025 18:53:45 UTC] ATRAPABONO: Conexión a base de datos exitosa
[06-Nov-2025 18:53:45 UTC] ATRAPABONO: Conexión a base de datos exitosa
[06-Nov-2025 18:53:46 UTC] ATRAPABONO: Conexión a base de datos exitosa
[06-Nov-2025 18:53:46 UTC] ATRAPABONO: Conexión a base de datos exitosa
[06-Nov-2025 18:54:22 UTC] ATRAPABONO: Conexión a base de datos exitosa
[06-Nov-2025 18:54:23 UTC] ATRAPABONO: Conexión a base de datos exitosa
[06-Nov-2025 18:54:24 UTC] ATRAPABONO: Conexión a base de datos exitosa
[06-Nov-2025 18:54:24 UTC] ATRAPABONO: Conexión a base de datos exitosa
[06-Nov-2025 18:54:24 UTC] ATRAPABONO: Conexión a base de datos exitosa
[06-Nov-2025 18:55:17 UTC] ATRAPABONO: Conexión a base de datos exitosa
[06-Nov-2025 18:55:17 UTC] ATRAPABONO: Conexión a base de datos exitosa
[06-Nov-2025 18:55:17 UTC] ATRAPABONO: Conexión a base de datos exitosa
[06-Nov-2025 18:55:17 UTC] ATRAPABONO: Conexión a base de datos exitosa
[06-Nov-2025 18:56:11 UTC] ATRAPABONO: Conexión a base de datos exitosa
[06-Nov-2025 18:56:11 UTC] ATRAPABONO: Conexión a base de datos exitosa
[06-Nov-2025 18:56:11 UTC] ATRAPABONO: Conexión a base de datos exitosa
[06-Nov-2025 18:56:11 UTC] ATRAPABONO: Conexión a base de datos exitosa
[06-Nov-2025 18:56:19 UTC] ATRAPABONO: Conexión a base de datos exitosa
[06-Nov-2025 18:57:02 UTC] ATRAPABONO: Conexión a base de datos exitosa
[06-Nov-2025 18:57:15 UTC] ATRAPABONO: Conexión a base de datos exitosa
[06-Nov-2025 18:57:20 UTC] ATRAPABONO: Conexión a base de datos exitosa
[06-Nov-2025 19:03:52 UTC] ATRAPABONO: Conexión a base de datos exitosa
[06-Nov-2025 19:03:52 UTC] ATRAPABONO: Conexión a base de datos exitosa
[06-Nov-2025 19:03:52 UTC] ATRAPABONO: Conexión a base de datos exitosa
[06-Nov-2025 19:03:53 UTC] ATRAPABONO: Conexión a base de datos exitosa
[06-Nov-2025 19:03:53 UTC] ATRAPABONO: Conexión a base de datos exitosa
[06-Nov-2025 19:05:47 UTC] ATRAPABONO: Conexión a base de datos exitosa
[06-Nov-2025 19:05:47 UTC] ATRAPABONO: Conexión a base de datos exitosa
[06-Nov-2025 19:05:47 UTC] ATRAPABONO: Conexión a base de datos exitosa
[06-Nov-2025 19:05:47 UTC] ATRAPABONO: Conexión a base de datos exitosa
[06-Nov-2025 19:05:47 UTC] ATRAPABONO: Conexión a base de datos exitosa
[06-Nov-2025 19:05:51 UTC] ATRAPABONO: Conexión a base de datos exitosa
[06-Nov-2025 19:05:52 UTC] ATRAPABONO: Conexión a base de datos exitosa
[06-Nov-2025 19:05:52 UTC] ATRAPABONO: Conexión a base de datos exitosa
[06-Nov-2025 19:05:52 UTC] ATRAPABONO: Conexión a base de datos exitosa
[06-Nov-2025 19:06:31 UTC] ATRAPABONO: Conexión a base de datos exitosa
[06-Nov-2025 19:06:32 UTC] ATRAPABONO: Conexión a base de datos exitosa
[06-Nov-2025 19:06:32 UTC] ATRAPABONO: Conexión a base de datos exitosa
[06-Nov-2025 19:06:32 UTC] ATRAPABONO: Conexión a base de datos exitosa
[06-Nov-2025 19:07:15 UTC] ATRAPABONO: Conexión a base de datos exitosa
[06-Nov-2025 19:07:15 UTC] ATRAPABONO: Conexión a base de datos exitosa
[06-Nov-2025 19:07:16 UTC] ATRAPABONO: Conexión a base de datos exitosa
[06-Nov-2025 19:07:16 UTC] ATRAPABONO: Conexión a base de datos exitosa
[06-Nov-2025 19:07:24 UTC] ATRAPABONO: Conexión a base de datos exitosa
[06-Nov-2025 19:07:24 UTC] ATRAPABONO: Conexión a base de datos exitosa
[06-Nov-2025 19:07:24 UTC] ATRAPABONO: Conexión a base de datos exitosa
[06-Nov-2025 19:07:24 UTC] ATRAPABONO: Conexión a base de datos exitosa
[06-Nov-2025 19:08:13 UTC] ATRAPABONO: Conexión a base de datos exitosa
[06-Nov-2025 19:08:13 UTC] ATRAPABONO: Conexión a base de datos exitosa
[06-Nov-2025 19:08:13 UTC] ATRAPABONO: Conexión a base de datos exitosa
[06-Nov-2025 19:08:13 UTC] ATRAPABONO: Conexión a base de datos exitosa
[06-Nov-2025 19:08:56 UTC] ATRAPABONO: Conexión a base de datos exitosa
[06-Nov-2025 19:08:56 UTC] ATRAPABONO: Conexión a base de datos exitosa
[06-Nov-2025 19:08:56 UTC] ATRAPABONO: Conexión a base de datos exitosa
[06-Nov-2025 19:08:56 UTC] ATRAPABONO: Conexión a base de datos exitosa
[06-Nov-2025 19:08:59 UTC] ATRAPABONO: Conexión a base de datos exitosa
[06-Nov-2025 19:08:59 UTC] ATRAPABONO: Conexión a base de datos exitosa
[06-Nov-2025 19:08:59 UTC] ATRAPABONO: Conexión a base de datos exitosa
[06-Nov-2025 19:08:59 UTC] ATRAPABONO: Conexión a base de datos exitosa
[06-Nov-2025 19:09:02 UTC] ATRAPABONO: Conexión a base de datos exitosa
[06-Nov-2025 19:09:02 UTC] ATRAPABONO: Conexión a base de datos exitosa
[06-Nov-2025 19:09:02 UTC] ATRAPABONO: Conexión a base de datos exitosa
[06-Nov-2025 19:09:02 UTC] ATRAPABONO: Conexión a base de datos exitosa
[06-Nov-2025 19:09:29 UTC] ATRAPABONO: Conexión a base de datos exitosa
[06-Nov-2025 19:09:29 UTC] ATRAPABONO: Conexión a base de datos exitosa
[06-Nov-2025 19:09:29 UTC] ATRAPABONO: Conexión a base de datos exitosa
[06-Nov-2025 19:09:29 UTC] ATRAPABONO: Conexión a base de datos exitosa
[06-Nov-2025 19:10:06 UTC] ATRAPABONO: Conexión a base de datos exitosa
[06-Nov-2025 19:10:06 UTC] ATRAPABONO: Conexión a base de datos exitosa
[06-Nov-2025 19:10:06 UTC] ATRAPABONO: Conexión a base de datos exitosa
[06-Nov-2025 19:10:06 UTC] ATRAPABONO: Conexión a base de datos exitosa
[06-Nov-2025 19:10:29 UTC] ATRAPABONO: Conexión a base de datos exitosa
[06-Nov-2025 19:10:30 UTC] ATRAPABONO: Conexión a base de datos exitosa
[06-Nov-2025 19:10:38 UTC] ATRAPABONO: Conexión a base de datos exitosa
[06-Nov-2025 19:10:40 UTC] ATRAPABONO: Conexión a base de datos exitosa
[06-Nov-2025 19:10:40 UTC] ATRAPABONO: Conexión a base de datos exitosa
[06-Nov-2025 19:10:40 UTC] ATRAPABONO: Conexión a base de datos exitosa
[06-Nov-2025 19:10:40 UTC] ATRAPABONO: Conexión a base de datos exitosa
[06-Nov-2025 19:11:17 UTC] ATRAPABONO: Conexión a base de datos exitosa
[06-Nov-2025 19:11:17 UTC] ATRAPABONO: Conexión a base de datos exitosa
[06-Nov-2025 19:11:17 UTC] ATRAPABONO: Conexión a base de datos exitosa
[06-Nov-2025 19:11:17 UTC] ATRAPABONO: Conexión a base de datos exitosa
[06-Nov-2025 19:11:49 UTC] ATRAPABONO: Conexión a base de datos exitosa
[06-Nov-2025 19:11:50 UTC] ATRAPABONO: Conexión a base de datos exitosa
[06-Nov-2025 19:11:50 UTC] ATRAPABONO: Conexión a base de datos exitosa
[06-Nov-2025 19:11:50 UTC] ATRAPABONO: Conexión a base de datos exitosa
[06-Nov-2025 19:12:25 UTC] ATRAPABONO: Conexión a base de datos exitosa
[06-Nov-2025 19:12:25 UTC] ATRAPABONO: Conexión a base de datos exitosa
[06-Nov-2025 19:12:25 UTC] ATRAPABONO: Conexión a base de datos exitosa
[06-Nov-2025 19:12:25 UTC] ATRAPABONO: Conexión a base de datos exitosa
[06-Nov-2025 19:13:23 UTC] ATRAPABONO: Conexión a base de datos exitosa
[06-Nov-2025 19:13:23 UTC] ATRAPABONO: Conexión a base de datos exitosa
[06-Nov-2025 19:13:24 UTC] ATRAPABONO: Conexión a base de datos exitosa
[06-Nov-2025 19:13:24 UTC] ATRAPABONO: Conexión a base de datos exitosa
[06-Nov-2025 19:14:07 UTC] ATRAPABONO: Conexión a base de datos exitosa
[06-Nov-2025 19:14:08 UTC] ATRAPABONO: Conexión a base de datos exitosa
[06-Nov-2025 19:14:08 UTC] ATRAPABONO: Conexión a base de datos exitosa
[06-Nov-2025 19:14:08 UTC] ATRAPABONO: Conexión a base de datos exitosa
[06-Nov-2025 19:14:40 UTC] ATRAPABONO: Conexión a base de datos exitosa
[06-Nov-2025 19:14:40 UTC] ATRAPABONO: Conexión a base de datos exitosa
[06-Nov-2025 19:14:40 UTC] ATRAPABONO: Conexión a base de datos exitosa
[06-Nov-2025 19:14:40 UTC] ATRAPABONO: Conexión a base de datos exitosa
[06-Nov-2025 19:15:07 UTC] ATRAPABONO: Conexión a base de datos exitosa
[06-Nov-2025 19:15:24 UTC] ATRAPABONO: Conexión a base de datos exitosa
[06-Nov-2025 19:15:24 UTC] ATRAPABONO: Conexión a base de datos exitosa
[06-Nov-2025 19:15:25 UTC] ATRAPABONO: Conexión a base de datos exitosa
[06-Nov-2025 19:15:25 UTC] ATRAPABONO: Conexión a base de datos exitosa
[06-Nov-2025 19:15:30 UTC] ATRAPABONO: Conexión a base de datos exitosa
[06-Nov-2025 19:16:13 UTC] ATRAPABONO: Conexión a base de datos exitosa
[06-Nov-2025 19:16:13 UTC] ATRAPABONO: Conexión a base de datos exitosa
[06-Nov-2025 19:16:14 UTC] ATRAPABONO: Conexión a base de datos exitosa
[06-Nov-2025 19:16:14 UTC] ATRAPABONO: Conexión a base de datos exitosa
[06-Nov-2025 19:16:33 UTC] ATRAPABONO: Conexión a base de datos exitosa
[06-Nov-2025 19:16:33 UTC] ATRAPABONO: Conexión a base de datos exitosa
[06-Nov-2025 19:16:33 UTC] ATRAPABONO: Conexión a base de datos exitosa
[06-Nov-2025 19:16:33 UTC] ATRAPABONO: Conexión a base de datos exitosa
[06-Nov-2025 19:17:56 UTC] ATRAPABONO: Conexión a base de datos exitosa
[06-Nov-2025 19:17:57 UTC] ATRAPABONO: Conexión a base de datos exitosa
[06-Nov-2025 19:17:57 UTC] ATRAPABONO: Conexión a base de datos exitosa
[06-Nov-2025 19:17:57 UTC] ATRAPABONO: Conexión a base de datos exitosa
[06-Nov-2025 19:18:10 UTC] ATRAPABONO: Conexión a base de datos exitosa
[06-Nov-2025 19:18:10 UTC] ATRAPABONO: Conexión a base de datos exitosa
[06-Nov-2025 19:18:10 UTC] ATRAPABONO: Conexión a base de datos exitosa
[06-Nov-2025 19:18:10 UTC] ATRAPABONO: Conexión a base de datos exitosa
[06-Nov-2025 19:18:30 UTC] ATRAPABONO: Conexión a base de datos exitosa
[06-Nov-2025 19:18:30 UTC] ATRAPABONO: Conexión a base de datos exitosa
[06-Nov-2025 19:18:30 UTC] ATRAPABONO: Conexión a base de datos exitosa
[06-Nov-2025 19:18:30 UTC] ATRAPABONO: Conexión a base de datos exitosa
[06-Nov-2025 19:18:37 UTC] ATRAPABONO: Conexión a base de datos exitosa
[06-Nov-2025 19:18:37 UTC] ATRAPABONO: Conexión a base de datos exitosa
[06-Nov-2025 19:18:37 UTC] ATRAPABONO: Conexión a base de datos exitosa
[06-Nov-2025 19:18:37 UTC] ATRAPABONO: Conexión a base de datos exitosa
[06-Nov-2025 19:18:52 UTC] ATRAPABONO: Conexión a base de datos exitosa
[06-Nov-2025 19:18:53 UTC] ATRAPABONO: Conexión a base de datos exitosa
[06-Nov-2025 19:18:53 UTC] ATRAPABONO: Conexión a base de datos exitosa
[06-Nov-2025 19:18:53 UTC] ATRAPABONO: Conexión a base de datos exitosa
[06-Nov-2025 19:18:57 UTC] ATRAPABONO: Conexión a base de datos exitosa
[06-Nov-2025 19:18:57 UTC] ATRAPABONO: Conexión a base de datos exitosa
[06-Nov-2025 19:18:57 UTC] ATRAPABONO: Conexión a base de datos exitosa
[06-Nov-2025 19:18:57 UTC] ATRAPABONO: Conexión a base de datos exitosa
[06-Nov-2025 19:18:58 UTC] ATRAPABONO: Conexión a base de datos exitosa
[06-Nov-2025 19:18:59 UTC] ATRAPABONO: Conexión a base de datos exitosa
[06-Nov-2025 19:18:59 UTC] ATRAPABONO: Conexión a base de datos exitosa
[06-Nov-2025 19:18:59 UTC] ATRAPABONO: Conexión a base de datos exitosa
[06-Nov-2025 19:19:06 UTC] ATRAPABONO: Conexión a base de datos exitosa
[06-Nov-2025 19:19:07 UTC] ATRAPABONO: Conexión a base de datos exitosa
[06-Nov-2025 19:19:12 UTC] ATRAPABONO: Conexión a base de datos exitosa
[06-Nov-2025 19:19:12 UTC] ATRAPABONO: Conexión a base de datos exitosa
[06-Nov-2025 19:19:12 UTC] ATRAPABONO: Conexión a base de datos exitosa
[06-Nov-2025 19:19:12 UTC] ATRAPABONO: Conexión a base de datos exitosa
[06-Nov-2025 19:19:35 UTC] ATRAPABONO: Conexión a base de datos exitosa
[06-Nov-2025 19:19:35 UTC] ATRAPABONO: Conexión a base de datos exitosa
[06-Nov-2025 19:19:37 UTC] ATRAPABONO: Conexión a base de datos exitosa
[06-Nov-2025 19:19:37 UTC] ATRAPABONO: Conexión a base de datos exitosa
[06-Nov-2025 19:19:38 UTC] ATRAPABONO: Conexión a base de datos exitosa
[06-Nov-2025 19:19:38 UTC] ATRAPABONO: Conexión a base de datos exitosa
[06-Nov-2025 19:19:45 UTC] ATRAPABONO: Conexión a base de datos exitosa
[06-Nov-2025 19:19:46 UTC] ATRAPABONO: Conexión a base de datos exitosa
[06-Nov-2025 19:19:50 UTC] ATRAPABONO: Conexión a base de datos exitosa
[06-Nov-2025 19:19:50 UTC] ATRAPABONO: Conexión a base de datos exitosa
[06-Nov-2025 19:19:53 UTC] ATRAPABONO: Conexión a base de datos exitosa
[06-Nov-2025 19:19:53 UTC] ATRAPABONO: Conexión a base de datos exitosa
[06-Nov-2025 19:19:55 UTC] ATRAPABONO: Conexión a base de datos exitosa
[06-Nov-2025 19:19:55 UTC] ATRAPABONO: Conexión a base de datos exitosa
[06-Nov-2025 19:19:57 UTC] ATRAPABONO: Conexión a base de datos exitosa
[06-Nov-2025 19:19:57 UTC] ATRAPABONO: Conexión a base de datos exitosa
[06-Nov-2025 19:20:07 UTC] ATRAPABONO: Conexión a base de datos exitosa
[06-Nov-2025 19:20:07 UTC] ATRAPABONO: Conexión a base de datos exitosa
[06-Nov-2025 19:20:07 UTC] ATRAPABONO: Conexión a base de datos exitosa
[06-Nov-2025 19:21:02 UTC] ATRAPABONO: Conexión a base de datos exitosa
[06-Nov-2025 19:21:02 UTC] ATRAPABONO: Conexión a base de datos exitosa
[06-Nov-2025 19:21:06 UTC] ATRAPABONO: Conexión a base de datos exitosa
[06-Nov-2025 19:21:06 UTC] ATRAPABONO: Conexión a base de datos exitosa
[06-Nov-2025 19:21:10 UTC] ATRAPABONO: Conexión a base de datos exitosa
[06-Nov-2025 19:21:10 UTC] ATRAPABONO: Conexión a base de datos exitosa
[06-Nov-2025 19:21:10 UTC] ATRAPABONO: Conexión a base de datos exitosa
[06-Nov-2025 19:21:11 UTC] ATRAPABONO: Conexión a base de datos exitosa
[06-Nov-2025 19:21:31 UTC] ATRAPABONO: Conexión a base de datos exitosa
[06-Nov-2025 19:21:31 UTC] ATRAPABONO: Conexión a base de datos exitosa
[06-Nov-2025 19:21:31 UTC] ATRAPABONO: Conexión a base de datos exitosa
[06-Nov-2025 19:21:32 UTC] ATRAPABONO: Conexión a base de datos exitosa
[06-Nov-2025 19:22:45 UTC] ATRAPABONO: Conexión a base de datos exitosa
[06-Nov-2025 19:22:45 UTC] ATRAPABONO: Conexión a base de datos exitosa
[06-Nov-2025 19:22:54 UTC] ATRAPABONO: Conexión a base de datos exitosa
[06-Nov-2025 19:22:54 UTC] ATRAPABONO: Conexión a base de datos exitosa
[06-Nov-2025 19:25:40 UTC] ATRAPABONO: Conexión a base de datos exitosa
[06-Nov-2025 19:25:40 UTC] ATRAPABONO: Conexión a base de datos exitosa
[06-Nov-2025 19:25:40 UTC] ATRAPABONO: Conexión a base de datos exitosa
[06-Nov-2025 19:25:40 UTC] ATRAPABONO: Conexión a base de datos exitosa
[06-Nov-2025 19:25:40 UTC] ATRAPABONO: Conexión a base de datos exitosa
[06-Nov-2025 19:26:22 UTC] ATRAPABONO: Conexión a base de datos exitosa
[06-Nov-2025 19:26:22 UTC] ATRAPABONO: Conexión a base de datos exitosa
[06-Nov-2025 19:26:22 UTC] ATRAPABONO: Conexión a base de datos exitosa
[06-Nov-2025 19:26:22 UTC] ATRAPABONO: Conexión a base de datos exitosa
[06-Nov-2025 19:26:25 UTC] ATRAPABONO: Conexión a base de datos exitosa
[06-Nov-2025 19:26:25 UTC] ATRAPABONO: Conexión a base de datos exitosa
[06-Nov-2025 19:26:25 UTC] ATRAPABONO: Conexión a base de datos exitosa
[06-Nov-2025 19:26:25 UTC] ATRAPABONO: Conexión a base de datos exitosa
[06-Nov-2025 19:26:35 UTC] ATRAPABONO: Conexión a base de datos exitosa
[06-Nov-2025 19:26:35 UTC] ATRAPABONO: Conexión a base de datos exitosa
[06-Nov-2025 19:26:35 UTC] ATRAPABONO: Conexión a base de datos exitosa
[06-Nov-2025 19:26:35 UTC] ATRAPABONO: Conexión a base de datos exitosa
[06-Nov-2025 19:26:35 UTC] ATRAPABONO: Conexión a base de datos exitosa
[06-Nov-2025 19:27:30 UTC] ATRAPABONO: Conexión a base de datos exitosa
[06-Nov-2025 19:27:30 UTC] ATRAPABONO: Conexión a base de datos exitosa
[06-Nov-2025 19:27:30 UTC] ATRAPABONO: Conexión a base de datos exitosa
[06-Nov-2025 19:27:30 UTC] ATRAPABONO: Conexión a base de datos exitosa
[06-Nov-2025 19:27:59 UTC] ATRAPABONO: Conexión a base de datos exitosa
[06-Nov-2025 19:27:59 UTC] ATRAPABONO: Conexión a base de datos exitosa
[06-Nov-2025 19:27:59 UTC] ATRAPABONO: Conexión a base de datos exitosa
[06-Nov-2025 19:27:59 UTC] ATRAPABONO: Conexión a base de datos exitosa
[06-Nov-2025 19:27:59 UTC] ATRAPABONO: Conexión a base de datos exitosa
[06-Nov-2025 19:28:34 UTC] ATRAPABONO: Conexión a base de datos exitosa
[06-Nov-2025 19:28:34 UTC] ATRAPABONO: Conexión a base de datos exitosa
[06-Nov-2025 19:28:34 UTC] ATRAPABONO: Conexión a base de datos exitosa
[06-Nov-2025 19:28:34 UTC] ATRAPABONO: Conexión a base de datos exitosa
[06-Nov-2025 19:28:34 UTC] ATRAPABONO: Conexión a base de datos exitosa
[06-Nov-2025 19:28:46 UTC] ATRAPABONO: Conexión a base de datos exitosa
[06-Nov-2025 19:28:46 UTC] ATRAPABONO: Conexión a base de datos exitosa
[06-Nov-2025 19:28:46 UTC] ATRAPABONO: Conexión a base de datos exitosa
[06-Nov-2025 19:28:46 UTC] ATRAPABONO: Conexión a base de datos exitosa
[06-Nov-2025 19:28:46 UTC] ATRAPABONO: Conexión a base de datos exitosa
[06-Nov-2025 19:29:32 UTC] ATRAPABONO: Conexión a base de datos exitosa
[06-Nov-2025 19:29:32 UTC] ATRAPABONO: Conexión a base de datos exitosa
[06-Nov-2025 19:29:32 UTC] ATRAPABONO: Conexión a base de datos exitosa
[06-Nov-2025 19:29:32 UTC] ATRAPABONO: Conexión a base de datos exitosa
[06-Nov-2025 19:29:32 UTC] ATRAPABONO: Conexión a base de datos exitosa
[06-Nov-2025 19:29:36 UTC] ATRAPABONO: Conexión a base de datos exitosa
[06-Nov-2025 19:29:36 UTC] ATRAPABONO: Conexión a base de datos exitosa
[06-Nov-2025 19:29:36 UTC] ATRAPABONO: Conexión a base de datos exitosa
[06-Nov-2025 19:29:36 UTC] ATRAPABONO: Conexión a base de datos exitosa
[06-Nov-2025 19:29:36 UTC] ATRAPABONO: Conexión a base de datos exitosa
[06-Nov-2025 19:29:41 UTC] ATRAPABONO: Conexión a base de datos exitosa
[06-Nov-2025 19:29:41 UTC] ATRAPABONO: Conexión a base de datos exitosa
[06-Nov-2025 19:29:41 UTC] ATRAPABONO: Conexión a base de datos exitosa
[06-Nov-2025 19:29:41 UTC] ATRAPABONO: Conexión a base de datos exitosa
[06-Nov-2025 19:29:41 UTC] ATRAPABONO: Conexión a base de datos exitosa
[06-Nov-2025 19:30:00 UTC] ATRAPABONO: Conexión a base de datos exitosa
[06-Nov-2025 19:30:00 UTC] ATRAPABONO: Conexión a base de datos exitosa
[06-Nov-2025 19:30:00 UTC] ATRAPABONO: Conexión a base de datos exitosa
[06-Nov-2025 19:30:00 UTC] ATRAPABONO: Conexión a base de datos exitosa
[06-Nov-2025 19:30:00 UTC] ATRAPABONO: Conexión a base de datos exitosa
[06-Nov-2025 19:30:13 UTC] ATRAPABONO: Conexión a base de datos exitosa
[06-Nov-2025 19:30:13 UTC] ATRAPABONO: Conexión a base de datos exitosa
[06-Nov-2025 19:30:13 UTC] ATRAPABONO: Conexión a base de datos exitosa
[06-Nov-2025 19:30:13 UTC] ATRAPABONO: Conexión a base de datos exitosa
[06-Nov-2025 19:30:13 UTC] ATRAPABONO: Conexión a base de datos exitosa
[06-Nov-2025 19:30:34 UTC] ATRAPABONO: Conexión a base de datos exitosa
[06-Nov-2025 19:30:34 UTC] ATRAPABONO: Conexión a base de datos exitosa
[06-Nov-2025 19:30:34 UTC] ATRAPABONO: Conexión a base de datos exitosa
[06-Nov-2025 19:30:34 UTC] ATRAPABONO: Conexión a base de datos exitosa
[06-Nov-2025 19:30:34 UTC] ATRAPABONO: Conexión a base de datos exitosa
[06-Nov-2025 19:30:57 UTC] ATRAPABONO: Conexión a base de datos exitosa
[06-Nov-2025 19:30:57 UTC] ATRAPABONO: Conexión a base de datos exitosa
[06-Nov-2025 19:30:57 UTC] ATRAPABONO: Conexión a base de datos exitosa
[06-Nov-2025 19:30:57 UTC] ATRAPABONO: Conexión a base de datos exitosa
[06-Nov-2025 19:30:57 UTC] ATRAPABONO: Conexión a base de datos exitosa
[06-Nov-2025 19:31:42 UTC] ATRAPABONO: Conexión a base de datos exitosa
[06-Nov-2025 19:31:42 UTC] ATRAPABONO: Conexión a base de datos exitosa
[06-Nov-2025 19:31:42 UTC] ATRAPABONO: Conexión a base de datos exitosa
[06-Nov-2025 19:31:42 UTC] ATRAPABONO: Conexión a base de datos exitosa
[06-Nov-2025 19:31:42 UTC] ATRAPABONO: Conexión a base de datos exitosa
[06-Nov-2025 19:32:18 UTC] ATRAPABONO: Conexión a base de datos exitosa
[06-Nov-2025 19:32:18 UTC] ATRAPABONO: Conexión a base de datos exitosa
[06-Nov-2025 19:32:18 UTC] ATRAPABONO: Conexión a base de datos exitosa
[06-Nov-2025 19:32:18 UTC] ATRAPABONO: Conexión a base de datos exitosa
[06-Nov-2025 19:32:18 UTC] ATRAPABONO: Conexión a base de datos exitosa
[06-Nov-2025 19:32:22 UTC] ATRAPABONO: Conexión a base de datos exitosa
[06-Nov-2025 19:32:22 UTC] ATRAPABONO: Conexión a base de datos exitosa
[06-Nov-2025 19:32:22 UTC] ATRAPABONO: Conexión a base de datos exitosa
[06-Nov-2025 19:32:22 UTC] ATRAPABONO: Conexión a base de datos exitosa
[06-Nov-2025 19:32:22 UTC] ATRAPABONO: Conexión a base de datos exitosa
[06-Nov-2025 19:32:38 UTC] ATRAPABONO: Conexión a base de datos exitosa
[06-Nov-2025 19:32:38 UTC] ATRAPABONO: Conexión a base de datos exitosa
[06-Nov-2025 19:32:38 UTC] ATRAPABONO: Conexión a base de datos exitosa
[06-Nov-2025 19:32:38 UTC] ATRAPABONO: Conexión a base de datos exitosa
[06-Nov-2025 19:32:38 UTC] ATRAPABONO: Conexión a base de datos exitosa
[06-Nov-2025 19:32:51 UTC] ATRAPABONO: Conexión a base de datos exitosa
[06-Nov-2025 19:32:51 UTC] ATRAPABONO: Conexión a base de datos exitosa
[06-Nov-2025 19:32:51 UTC] ATRAPABONO: Conexión a base de datos exitosa
[06-Nov-2025 19:32:51 UTC] ATRAPABONO: Conexión a base de datos exitosa
[06-Nov-2025 19:32:51 UTC] ATRAPABONO: Conexión a base de datos exitosa
[06-Nov-2025 19:33:10 UTC] ATRAPABONO: Conexión a base de datos exitosa
[06-Nov-2025 19:33:11 UTC] ATRAPABONO: Conexión a base de datos exitosa
[06-Nov-2025 19:33:11 UTC] ATRAPABONO: Conexión a base de datos exitosa
[06-Nov-2025 19:33:11 UTC] ATRAPABONO: Conexión a base de datos exitosa
[06-Nov-2025 19:33:11 UTC] ATRAPABONO: Conexión a base de datos exitosa
[06-Nov-2025 19:34:17 UTC] ATRAPABONO: Conexión a base de datos exitosa
[06-Nov-2025 19:34:17 UTC] ATRAPABONO: Conexión a base de datos exitosa
[06-Nov-2025 19:34:17 UTC] ATRAPABONO: Conexión a base de datos exitosa
[06-Nov-2025 19:34:17 UTC] ATRAPABONO: Conexión a base de datos exitosa
[06-Nov-2025 19:34:17 UTC] ATRAPABONO: Conexión a base de datos exitosa
[06-Nov-2025 19:34:50 UTC] ATRAPABONO: Conexión a base de datos exitosa
[06-Nov-2025 19:34:50 UTC] ATRAPABONO: Conexión a base de datos exitosa
[06-Nov-2025 19:34:50 UTC] ATRAPABONO: Conexión a base de datos exitosa
[06-Nov-2025 19:34:50 UTC] ATRAPABONO: Conexión a base de datos exitosa
[06-Nov-2025 19:34:50 UTC] ATRAPABONO: Conexión a base de datos exitosa
[06-Nov-2025 19:35:06 UTC] ATRAPABONO: Conexión a base de datos exitosa
[06-Nov-2025 19:35:07 UTC] ATRAPABONO: Conexión a base de datos exitosa
[06-Nov-2025 19:35:07 UTC] ATRAPABONO: Conexión a base de datos exitosa
[06-Nov-2025 19:35:07 UTC] ATRAPABONO: Conexión a base de datos exitosa
[06-Nov-2025 19:35:07 UTC] ATRAPABONO: Conexión a base de datos exitosa
[06-Nov-2025 19:35:19 UTC] ATRAPABONO: Conexión a base de datos exitosa
[06-Nov-2025 19:35:19 UTC] ATRAPABONO: Conexión a base de datos exitosa
[06-Nov-2025 19:35:19 UTC] ATRAPABONO: Conexión a base de datos exitosa
[06-Nov-2025 19:35:19 UTC] ATRAPABONO: Conexión a base de datos exitosa
[06-Nov-2025 19:35:19 UTC] ATRAPABONO: Conexión a base de datos exitosa
[06-Nov-2025 19:35:29 UTC] ATRAPABONO: Conexión a base de datos exitosa
[06-Nov-2025 19:35:29 UTC] ATRAPABONO: Conexión a base de datos exitosa
[06-Nov-2025 19:35:29 UTC] ATRAPABONO: Conexión a base de datos exitosa
[06-Nov-2025 19:35:29 UTC] ATRAPABONO: Conexión a base de datos exitosa
[06-Nov-2025 19:35:29 UTC] ATRAPABONO: Conexión a base de datos exitosa
[06-Nov-2025 19:35:41 UTC] ATRAPABONO: Conexión a base de datos exitosa
[06-Nov-2025 19:35:41 UTC] ATRAPABONO: Conexión a base de datos exitosa
[06-Nov-2025 19:35:41 UTC] ATRAPABONO: Conexión a base de datos exitosa
[06-Nov-2025 19:35:41 UTC] ATRAPABONO: Conexión a base de datos exitosa
[06-Nov-2025 19:35:41 UTC] ATRAPABONO: Conexión a base de datos exitosa
[06-Nov-2025 19:35:57 UTC] ATRAPABONO: Conexión a base de datos exitosa
[06-Nov-2025 19:35:57 UTC] ATRAPABONO: Conexión a base de datos exitosa
[06-Nov-2025 19:35:57 UTC] ATRAPABONO: Conexión a base de datos exitosa
[06-Nov-2025 19:35:57 UTC] ATRAPABONO: Conexión a base de datos exitosa
[06-Nov-2025 19:35:57 UTC] ATRAPABONO: Conexión a base de datos exitosa
[06-Nov-2025 19:37:27 UTC] ATRAPABONO: Conexión a base de datos exitosa
[06-Nov-2025 19:37:28 UTC] ATRAPABONO: Conexión a base de datos exitosa
[06-Nov-2025 19:37:28 UTC] ATRAPABONO: Conexión a base de datos exitosa
[06-Nov-2025 19:37:28 UTC] ATRAPABONO: Conexión a base de datos exitosa
[06-Nov-2025 19:37:28 UTC] ATRAPABONO: Conexión a base de datos exitosa
[06-Nov-2025 19:37:38 UTC] ATRAPABONO: Conexión a base de datos exitosa
[06-Nov-2025 19:37:38 UTC] ATRAPABONO: Conexión a base de datos exitosa
[06-Nov-2025 19:37:38 UTC] ATRAPABONO: Conexión a base de datos exitosa
[06-Nov-2025 19:37:38 UTC] ATRAPABONO: Conexión a base de datos exitosa
[06-Nov-2025 19:37:38 UTC] ATRAPABONO: Conexión a base de datos exitosa
[06-Nov-2025 19:37:44 UTC] ATRAPABONO: Conexión a base de datos exitosa
[06-Nov-2025 19:37:44 UTC] ATRAPABONO: Conexión a base de datos exitosa
[06-Nov-2025 19:37:44 UTC] ATRAPABONO: Conexión a base de datos exitosa
[06-Nov-2025 19:37:44 UTC] ATRAPABONO: Conexión a base de datos exitosa
[06-Nov-2025 19:37:44 UTC] ATRAPABONO: Conexión a base de datos exitosa
[06-Nov-2025 19:37:50 UTC] ATRAPABONO: Conexión a base de datos exitosa
[06-Nov-2025 19:37:50 UTC] ATRAPABONO: Conexión a base de datos exitosa
[06-Nov-2025 19:37:50 UTC] ATRAPABONO: Conexión a base de datos exitosa
[06-Nov-2025 19:37:50 UTC] ATRAPABONO: Conexión a base de datos exitosa
[06-Nov-2025 19:37:50 UTC] ATRAPABONO: Conexión a base de datos exitosa
[06-Nov-2025 19:38:04 UTC] ATRAPABONO: Conexión a base de datos exitosa
[06-Nov-2025 19:38:04 UTC] ATRAPABONO: Conexión a base de datos exitosa
[06-Nov-2025 19:38:04 UTC] ATRAPABONO: Conexión a base de datos exitosa
[06-Nov-2025 19:38:04 UTC] ATRAPABONO: Conexión a base de datos exitosa
[06-Nov-2025 19:38:04 UTC] ATRAPABONO: Conexión a base de datos exitosa
[06-Nov-2025 19:38:07 UTC] ATRAPABONO: Conexión a base de datos exitosa
[06-Nov-2025 19:38:07 UTC] ATRAPABONO: Conexión a base de datos exitosa
[06-Nov-2025 19:38:07 UTC] ATRAPABONO: Conexión a base de datos exitosa
[06-Nov-2025 19:38:07 UTC] ATRAPABONO: Conexión a base de datos exitosa
[06-Nov-2025 19:38:07 UTC] ATRAPABONO: Conexión a base de datos exitosa
[06-Nov-2025 19:38:17 UTC] ATRAPABONO: Conexión a base de datos exitosa
[06-Nov-2025 19:38:17 UTC] ATRAPABONO: Conexión a base de datos exitosa
[06-Nov-2025 19:38:17 UTC] ATRAPABONO: Conexión a base de datos exitosa
[06-Nov-2025 19:38:18 UTC] ATRAPABONO: Conexión a base de datos exitosa
[06-Nov-2025 19:38:18 UTC] ATRAPABONO: Conexión a base de datos exitosa
[06-Nov-2025 19:38:28 UTC] ATRAPABONO: Conexión a base de datos exitosa
[06-Nov-2025 19:38:28 UTC] ATRAPABONO: Conexión a base de datos exitosa
[06-Nov-2025 19:38:28 UTC] ATRAPABONO: Conexión a base de datos exitosa
[06-Nov-2025 19:38:28 UTC] ATRAPABONO: Conexión a base de datos exitosa
[06-Nov-2025 19:38:28 UTC] ATRAPABONO: Conexión a base de datos exitosa
[06-Nov-2025 19:38:35 UTC] ATRAPABONO: Conexión a base de datos exitosa
[06-Nov-2025 19:38:35 UTC] ATRAPABONO: Conexión a base de datos exitosa
[06-Nov-2025 19:38:35 UTC] ATRAPABONO: Conexión a base de datos exitosa
[06-Nov-2025 19:38:35 UTC] ATRAPABONO: Conexión a base de datos exitosa
[06-Nov-2025 19:38:35 UTC] ATRAPABONO: Conexión a base de datos exitosa
[06-Nov-2025 19:39:12 UTC] ATRAPABONO: Conexión a base de datos exitosa
[06-Nov-2025 19:39:12 UTC] ATRAPABONO: Conexión a base de datos exitosa
[06-Nov-2025 19:39:12 UTC] ATRAPABONO: Conexión a base de datos exitosa
[06-Nov-2025 19:39:12 UTC] ATRAPABONO: Conexión a base de datos exitosa
[06-Nov-2025 19:39:12 UTC] ATRAPABONO: Conexión a base de datos exitosa
[06-Nov-2025 19:41:17 UTC] ATRAPABONO: Conexión a base de datos exitosa
[06-Nov-2025 19:41:17 UTC] ATRAPABONO: Conexión a base de datos exitosa
[06-Nov-2025 19:41:17 UTC] ATRAPABONO: Conexión a base de datos exitosa
[06-Nov-2025 19:41:17 UTC] ATRAPABONO: Conexión a base de datos exitosa
[06-Nov-2025 19:41:17 UTC] ATRAPABONO: Conexión a base de datos exitosa
[06-Nov-2025 19:41:21 UTC] ATRAPABONO: Conexión a base de datos exitosa
[06-Nov-2025 19:41:22 UTC] ATRAPABONO: Conexión a base de datos exitosa
[06-Nov-2025 19:41:22 UTC] ATRAPABONO: Conexión a base de datos exitosa
[06-Nov-2025 19:41:22 UTC] ATRAPABONO: Conexión a base de datos exitosa
[06-Nov-2025 19:41:22 UTC] ATRAPABONO: Conexión a base de datos exitosa
[06-Nov-2025 19:41:25 UTC] ATRAPABONO: Conexión a base de datos exitosa
[06-Nov-2025 19:41:25 UTC] ATRAPABONO: Conexión a base de datos exitosa
[06-Nov-2025 19:41:25 UTC] ATRAPABONO: Conexión a base de datos exitosa
[06-Nov-2025 19:41:25 UTC] ATRAPABONO: Conexión a base de datos exitosa
[06-Nov-2025 19:41:25 UTC] ATRAPABONO: Conexión a base de datos exitosa
[06-Nov-2025 19:41:52 UTC] ATRAPABONO: Conexión a base de datos exitosa
[06-Nov-2025 19:41:52 UTC] ATRAPABONO: Conexión a base de datos exitosa
[06-Nov-2025 19:41:52 UTC] ATRAPABONO: Conexión a base de datos exitosa
[06-Nov-2025 19:41:53 UTC] ATRAPABONO: Conexión a base de datos exitosa
[06-Nov-2025 19:41:53 UTC] ATRAPABONO: Conexión a base de datos exitosa
[06-Nov-2025 19:42:05 UTC] ATRAPABONO: Conexión a base de datos exitosa
[06-Nov-2025 19:42:05 UTC] ATRAPABONO: Conexión a base de datos exitosa
[06-Nov-2025 19:42:05 UTC] ATRAPABONO: Conexión a base de datos exitosa
[06-Nov-2025 19:42:05 UTC] ATRAPABONO: Conexión a base de datos exitosa
[06-Nov-2025 19:42:16 UTC] ATRAPABONO: Conexión a base de datos exitosa
[06-Nov-2025 19:42:16 UTC] ATRAPABONO: Conexión a base de datos exitosa
[06-Nov-2025 19:42:16 UTC] ATRAPABONO: Conexión a base de datos exitosa
[06-Nov-2025 19:42:16 UTC] ATRAPABONO: Conexión a base de datos exitosa
[06-Nov-2025 19:42:16 UTC] ATRAPABONO: Conexión a base de datos exitosa
[06-Nov-2025 19:43:29 UTC] ATRAPABONO: Conexión a base de datos exitosa
[06-Nov-2025 19:43:29 UTC] ATRAPABONO: Conexión a base de datos exitosa
[06-Nov-2025 19:43:29 UTC] ATRAPABONO: Conexión a base de datos exitosa
[06-Nov-2025 19:43:29 UTC] ATRAPABONO: Conexión a base de datos exitosa
[06-Nov-2025 19:43:29 UTC] ATRAPABONO: Conexión a base de datos exitosa
[06-Nov-2025 19:44:18 UTC] ATRAPABONO: Conexión a base de datos exitosa
[06-Nov-2025 19:44:18 UTC] ATRAPABONO: Conexión a base de datos exitosa
[06-Nov-2025 19:44:18 UTC] ATRAPABONO: Conexión a base de datos exitosa
[06-Nov-2025 19:44:18 UTC] ATRAPABONO: Conexión a base de datos exitosa
[06-Nov-2025 19:44:18 UTC] ATRAPABONO: Conexión a base de datos exitosa
[06-Nov-2025 19:44:32 UTC] ATRAPABONO: Conexión a base de datos exitosa
[06-Nov-2025 19:44:32 UTC] ATRAPABONO: Conexión a base de datos exitosa
[06-Nov-2025 19:44:32 UTC] ATRAPABONO: Conexión a base de datos exitosa
[06-Nov-2025 19:44:32 UTC] ATRAPABONO: Conexión a base de datos exitosa
[06-Nov-2025 19:44:32 UTC] ATRAPABONO: Conexión a base de datos exitosa
[06-Nov-2025 19:45:03 UTC] ATRAPABONO: Conexión a base de datos exitosa
[06-Nov-2025 19:45:03 UTC] ATRAPABONO: Conexión a base de datos exitosa
[06-Nov-2025 19:45:03 UTC] ATRAPABONO: Conexión a base de datos exitosa
[06-Nov-2025 19:45:03 UTC] ATRAPABONO: Conexión a base de datos exitosa
[06-Nov-2025 19:45:03 UTC] ATRAPABONO: Conexión a base de datos exitosa
[06-Nov-2025 19:45:25 UTC] ATRAPABONO: Conexión a base de datos exitosa
[06-Nov-2025 19:45:25 UTC] ATRAPABONO: Conexión a base de datos exitosa
[06-Nov-2025 19:45:25 UTC] ATRAPABONO: Conexión a base de datos exitosa
[06-Nov-2025 19:45:25 UTC] ATRAPABONO: Conexión a base de datos exitosa
[06-Nov-2025 19:45:25 UTC] ATRAPABONO: Conexión a base de datos exitosa
[06-Nov-2025 19:45:35 UTC] ATRAPABONO: Conexión a base de datos exitosa
[06-Nov-2025 19:45:35 UTC] ATRAPABONO: Conexión a base de datos exitosa
[06-Nov-2025 19:45:35 UTC] ATRAPABONO: Conexión a base de datos exitosa
[06-Nov-2025 19:45:35 UTC] ATRAPABONO: Conexión a base de datos exitosa
[06-Nov-2025 19:45:35 UTC] ATRAPABONO: Conexión a base de datos exitosa
[06-Nov-2025 19:46:26 UTC] ATRAPABONO: Conexión a base de datos exitosa
[06-Nov-2025 19:46:26 UTC] ATRAPABONO: Conexión a base de datos exitosa
[06-Nov-2025 19:46:26 UTC] ATRAPABONO: Conexión a base de datos exitosa
[06-Nov-2025 19:46:26 UTC] ATRAPABONO: Conexión a base de datos exitosa
[06-Nov-2025 19:46:26 UTC] ATRAPABONO: Conexión a base de datos exitosa
[06-Nov-2025 19:46:29 UTC] ATRAPABONO: Conexión a base de datos exitosa
[06-Nov-2025 19:46:29 UTC] ATRAPABONO: Conexión a base de datos exitosa
[06-Nov-2025 19:46:29 UTC] ATRAPABONO: Conexión a base de datos exitosa
[06-Nov-2025 19:46:30 UTC] ATRAPABONO: Conexión a base de datos exitosa
[06-Nov-2025 19:46:30 UTC] ATRAPABONO: Conexión a base de datos exitosa
[06-Nov-2025 19:46:31 UTC] ATRAPABONO: Conexión a base de datos exitosa
[06-Nov-2025 19:46:31 UTC] ATRAPABONO: Conexión a base de datos exitosa
[06-Nov-2025 19:46:31 UTC] ATRAPABONO: Conexión a base de datos exitosa
[06-Nov-2025 19:46:31 UTC] ATRAPABONO: Conexión a base de datos exitosa
[06-Nov-2025 19:46:31 UTC] ATRAPABONO: Conexión a base de datos exitosa
[06-Nov-2025 19:46:33 UTC] ATRAPABONO: Conexión a base de datos exitosa
[06-Nov-2025 19:46:33 UTC] ATRAPABONO: Conexión a base de datos exitosa
[06-Nov-2025 19:46:33 UTC] ATRAPABONO: Conexión a base de datos exitosa
[06-Nov-2025 19:46:33 UTC] ATRAPABONO: Conexión a base de datos exitosa
[06-Nov-2025 19:46:33 UTC] ATRAPABONO: Conexión a base de datos exitosa
[06-Nov-2025 19:46:36 UTC] ATRAPABONO: Conexión a base de datos exitosa
[06-Nov-2025 19:46:36 UTC] ATRAPABONO: Conexión a base de datos exitosa
[06-Nov-2025 19:46:36 UTC] ATRAPABONO: Conexión a base de datos exitosa
[06-Nov-2025 19:46:36 UTC] ATRAPABONO: Conexión a base de datos exitosa
[06-Nov-2025 19:46:36 UTC] ATRAPABONO: Conexión a base de datos exitosa
[06-Nov-2025 19:47:15 UTC] ATRAPABONO: Conexión a base de datos exitosa
[06-Nov-2025 19:47:17 UTC] ATRAPABONO: Conexión a base de datos exitosa
[06-Nov-2025 19:47:18 UTC] ATRAPABONO: Conexión a base de datos exitosa
[06-Nov-2025 19:47:18 UTC] ATRAPABONO: Conexión a base de datos exitosa
[06-Nov-2025 19:47:18 UTC] ATRAPABONO: Conexión a base de datos exitosa
[06-Nov-2025 19:47:25 UTC] ATRAPABONO: Conexión a base de datos exitosa
[06-Nov-2025 19:47:25 UTC] ATRAPABONO: Conexión a base de datos exitosa
[06-Nov-2025 19:47:25 UTC] ATRAPABONO: Conexión a base de datos exitosa
[06-Nov-2025 19:47:25 UTC] ATRAPABONO: Conexión a base de datos exitosa
[06-Nov-2025 19:47:25 UTC] ATRAPABONO: Conexión a base de datos exitosa
[06-Nov-2025 19:47:33 UTC] ATRAPABONO: Conexión a base de datos exitosa
[06-Nov-2025 19:47:34 UTC] ATRAPABONO: Conexión a base de datos exitosa
[06-Nov-2025 19:47:34 UTC] ATRAPABONO: Conexión a base de datos exitosa
[06-Nov-2025 19:47:34 UTC] ATRAPABONO: Conexión a base de datos exitosa
[06-Nov-2025 19:47:34 UTC] ATRAPABONO: Conexión a base de datos exitosa
[06-Nov-2025 19:48:03 UTC] ATRAPABONO: Conexión a base de datos exitosa
[06-Nov-2025 19:48:04 UTC] ATRAPABONO: Conexión a base de datos exitosa
[06-Nov-2025 19:48:04 UTC] ATRAPABONO: Conexión a base de datos exitosa
[06-Nov-2025 19:48:05 UTC] ATRAPABONO: Conexión a base de datos exitosa
[06-Nov-2025 19:48:05 UTC] ATRAPABONO: Conexión a base de datos exitosa
[06-Nov-2025 19:48:41 UTC] ATRAPABONO: Conexión a base de datos exitosa
[06-Nov-2025 19:48:42 UTC] ATRAPABONO: Conexión a base de datos exitosa
[06-Nov-2025 19:48:42 UTC] ATRAPABONO: Conexión a base de datos exitosa
[06-Nov-2025 19:48:42 UTC] ATRAPABONO: Conexión a base de datos exitosa
[06-Nov-2025 19:48:42 UTC] ATRAPABONO: Conexión a base de datos exitosa
[06-Nov-2025 19:53:47 UTC] ATRAPABONO: Conexión a base de datos exitosa
[06-Nov-2025 19:53:47 UTC] ATRAPABONO: Conexión a base de datos exitosa
[06-Nov-2025 19:53:47 UTC] ATRAPABONO: Conexión a base de datos exitosa
[06-Nov-2025 19:53:47 UTC] ATRAPABONO: Conexión a base de datos exitosa
[06-Nov-2025 19:53:47 UTC] ATRAPABONO: Conexión a base de datos exitosa
[06-Nov-2025 19:53:58 UTC] ATRAPABONO: Conexión a base de datos exitosa
[06-Nov-2025 19:53:58 UTC] ATRAPABONO: Conexión a base de datos exitosa
[06-Nov-2025 20:03:09 UTC] ATRAPABONO: Conexión a base de datos exitosa
[06-Nov-2025 20:03:10 UTC] ATRAPABONO: Conexión a base de datos exitosa
[06-Nov-2025 20:03:10 UTC] ATRAPABONO: Conexión a base de datos exitosa
[06-Nov-2025 20:03:10 UTC] ATRAPABONO: Conexión a base de datos exitosa
[06-Nov-2025 20:03:10 UTC] ATRAPABONO: Conexión a base de datos exitosa
[06-Nov-2025 20:03:11 UTC] ATRAPABONO: Conexión a base de datos exitosa
[06-Nov-2025 20:03:11 UTC] ATRAPABONO: Conexión a base de datos exitosa
[06-Nov-2025 20:03:11 UTC] ATRAPABONO: Conexión a base de datos exitosa
[06-Nov-2025 20:03:11 UTC] ATRAPABONO: Conexión a base de datos exitosa
[06-Nov-2025 20:03:11 UTC] ATRAPABONO: Conexión a base de datos exitosa
[06-Nov-2025 20:06:04 UTC] ATRAPABONO: Conexión a base de datos exitosa
[06-Nov-2025 20:06:05 UTC] ATRAPABONO: Conexión a base de datos exitosa
[06-Nov-2025 20:06:05 UTC] ATRAPABONO: Conexión a base de datos exitosa
[06-Nov-2025 20:06:05 UTC] ATRAPABONO: Conexión a base de datos exitosa
[06-Nov-2025 20:06:05 UTC] ATRAPABONO: Conexión a base de datos exitosa
[06-Nov-2025 20:06:05 UTC] ATRAPABONO: Conexión a base de datos exitosa
[06-Nov-2025 20:06:19 UTC] ATRAPABONO: Conexión a base de datos exitosa
[06-Nov-2025 20:06:20 UTC] ATRAPABONO: Conexión a base de datos exitosa
[06-Nov-2025 20:06:20 UTC] ATRAPABONO: Conexión a base de datos exitosa
[06-Nov-2025 20:06:20 UTC] ATRAPABONO: Conexión a base de datos exitosa
[06-Nov-2025 20:06:20 UTC] ATRAPABONO: Conexión a base de datos exitosa
[06-Nov-2025 20:06:20 UTC] ATRAPABONO: Conexión a base de datos exitosa
[06-Nov-2025 20:06:24 UTC] ATRAPABONO: Conexión a base de datos exitosa
[06-Nov-2025 20:06:24 UTC] ATRAPABONO: Conexión a base de datos exitosa
[06-Nov-2025 20:06:25 UTC] ATRAPABONO: Conexión a base de datos exitosa
[06-Nov-2025 20:06:27 UTC] ATRAPABONO: Conexión a base de datos exitosa
[06-Nov-2025 20:06:34 UTC] ATRAPABONO: Conexión a base de datos exitosa
[06-Nov-2025 20:06:35 UTC] ATRAPABONO: Conexión a base de datos exitosa
[06-Nov-2025 20:06:36 UTC] ATRAPABONO: Conexión a base de datos exitosa
[06-Nov-2025 20:06:39 UTC] ATRAPABONO: Conexión a base de datos exitosa
[06-Nov-2025 20:06:39 UTC] ATRAPABONO: Conexión a base de datos exitosa
[06-Nov-2025 20:06:39 UTC] ATRAPABONO: Conexión a base de datos exitosa
[06-Nov-2025 20:06:40 UTC] ATRAPABONO: Conexión a base de datos exitosa
[06-Nov-2025 20:06:40 UTC] ATRAPABONO: Conexión a base de datos exitosa
[06-Nov-2025 20:06:42 UTC] ATRAPABONO: Conexión a base de datos exitosa
[06-Nov-2025 20:06:44 UTC] ATRAPABONO: Conexión a base de datos exitosa
[06-Nov-2025 20:06:49 UTC] ATRAPABONO: Conexión a base de datos exitosa
[06-Nov-2025 20:06:49 UTC] ATRAPABONO: Conexión a base de datos exitosa
[06-Nov-2025 20:06:49 UTC] ATRAPABONO: Conexión a base de datos exitosa
[06-Nov-2025 20:06:49 UTC] ATRAPABONO: Conexión a base de datos exitosa
[06-Nov-2025 20:06:49 UTC] ATRAPABONO: Conexión a base de datos exitosa
[06-Nov-2025 20:06:49 UTC] ATRAPABONO: Conexión a base de datos exitosa
[06-Nov-2025 20:07:13 UTC] ATRAPABONO: Conexión a base de datos exitosa
[06-Nov-2025 20:07:13 UTC] ATRAPABONO: Conexión a base de datos exitosa
[06-Nov-2025 20:07:14 UTC] ATRAPABONO: Conexión a base de datos exitosa
[06-Nov-2025 20:07:14 UTC] ATRAPABONO: Conexión a base de datos exitosa
[06-Nov-2025 20:07:15 UTC] ATRAPABONO: Conexión a base de datos exitosa
[06-Nov-2025 20:07:18 UTC] ATRAPABONO: Conexión a base de datos exitosa
[06-Nov-2025 20:07:18 UTC] ATRAPABONO: Conexión a base de datos exitosa
[06-Nov-2025 20:07:18 UTC] ATRAPABONO: Conexión a base de datos exitosa
[06-Nov-2025 20:07:20 UTC] ATRAPABONO: Conexión a base de datos exitosa
[06-Nov-2025 20:07:21 UTC] ATRAPABONO: Conexión a base de datos exitosa
[06-Nov-2025 20:07:21 UTC] ATRAPABONO: Conexión a base de datos exitosa
[06-Nov-2025 20:07:22 UTC] ATRAPABONO: Conexión a base de datos exitosa
[06-Nov-2025 20:09:10 UTC] ATRAPABONO: Conexión a base de datos exitosa
[06-Nov-2025 20:09:11 UTC] ATRAPABONO: Conexión a base de datos exitosa
[06-Nov-2025 20:09:12 UTC] ATRAPABONO: Conexión a base de datos exitosa
[06-Nov-2025 20:11:08 UTC] ATRAPABONO: Conexión a base de datos exitosa
[06-Nov-2025 20:11:09 UTC] ATRAPABONO: Conexión a base de datos exitosa
[06-Nov-2025 20:11:10 UTC] ATRAPABONO: Conexión a base de datos exitosa
[06-Nov-2025 20:11:17 UTC] ATRAPABONO: Conexión a base de datos exitosa
[06-Nov-2025 20:11:17 UTC] ATRAPABONO: Conexión a base de datos exitosa
[06-Nov-2025 20:11:19 UTC] ATRAPABONO: Conexión a base de datos exitosa
[06-Nov-2025 20:11:24 UTC] ATRAPABONO: Conexión a base de datos exitosa
[06-Nov-2025 20:11:24 UTC] ATRAPABONO: Conexión a base de datos exitosa
[06-Nov-2025 20:11:26 UTC] ATRAPABONO: Conexión a base de datos exitosa
[06-Nov-2025 20:12:21 UTC] ATRAPABONO: Conexión a base de datos exitosa
[06-Nov-2025 20:12:21 UTC] ATRAPABONO: Conexión a base de datos exitosa
[06-Nov-2025 20:12:23 UTC] ATRAPABONO: Conexión a base de datos exitosa
[06-Nov-2025 20:12:36 UTC] ATRAPABONO: Conexión a base de datos exitosa
[06-Nov-2025 20:12:36 UTC] ATRAPABONO: Conexión a base de datos exitosa
[06-Nov-2025 20:12:37 UTC] ATRAPABONO: Conexión a base de datos exitosa
[06-Nov-2025 20:13:08 UTC] ATRAPABONO: Conexión a base de datos exitosa
[06-Nov-2025 20:13:08 UTC] ATRAPABONO: Conexión a base de datos exitosa
[06-Nov-2025 20:13:09 UTC] ATRAPABONO: Conexión a base de datos exitosa
[06-Nov-2025 20:13:39 UTC] ATRAPABONO: Conexión a base de datos exitosa
[06-Nov-2025 20:13:39 UTC] ATRAPABONO: Conexión a base de datos exitosa
[06-Nov-2025 20:13:40 UTC] ATRAPABONO: Conexión a base de datos exitosa
[06-Nov-2025 20:13:40 UTC] ATRAPABONO: Conexión a base de datos exitosa
[06-Nov-2025 20:13:41 UTC] ATRAPABONO: Conexión a base de datos exitosa
[06-Nov-2025 20:14:27 UTC] ATRAPABONO: Conexión a base de datos exitosa
[06-Nov-2025 20:14:28 UTC] ATRAPABONO: Conexión a base de datos exitosa
[06-Nov-2025 20:14:29 UTC] ATRAPABONO: Conexión a base de datos exitosa
[06-Nov-2025 20:14:36 UTC] ATRAPABONO: Conexión a base de datos exitosa
[06-Nov-2025 20:14:36 UTC] ATRAPABONO: Conexión a base de datos exitosa
[06-Nov-2025 20:14:37 UTC] ATRAPABONO: Conexión a base de datos exitosa
[06-Nov-2025 20:15:42 UTC] ATRAPABONO: Conexión a base de datos exitosa
[06-Nov-2025 20:15:43 UTC] ATRAPABONO: Conexión a base de datos exitosa
[06-Nov-2025 20:15:46 UTC] ATRAPABONO: Conexión a base de datos exitosa
[06-Nov-2025 20:17:57 UTC] ATRAPABONO: Conexión a base de datos exitosa
[06-Nov-2025 20:17:57 UTC] ATRAPABONO: Conexión a base de datos exitosa
[06-Nov-2025 20:17:58 UTC] ATRAPABONO: Conexión a base de datos exitosa
[06-Nov-2025 20:18:51 UTC] ATRAPABONO: Conexión a base de datos exitosa
[06-Nov-2025 20:18:51 UTC] ATRAPABONO: Conexión a base de datos exitosa
[06-Nov-2025 20:18:52 UTC] ATRAPABONO: Conexión a base de datos exitosa
[06-Nov-2025 20:19:16 UTC] ATRAPABONO: Conexión a base de datos exitosa
[06-Nov-2025 20:19:16 UTC] ATRAPABONO: Conexión a base de datos exitosa
[06-Nov-2025 20:19:17 UTC] ATRAPABONO: Conexión a base de datos exitosa
[06-Nov-2025 20:21:02 UTC] ATRAPABONO: Conexión a base de datos exitosa
[06-Nov-2025 20:21:02 UTC] ATRAPABONO: Conexión a base de datos exitosa
[06-Nov-2025 20:21:03 UTC] ATRAPABONO: Conexión a base de datos exitosa
[06-Nov-2025 20:24:26 UTC] ATRAPABONO: Conexión a base de datos exitosa
[06-Nov-2025 20:24:27 UTC] ATRAPABONO: Conexión a base de datos exitosa
[06-Nov-2025 20:24:28 UTC] ATRAPABONO: Conexión a base de datos exitosa
[06-Nov-2025 20:24:39 UTC] ATRAPABONO: Conexión a base de datos exitosa
[06-Nov-2025 20:24:44 UTC] ATRAPABONO: Conexión a base de datos exitosa
[06-Nov-2025 20:24:44 UTC] ATRAPABONO: Conexión a base de datos exitosa
[06-Nov-2025 20:24:44 UTC] ATRAPABONO: Conexión a base de datos exitosa
[06-Nov-2025 20:24:44 UTC] ATRAPABONO: Conexión a base de datos exitosa
[06-Nov-2025 20:24:44 UTC] ATRAPABONO: Conexión a base de datos exitosa
[06-Nov-2025 20:24:44 UTC] ATRAPABONO: Conexión a base de datos exitosa
[06-Nov-2025 20:24:47 UTC] ATRAPABONO: Conexión a base de datos exitosa
[06-Nov-2025 20:24:47 UTC] ATRAPABONO: Conexión a base de datos exitosa
[06-Nov-2025 20:24:47 UTC] ATRAPABONO: Conexión a base de datos exitosa
[06-Nov-2025 20:24:47 UTC] ATRAPABONO: Conexión a base de datos exitosa
[06-Nov-2025 20:24:48 UTC] ATRAPABONO: Conexión a base de datos exitosa
[06-Nov-2025 20:24:48 UTC] ATRAPABONO: Conexión a base de datos exitosa
[06-Nov-2025 20:24:48 UTC] ATRAPABONO: Conexión a base de datos exitosa
[06-Nov-2025 20:24:48 UTC] ATRAPABONO: Conexión a base de datos exitosa
[06-Nov-2025 20:24:48 UTC] ATRAPABONO: Conexión a base de datos exitosa
[06-Nov-2025 20:24:48 UTC] ATRAPABONO: Conexión a base de datos exitosa
[06-Nov-2025 20:24:48 UTC] ATRAPABONO: Conexión a base de datos exitosa
[06-Nov-2025 20:24:48 UTC] ATRAPABONO: Conexión a base de datos exitosa
[06-Nov-2025 20:24:49 UTC] ATRAPABONO: Conexión a base de datos exitosa
[06-Nov-2025 20:24:49 UTC] ATRAPABONO: Conexión a base de datos exitosa
[06-Nov-2025 20:24:49 UTC] ATRAPABONO: Conexión a base de datos exitosa
[06-Nov-2025 20:24:49 UTC] ATRAPABONO: Conexión a base de datos exitosa
[06-Nov-2025 20:24:53 UTC] ATRAPABONO: Conexión a base de datos exitosa
[06-Nov-2025 20:26:11 UTC] ATRAPABONO: Conexión a base de datos exitosa
[06-Nov-2025 20:26:11 UTC] ATRAPABONO: Conexión a base de datos exitosa
[06-Nov-2025 20:26:11 UTC] ATRAPABONO: Conexión a base de datos exitosa
[06-Nov-2025 20:26:11 UTC] ATRAPABONO: Conexión a base de datos exitosa
[06-Nov-2025 20:26:11 UTC] ATRAPABONO: Conexión a base de datos exitosa
[06-Nov-2025 20:27:08 UTC] ATRAPABONO: Conexión a base de datos exitosa
[06-Nov-2025 20:27:09 UTC] ATRAPABONO: Conexión a base de datos exitosa
[06-Nov-2025 20:27:09 UTC] ATRAPABONO: Conexión a base de datos exitosa
[06-Nov-2025 20:27:09 UTC] ATRAPABONO: Conexión a base de datos exitosa
[06-Nov-2025 20:27:09 UTC] ATRAPABONO: Conexión a base de datos exitosa
[06-Nov-2025 20:28:55 UTC] ATRAPABONO: Conexión a base de datos exitosa
[06-Nov-2025 20:28:55 UTC] ATRAPABONO: Conexión a base de datos exitosa
[06-Nov-2025 20:28:55 UTC] ATRAPABONO: Conexión a base de datos exitosa
[06-Nov-2025 20:28:55 UTC] ATRAPABONO: Conexión a base de datos exitosa
[06-Nov-2025 20:28:55 UTC] ATRAPABONO: Conexión a base de datos exitosa
[06-Nov-2025 20:31:30 UTC] ATRAPABONO: Conexión a base de datos exitosa
[06-Nov-2025 20:31:30 UTC] ATRAPABONO: Conexión a base de datos exitosa
[06-Nov-2025 20:31:30 UTC] ATRAPABONO: Conexión a base de datos exitosa
[06-Nov-2025 20:31:30 UTC] ATRAPABONO: Conexión a base de datos exitosa
[06-Nov-2025 20:31:30 UTC] ATRAPABONO: Conexión a base de datos exitosa
[06-Nov-2025 20:32:15 UTC] ATRAPABONO: Conexión a base de datos exitosa
[06-Nov-2025 20:32:15 UTC] ATRAPABONO: Conexión a base de datos exitosa
[06-Nov-2025 20:32:15 UTC] ATRAPABONO: Conexión a base de datos exitosa
[06-Nov-2025 20:32:15 UTC] ATRAPABONO: Conexión a base de datos exitosa
[06-Nov-2025 20:32:15 UTC] ATRAPABONO: Conexión a base de datos exitosa
[06-Nov-2025 20:33:13 UTC] ATRAPABONO: Conexión a base de datos exitosa
[06-Nov-2025 20:33:14 UTC] ATRAPABONO: Conexión a base de datos exitosa
[06-Nov-2025 20:33:14 UTC] ATRAPABONO: Conexión a base de datos exitosa
[06-Nov-2025 20:33:14 UTC] ATRAPABONO: Conexión a base de datos exitosa
[06-Nov-2025 20:33:14 UTC] ATRAPABONO: Conexión a base de datos exitosa
[06-Nov-2025 20:33:20 UTC] ATRAPABONO: Conexión a base de datos exitosa
[06-Nov-2025 20:33:20 UTC] ATRAPABONO: Conexión a base de datos exitosa
[06-Nov-2025 20:33:20 UTC] ATRAPABONO: Conexión a base de datos exitosa
[06-Nov-2025 20:33:20 UTC] ATRAPABONO: Conexión a base de datos exitosa
[06-Nov-2025 20:33:20 UTC] ATRAPABONO: Conexión a base de datos exitosa
[06-Nov-2025 20:34:31 UTC] ATRAPABONO: Conexión a base de datos exitosa
[06-Nov-2025 20:34:31 UTC] ATRAPABONO: Conexión a base de datos exitosa
[06-Nov-2025 20:34:31 UTC] ATRAPABONO: Conexión a base de datos exitosa
[06-Nov-2025 20:34:32 UTC] ATRAPABONO: Conexión a base de datos exitosa
[06-Nov-2025 20:34:32 UTC] ATRAPABONO: Conexión a base de datos exitosa
[06-Nov-2025 20:34:49 UTC] ATRAPABONO: Conexión a base de datos exitosa
[06-Nov-2025 20:34:49 UTC] ATRAPABONO: Conexión a base de datos exitosa
[06-Nov-2025 20:34:49 UTC] ATRAPABONO: Conexión a base de datos exitosa
[06-Nov-2025 20:34:49 UTC] ATRAPABONO: Conexión a base de datos exitosa
[06-Nov-2025 20:34:49 UTC] ATRAPABONO: Conexión a base de datos exitosa
[06-Nov-2025 20:36:16 UTC] ATRAPABONO: Conexión a base de datos exitosa
[06-Nov-2025 20:36:16 UTC] ATRAPABONO: Conexión a base de datos exitosa
[06-Nov-2025 20:36:16 UTC] ATRAPABONO: Conexión a base de datos exitosa
[06-Nov-2025 20:36:16 UTC] ATRAPABONO: Conexión a base de datos exitosa
[06-Nov-2025 20:36:16 UTC] ATRAPABONO: Conexión a base de datos exitosa
[06-Nov-2025 20:36:33 UTC] ATRAPABONO: Conexión a base de datos exitosa
[06-Nov-2025 20:36:33 UTC] ATRAPABONO: Conexión a base de datos exitosa
[06-Nov-2025 20:36:33 UTC] ATRAPABONO: Conexión a base de datos exitosa
[06-Nov-2025 20:36:33 UTC] ATRAPABONO: Conexión a base de datos exitosa
[06-Nov-2025 20:36:33 UTC] ATRAPABONO: Conexión a base de datos exitosa
[06-Nov-2025 20:38:47 UTC] ATRAPABONO: Conexión a base de datos exitosa
[06-Nov-2025 20:38:54 UTC] ATRAPABONO: Conexión a base de datos exitosa
[06-Nov-2025 20:38:54 UTC] ATRAPABONO: Conexión a base de datos exitosa
[06-Nov-2025 20:38:55 UTC] ATRAPABONO: Conexión a base de datos exitosa
[06-Nov-2025 20:38:56 UTC] ATRAPABONO: Conexión a base de datos exitosa
[06-Nov-2025 20:43:20 UTC] ATRAPABONO: Conexión a base de datos exitosa
[06-Nov-2025 20:43:20 UTC] ATRAPABONO: Conexión a base de datos exitosa
[06-Nov-2025 20:43:22 UTC] ATRAPABONO: Conexión a base de datos exitosa
[06-Nov-2025 20:44:17 UTC] ATRAPABONO: Conexión a base de datos exitosa
[06-Nov-2025 20:44:17 UTC] ATRAPABONO: Conexión a base de datos exitosa
[06-Nov-2025 20:44:18 UTC] ATRAPABONO: Conexión a base de datos exitosa
[06-Nov-2025 20:44:59 UTC] ATRAPABONO: Conexión a base de datos exitosa
[06-Nov-2025 20:44:59 UTC] ATRAPABONO: Conexión a base de datos exitosa
[06-Nov-2025 20:45:01 UTC] ATRAPABONO: Conexión a base de datos exitosa
[06-Nov-2025 20:50:27 UTC] ATRAPABONO: Conexión a base de datos exitosa
[06-Nov-2025 20:50:27 UTC] ATRAPABONO: Conexión a base de datos exitosa
[06-Nov-2025 20:50:29 UTC] ATRAPABONO: Conexión a base de datos exitosa
[06-Nov-2025 20:51:21 UTC] ATRAPABONO: Conexión a base de datos exitosa
[06-Nov-2025 20:51:21 UTC] ATRAPABONO: Conexión a base de datos exitosa
[06-Nov-2025 20:51:22 UTC] ATRAPABONO: Conexión a base de datos exitosa
[06-Nov-2025 20:51:36 UTC] ATRAPABONO: Conexión a base de datos exitosa
[06-Nov-2025 20:51:36 UTC] ATRAPABONO: Conexión a base de datos exitosa
[06-Nov-2025 20:51:37 UTC] ATRAPABONO: Conexión a base de datos exitosa
[06-Nov-2025 20:51:38 UTC] ATRAPABONO: Conexión a base de datos exitosa
[06-Nov-2025 20:51:39 UTC] ATRAPABONO: Conexión a base de datos exitosa
[06-Nov-2025 20:51:40 UTC] ATRAPABONO: Conexión a base de datos exitosa
[06-Nov-2025 20:51:40 UTC] ATRAPABONO: Conexión a base de datos exitosa
[06-Nov-2025 20:51:42 UTC] ATRAPABONO: Conexión a base de datos exitosa
[06-Nov-2025 20:51:46 UTC] ATRAPABONO: Conexión a base de datos exitosa
[06-Nov-2025 20:51:48 UTC] ATRAPABONO: Conexión a base de datos exitosa
[06-Nov-2025 20:52:04 UTC] ATRAPABONO: Conexión a base de datos exitosa
[06-Nov-2025 20:52:05 UTC] ATRAPABONO: Conexión a base de datos exitosa
[06-Nov-2025 20:52:06 UTC] ATRAPABONO: Conexión a base de datos exitosa
[06-Nov-2025 20:52:46 UTC] ATRAPABONO: Conexión a base de datos exitosa
[06-Nov-2025 20:52:46 UTC] ATRAPABONO: Conexión a base de datos exitosa
[06-Nov-2025 20:52:48 UTC] ATRAPABONO: Conexión a base de datos exitosa
[06-Nov-2025 20:54:14 UTC] ATRAPABONO: Conexión a base de datos exitosa
[06-Nov-2025 20:54:14 UTC] ATRAPABONO: Conexión a base de datos exitosa
[06-Nov-2025 20:54:16 UTC] ATRAPABONO: Conexión a base de datos exitosa
[06-Nov-2025 20:54:25 UTC] ATRAPABONO: Conexión a base de datos exitosa
[06-Nov-2025 20:54:25 UTC] ATRAPABONO: Conexión a base de datos exitosa
[06-Nov-2025 20:54:26 UTC] ATRAPABONO: Conexión a base de datos exitosa
[06-Nov-2025 20:56:43 UTC] ATRAPABONO: Conexión a base de datos exitosa
[06-Nov-2025 20:56:43 UTC] ATRAPABONO: Conexión a base de datos exitosa
[06-Nov-2025 20:56:45 UTC] ATRAPABONO: Conexión a base de datos exitosa
[06-Nov-2025 20:57:00 UTC] ATRAPABONO: Conexión a base de datos exitosa
[06-Nov-2025 20:57:01 UTC] ATRAPABONO: Conexión a base de datos exitosa
[06-Nov-2025 20:57:02 UTC] ATRAPABONO: Conexión a base de datos exitosa
[06-Nov-2025 20:57:40 UTC] ATRAPABONO: Conexión a base de datos exitosa
[06-Nov-2025 20:57:40 UTC] ATRAPABONO: Conexión a base de datos exitosa
[06-Nov-2025 20:57:41 UTC] ATRAPABONO: Conexión a base de datos exitosa
[06-Nov-2025 20:57:47 UTC] ATRAPABONO: Conexión a base de datos exitosa
[06-Nov-2025 20:57:47 UTC] ATRAPABONO: Conexión a base de datos exitosa
[06-Nov-2025 20:57:48 UTC] ATRAPABONO: Conexión a base de datos exitosa
[06-Nov-2025 20:58:13 UTC] ATRAPABONO: Conexión a base de datos exitosa
[06-Nov-2025 20:58:13 UTC] ATRAPABONO: Conexión a base de datos exitosa
[06-Nov-2025 20:58:15 UTC] ATRAPABONO: Conexión a base de datos exitosa
[06-Nov-2025 21:00:12 UTC] ATRAPABONO: Conexión a base de datos exitosa
[06-Nov-2025 21:00:12 UTC] ATRAPABONO: Conexión a base de datos exitosa
[06-Nov-2025 21:00:13 UTC] ATRAPABONO: Conexión a base de datos exitosa
[07-Nov-2025 00:36:25 UTC] ATRAPABONO: Conexión a base de datos exitosa
[07-Nov-2025 00:36:25 UTC] ATRAPABONO: Conexión a base de datos exitosa
[07-Nov-2025 00:36:27 UTC] ATRAPABONO: Conexión a base de datos exitosa
[07-Nov-2025 00:37:06 UTC] ATRAPABONO: Conexión a base de datos exitosa
[07-Nov-2025 00:37:07 UTC] ATRAPABONO: Conexión a base de datos exitosa
[07-Nov-2025 00:37:07 UTC] ATRAPABONO: Conexión a base de datos exitosa
[07-Nov-2025 00:37:07 UTC] ATRAPABONO: Conexión a base de datos exitosa
[07-Nov-2025 00:37:07 UTC] ATRAPABONO: Conexión a base de datos exitosa
[07-Nov-2025 00:37:07 UTC] ATRAPABONO: Conexión a base de datos exitosa
[07-Nov-2025 00:39:17 UTC] ATRAPABONO: Conexión a base de datos exitosa
[07-Nov-2025 00:39:21 UTC] ATRAPABONO: Conexión a base de datos exitosa
[07-Nov-2025 00:39:21 UTC] ATRAPABONO: Conexión a base de datos exitosa
[07-Nov-2025 00:39:21 UTC] ATRAPABONO: Conexión a base de datos exitosa
[07-Nov-2025 00:39:22 UTC] ATRAPABONO: Conexión a base de datos exitosa
[07-Nov-2025 00:40:15 UTC] ATRAPABONO: Conexión a base de datos exitosa
[07-Nov-2025 00:40:15 UTC] ATRAPABONO: Conexión a base de datos exitosa
[07-Nov-2025 00:40:15 UTC] ATRAPABONO: Conexión a base de datos exitosa
[07-Nov-2025 00:40:17 UTC] ATRAPABONO: Conexión a base de datos exitosa
[07-Nov-2025 00:40:28 UTC] ATRAPABONO: Conexión a base de datos exitosa
[07-Nov-2025 00:40:28 UTC] ATRAPABONO: Conexión a base de datos exitosa
[07-Nov-2025 00:40:28 UTC] ATRAPABONO: Conexión a base de datos exitosa
[07-Nov-2025 00:40:29 UTC] ATRAPABONO: Conexión a base de datos exitosa
[07-Nov-2025 00:40:46 UTC] ATRAPABONO: Conexión a base de datos exitosa
[07-Nov-2025 00:40:47 UTC] ATRAPABONO: Conexión a base de datos exitosa
[07-Nov-2025 00:40:47 UTC] ATRAPABONO: Conexión a base de datos exitosa
[07-Nov-2025 00:40:48 UTC] ATRAPABONO: Conexión a base de datos exitosa
[07-Nov-2025 00:41:49 UTC] ATRAPABONO: Conexión a base de datos exitosa
[07-Nov-2025 15:01:22 UTC] ATRAPABONO: Conexión a base de datos exitosa
[07-Nov-2025 15:01:42 UTC] ATRAPABONO: Conexión a base de datos exitosa
[07-Nov-2025 15:01:42 UTC] ATRAPABONO: Conexión a base de datos exitosa
[07-Nov-2025 15:01:42 UTC] ATRAPABONO: Conexión a base de datos exitosa
[07-Nov-2025 15:01:42 UTC] ATRAPABONO: Conexión a base de datos exitosa
[07-Nov-2025 15:01:42 UTC] ATRAPABONO: Conexión a base de datos exitosa
[07-Nov-2025 15:01:42 UTC] ATRAPABONO: Conexión a base de datos exitosa
[07-Nov-2025 15:01:46 UTC] ATRAPABONO: Conexión a base de datos exitosa
[07-Nov-2025 15:01:47 UTC] ATRAPABONO: Conexión a base de datos exitosa
[07-Nov-2025 15:01:51 UTC] ATRAPABONO: Conexión a base de datos exitosa
[07-Nov-2025 15:01:52 UTC] ATRAPABONO: Conexión a base de datos exitosa
[07-Nov-2025 15:01:52 UTC] ATRAPABONO: Conexión a base de datos exitosa
[07-Nov-2025 15:02:11 UTC] ATRAPABONO: Conexión a base de datos exitosa
[07-Nov-2025 15:02:11 UTC] ATRAPABONO: Conexión a base de datos exitosa
[07-Nov-2025 15:02:11 UTC] ATRAPABONO: Conexión a base de datos exitosa
[07-Nov-2025 15:02:11 UTC] ATRAPABONO: Conexión a base de datos exitosa
[07-Nov-2025 15:02:12 UTC] ATRAPABONO: Conexión a base de datos exitosa
[07-Nov-2025 15:02:12 UTC] ATRAPABONO: Conexión a base de datos exitosa
[07-Nov-2025 15:02:12 UTC] ATRAPABONO: Conexión a base de datos exitosa
[07-Nov-2025 15:02:12 UTC] ATRAPABONO: Conexión a base de datos exitosa
[07-Nov-2025 15:02:13 UTC] ATRAPABONO: Conexión a base de datos exitosa
[07-Nov-2025 15:02:13 UTC] ATRAPABONO: Conexión a base de datos exitosa
[07-Nov-2025 15:02:13 UTC] ATRAPABONO: Conexión a base de datos exitosa
[07-Nov-2025 15:02:13 UTC] ATRAPABONO: Conexión a base de datos exitosa
[07-Nov-2025 15:02:13 UTC] ATRAPABONO: Conexión a base de datos exitosa
[07-Nov-2025 15:02:13 UTC] ATRAPABONO: Conexión a base de datos exitosa
[07-Nov-2025 15:02:13 UTC] ATRAPABONO: Conexión a base de datos exitosa
[07-Nov-2025 15:02:13 UTC] ATRAPABONO: Conexión a base de datos exitosa
[07-Nov-2025 15:02:15 UTC] ATRAPABONO: Conexión a base de datos exitosa
[07-Nov-2025 15:02:15 UTC] ATRAPABONO: Conexión a base de datos exitosa
[07-Nov-2025 15:02:16 UTC] ATRAPABONO: Conexión a base de datos exitosa
[07-Nov-2025 15:02:39 UTC] ATRAPABONO: Conexión a base de datos exitosa
[07-Nov-2025 15:03:25 UTC] ATRAPABONO: Conexión a base de datos exitosa
[07-Nov-2025 15:04:10 UTC] ATRAPABONO: Conexión a base de datos exitosa
[07-Nov-2025 15:04:25 UTC] ATRAPABONO: Conexión a base de datos exitosa
[07-Nov-2025 15:04:28 UTC] ATRAPABONO: Conexión a base de datos exitosa
[07-Nov-2025 15:04:28 UTC] ATRAPABONO: Conexión a base de datos exitosa
[07-Nov-2025 15:04:28 UTC] ATRAPABONO: Conexión a base de datos exitosa
[07-Nov-2025 15:04:31 UTC] ATRAPABONO: Conexión a base de datos exitosa
[07-Nov-2025 15:06:55 UTC] ATRAPABONO: Conexión a base de datos exitosa
[07-Nov-2025 15:06:55 UTC] ATRAPABONO: Conexión a base de datos exitosa
[07-Nov-2025 15:06:56 UTC] ATRAPABONO: Conexión a base de datos exitosa
[07-Nov-2025 15:11:11 UTC] ATRAPABONO: Conexión a base de datos exitosa
[07-Nov-2025 15:11:11 UTC] ATRAPABONO: Conexión a base de datos exitosa
[07-Nov-2025 15:11:12 UTC] ATRAPABONO: Conexión a base de datos exitosa
[07-Nov-2025 15:11:29 UTC] ATRAPABONO: Conexión a base de datos exitosa
[07-Nov-2025 15:11:29 UTC] ATRAPABONO: Conexión a base de datos exitosa
[07-Nov-2025 15:11:30 UTC] ATRAPABONO: Conexión a base de datos exitosa
[07-Nov-2025 15:12:25 UTC] ATRAPABONO: Conexión a base de datos exitosa
[07-Nov-2025 15:12:25 UTC] ATRAPABONO: Conexión a base de datos exitosa
[07-Nov-2025 15:12:26 UTC] ATRAPABONO: Conexión a base de datos exitosa
[07-Nov-2025 15:12:44 UTC] ATRAPABONO: Conexión a base de datos exitosa
[07-Nov-2025 15:13:32 UTC] ATRAPABONO: Conexión a base de datos exitosa
[07-Nov-2025 15:13:32 UTC] ATRAPABONO: Conexión a base de datos exitosa
[07-Nov-2025 15:13:32 UTC] ATRAPABONO: Conexión a base de datos exitosa
[07-Nov-2025 15:13:33 UTC] ATRAPABONO: Conexión a base de datos exitosa
[07-Nov-2025 15:13:37 UTC] ATRAPABONO: Conexión a base de datos exitosa
[07-Nov-2025 15:13:44 UTC] ATRAPABONO: Conexión a base de datos exitosa
[07-Nov-2025 15:13:44 UTC] ATRAPABONO: Conexión a base de datos exitosa
[07-Nov-2025 15:13:44 UTC] ATRAPABONO: Conexión a base de datos exitosa
[07-Nov-2025 15:13:44 UTC] ATRAPABONO: Conexión a base de datos exitosa
[07-Nov-2025 15:13:44 UTC] ATRAPABONO: Conexión a base de datos exitosa
[07-Nov-2025 15:13:44 UTC] ATRAPABONO: Conexión a base de datos exitosa
[07-Nov-2025 15:13:50 UTC] ATRAPABONO: Conexión a base de datos exitosa
[07-Nov-2025 15:13:50 UTC] ATRAPABONO: Conexión a base de datos exitosa
[07-Nov-2025 15:13:50 UTC] ATRAPABONO: Conexión a base de datos exitosa
[07-Nov-2025 15:13:50 UTC] ATRAPABONO: Conexión a base de datos exitosa
[07-Nov-2025 15:13:53 UTC] ATRAPABONO: Conexión a base de datos exitosa
[07-Nov-2025 15:13:57 UTC] ATRAPABONO: Conexión a base de datos exitosa
[07-Nov-2025 15:13:57 UTC] ATRAPABONO: Conexión a base de datos exitosa
[07-Nov-2025 15:13:57 UTC] ATRAPABONO: Conexión a base de datos exitosa
[07-Nov-2025 15:13:58 UTC] ATRAPABONO: Conexión a base de datos exitosa
[07-Nov-2025 15:14:08 UTC] ATRAPABONO: Conexión a base de datos exitosa
[07-Nov-2025 15:14:08 UTC] ATRAPABONO: Conexión a base de datos exitosa
[07-Nov-2025 15:14:09 UTC] ATRAPABONO: Conexión a base de datos exitosa
[07-Nov-2025 15:14:21 UTC] ATRAPABONO: Conexión a base de datos exitosa
[07-Nov-2025 15:14:21 UTC] ATRAPABONO: Conexión a base de datos exitosa
[07-Nov-2025 15:14:22 UTC] ATRAPABONO: Conexión a base de datos exitosa
[07-Nov-2025 15:14:32 UTC] ATRAPABONO: Conexión a base de datos exitosa
[07-Nov-2025 15:14:32 UTC] ATRAPABONO: Conexión a base de datos exitosa
[07-Nov-2025 15:14:33 UTC] ATRAPABONO: Conexión a base de datos exitosa
[07-Nov-2025 15:15:19 UTC] ATRAPABONO: Conexión a base de datos exitosa
[07-Nov-2025 15:15:19 UTC] ATRAPABONO: Conexión a base de datos exitosa
[07-Nov-2025 15:15:20 UTC] ATRAPABONO: Conexión a base de datos exitosa
[07-Nov-2025 15:16:08 UTC] ATRAPABONO: Conexión a base de datos exitosa
[07-Nov-2025 15:16:49 UTC] ATRAPABONO: Conexión a base de datos exitosa
[07-Nov-2025 15:16:49 UTC] ATRAPABONO: Conexión a base de datos exitosa
[07-Nov-2025 15:16:49 UTC] ATRAPABONO: Conexión a base de datos exitosa
[07-Nov-2025 15:16:51 UTC] ATRAPABONO: Conexión a base de datos exitosa
[07-Nov-2025 15:17:21 UTC] ATRAPABONO: Conexión a base de datos exitosa
[07-Nov-2025 15:17:21 UTC] ATRAPABONO: Conexión a base de datos exitosa
[07-Nov-2025 15:17:22 UTC] ATRAPABONO: Conexión a base de datos exitosa
[07-Nov-2025 15:17:30 UTC] ATRAPABONO: Conexión a base de datos exitosa
[07-Nov-2025 15:17:31 UTC] ATRAPABONO: Conexión a base de datos exitosa
[07-Nov-2025 15:17:32 UTC] ATRAPABONO: Conexión a base de datos exitosa
[07-Nov-2025 15:17:47 UTC] ATRAPABONO: Conexión a base de datos exitosa
